cross1,cross2,rel
AUDNZD,AUDUSD,0.551064726538462
AUDJPY,AUDUSD,0.28336676499415
AUDGBP,AUDUSD,0.876646390628513
AUDEUR,AUDUSD,0.880185067580079
AUDCHF,AUDUSD,0.257038713295518
AUDCAD,AUDUSD,0.891710726962825
CADUSD,AUDUSD,0.886567549237644
CADNZD,AUDUSD,-0.3744764748941
CADJPY,AUDUSD,-0.266714565987346
CADGBP,AUDUSD,0.726615655256378
CADEUR,AUDUSD,0.603102981751593
CADCHF,AUDUSD,-0.47593633401692
CHFUSD,AUDUSD,0.845488398396474
CHFNZD,AUDUSD,0.148828901949943
CHFJPY,AUDUSD,0.153762640718453
CHFGBP,AUDUSD,0.715026401058729
CHFEUR,AUDUSD,0.745396557594464
EURUSD,AUDUSD,0.348154040522957
EURNZD,AUDUSD,-0.639325437890139
EURJPY,AUDUSD,-0.482565878316782
EURGBP,AUDUSD,0.477293855310135
GBPUSD,AUDUSD,-0.294857111435597
GBPNZD,AUDUSD,-0.821795881956999
GBPJPY,AUDUSD,-0.547460674641832
JPYUSD,AUDUSD,0.700318109570361
JPYNZD,AUDUSD,-0.0159715195034882
NZDUSD,AUDUSD,0.843418247863137
YAHOO.INDEX_GDAXI,AUDUSD,0.539928676850063
YAHOO.INDEX_FTSE,AUDUSD,0.429211415205203
YAHOO.INDEX_AORD,AUDUSD,0.117142449532016
NIKKEI.INDEX,AUDUSD,-0.317338517171537
YAHOO.INDEX_GSPTSE,AUDUSD,0.563036475802768
OFDP.SILVER_5,AUDUSD,0.895567165792474
WGC.GOLD_DAILY_USD,AUDUSD,0.868350487689987
WSJ.COPPER,AUDUSD,0.846202696297788
WSJ.CORN_2,AUDUSD,0.775452479274594
WSJ.PL_MKT,AUDUSD,0.730742133054067
OFDP.FUTURE_B1,AUDUSD,0.864905267408578
FED.JRXWTFB_N_B,AUDUSD,-0.616646316969669
AUDUSD,AUDNZD,0.551064726538462
AUDJPY,AUDNZD,-0.348950541750004
AUDGBP,AUDNZD,0.659038186161546
AUDEUR,AUDNZD,0.465910437022493
AUDCHF,AUDNZD,0.138828511782876
AUDCAD,AUDNZD,0.363555014146088
CADUSD,AUDNZD,0.59024403753385
CADNZD,AUDNZD,0.496545562039471
CADJPY,AUDNZD,-0.527642716810076
CADGBP,AUDNZD,0.719062632753122
CADEUR,AUDNZD,0.404746356468491
CADCHF,AUDNZD,-0.18488387214671
CHFUSD,AUDNZD,0.427890335426579
CHFNZD,AUDNZD,0.598016834633674
CHFJPY,AUDNZD,-0.498381728769353
CHFGBP,AUDNZD,0.534960118789991
CHFEUR,AUDNZD,0.354896891569838
EURUSD,AUDNZD,0.231660758376033
EURNZD,AUDNZD,0.129318566314667
EURJPY,AUDNZD,-0.610068091747959
EURGBP,AUDNZD,0.634653438476341
GBPUSD,AUDNZD,-0.508105089881861
GBPNZD,AUDNZD,-0.354140555827114
GBPJPY,AUDNZD,-0.683009350106004
JPYUSD,AUDNZD,0.768305704307893
JPYNZD,AUDNZD,0.683387082403404
NZDUSD,AUDNZD,0.0190680638310884
YAHOO.INDEX_GDAXI,AUDNZD,-0.128917647280988
YAHOO.INDEX_FTSE,AUDNZD,-0.251261400421447
YAHOO.INDEX_AORD,AUDNZD,-0.336109415317299
NIKKEI.INDEX,AUDNZD,-0.672035474768369
YAHOO.INDEX_GSPTSE,AUDNZD,0.000261726759082111
OFDP.SILVER_5,AUDNZD,0.660952497460996
WGC.GOLD_DAILY_USD,AUDNZD,0.630145277923661
WSJ.COPPER,AUDNZD,0.273734420531274
WSJ.CORN_2,AUDNZD,0.432090875580257
WSJ.PL_MKT,AUDNZD,0.297760081107093
OFDP.FUTURE_B1,AUDNZD,0.383172486168606
FED.JRXWTFB_N_B,AUDNZD,-0.633810854273956
AUDUSD,AUDJPY,0.28336676499415
AUDNZD,AUDJPY,-0.348950541750004
AUDGBP,AUDJPY,-0.0939187377140898
AUDEUR,AUDJPY,0.149980132613427
AUDCHF,AUDJPY,0.491523531306849
AUDCAD,AUDJPY,0.196556246380035
CADUSD,AUDJPY,0.345355035492636
CADNZD,AUDJPY,-0.492108207815108
CADJPY,AUDJPY,0.803091004891327
CADGBP,AUDJPY,-0.251466873664368
CADEUR,AUDJPY,0.0917648020053249
CADCHF,AUDJPY,0.240211362442796
CHFUSD,AUDJPY,0.0487584262638169
CHFNZD,AUDJPY,-0.659076026904689
CHFJPY,AUDJPY,0.747477492025358
CHFGBP,AUDJPY,-0.244362381093118
CHFEUR,AUDJPY,-0.0900176036426498
EURUSD,AUDJPY,0.299617167238764
EURNZD,AUDJPY,-0.443652328584721
EURJPY,AUDJPY,0.621387626570171
EURGBP,AUDJPY,-0.407863039029103
GBPUSD,AUDJPY,0.607595357562206
GBPNZD,AUDJPY,-0.0259180269559194
GBPJPY,AUDJPY,0.583435100364756
JPYUSD,AUDJPY,-0.482430147872051
JPYNZD,AUDJPY,-0.907470212302537
NZDUSD,AUDJPY,0.563580241379106
YAHOO.INDEX_GDAXI,AUDJPY,0.666623397304088
YAHOO.INDEX_FTSE,AUDJPY,0.823872732626895
YAHOO.INDEX_AORD,AUDJPY,0.863102091911003
NIKKEI.INDEX,AUDJPY,0.75318772636126
YAHOO.INDEX_GSPTSE,AUDJPY,0.77461742722879
OFDP.SILVER_5,AUDJPY,-0.00434623159428108
WGC.GOLD_DAILY_USD,AUDJPY,-0.0794458974713887
WSJ.COPPER,AUDJPY,0.517412059888374
WSJ.CORN_2,AUDJPY,0.120409729228145
WSJ.PL_MKT,AUDJPY,0.427830874768469
OFDP.FUTURE_B1,AUDJPY,0.396954426708174
FED.JRXWTFB_N_B,AUDJPY,0.0308268467168984
AUDUSD,AUDGBP,0.876646390628513
AUDNZD,AUDGBP,0.659038186161546
AUDJPY,AUDGBP,-0.0939187377140898
AUDEUR,AUDGBP,0.87310416147762
AUDCHF,AUDGBP,-0.019491290577691
AUDCAD,AUDGBP,0.823422411087048
CADUSD,AUDGBP,0.71834375912942
CADNZD,AUDGBP,-0.199633557604074
CADJPY,AUDGBP,-0.58795107258742
CADGBP,AUDGBP,0.946095676480819
CADEUR,AUDGBP,0.647366426887653
CADCHF,AUDGBP,-0.649446967364539
CHFUSD,AUDGBP,0.861748816647046
CHFNZD,AUDGBP,0.451716469345302
CHFJPY,AUDGBP,-0.0859385555067473
CHFGBP,AUDGBP,0.923332721079733
CHFEUR,AUDGBP,0.882143625532436
EURUSD,AUDGBP,0.101489218057767
EURNZD,AUDGBP,-0.531007955468032
EURJPY,AUDGBP,-0.773435486743273
EURGBP,AUDGBP,0.735657807406025
GBPUSD,AUDGBP,-0.71578864614431
GBPNZD,AUDGBP,-0.931279734624514
GBPJPY,AUDGBP,-0.854363839909943
JPYUSD,AUDGBP,0.861703660044127
JPYNZD,AUDGBP,0.342513029304012
NZDUSD,AUDGBP,0.632297089814398
YAHOO.INDEX_GDAXI,AUDGBP,0.376035517793334
YAHOO.INDEX_FTSE,AUDGBP,0.172839142995647
YAHOO.INDEX_AORD,AUDGBP,-0.242407483471261
NIKKEI.INDEX,AUDGBP,-0.574236411018998
YAHOO.INDEX_GSPTSE,AUDGBP,0.253501476474645
OFDP.SILVER_5,AUDGBP,0.891447575431598
WGC.GOLD_DAILY_USD,AUDGBP,0.955358631499515
WSJ.COPPER,AUDGBP,0.513458914879955
WSJ.CORN_2,AUDGBP,0.716636586977045
WSJ.PL_MKT,AUDGBP,0.430816694552929
OFDP.FUTURE_B1,AUDGBP,0.712139254325267
FED.JRXWTFB_N_B,AUDGBP,-0.706347094814785
AUDUSD,AUDEUR,0.880185067580079
AUDNZD,AUDEUR,0.465910437022493
AUDJPY,AUDEUR,0.149980132613427
AUDGBP,AUDEUR,0.87310416147762
AUDCHF,AUDEUR,0.304384177712408
AUDCAD,AUDEUR,0.851023485604122
CADUSD,AUDEUR,0.704835131590224
CADNZD,AUDEUR,-0.403624527574979
CADJPY,AUDEUR,-0.357422567849376
CADGBP,AUDEUR,0.73755318735672
CADEUR,AUDEUR,0.845383340718164
CADCHF,AUDEUR,-0.406361621269243
CHFUSD,AUDEUR,0.698462074342872
CHFNZD,AUDEUR,0.0506904300470196
CHFJPY,AUDEUR,-0.0181514957508222
CHFGBP,AUDEUR,0.686872152406354
CHFEUR,AUDEUR,0.828393482844181
EURUSD,AUDEUR,-0.1362588985897
EURNZD,AUDEUR,-0.808546967009058
EURJPY,AUDEUR,-0.676687256510099
EURGBP,AUDEUR,0.313902545748894
GBPUSD,AUDEUR,-0.437801492809285
GBPNZD,AUDEUR,-0.833109357419097
GBPJPY,AUDEUR,-0.591631635385612
JPYUSD,AUDEUR,0.686739755352236
JPYNZD,AUDEUR,0.033094535669002
NZDUSD,AUDEUR,0.745773242398354
YAHOO.INDEX_GDAXI,AUDEUR,0.441571044027793
YAHOO.INDEX_FTSE,AUDEUR,0.39907097591514
YAHOO.INDEX_AORD,AUDEUR,-0.0516305699655446
NIKKEI.INDEX,AUDEUR,-0.322044085018284
YAHOO.INDEX_GSPTSE,AUDEUR,0.370040485358553
OFDP.SILVER_5,AUDEUR,0.82803858550602
WGC.GOLD_DAILY_USD,AUDEUR,0.829299903274524
WSJ.COPPER,AUDEUR,0.662784991373012
WSJ.CORN_2,AUDEUR,0.752641532227441
WSJ.PL_MKT,AUDEUR,0.48764161184763
OFDP.FUTURE_B1,AUDEUR,0.69302790427916
FED.JRXWTFB_N_B,AUDEUR,-0.628022051279778
AUDUSD,AUDCHF,0.257038713295518
AUDNZD,AUDCHF,0.138828511782876
AUDJPY,AUDCHF,0.491523531306849
AUDGBP,AUDCHF,-0.019491290577691
AUDEUR,AUDCHF,0.304384177712408
AUDCAD,AUDCHF,0.120824049376117
CADUSD,AUDCHF,0.35823242682649
CADNZD,AUDCHF,-0.0374256326091636
CADJPY,AUDCHF,0.412578319935618
CADGBP,AUDCHF,-0.112583307794067
CADEUR,AUDCHF,0.416136069497458
CADCHF,AUDCHF,0.659324195916334
CHFUSD,AUDCHF,-0.294095282728083
CHFNZD,AUDCHF,-0.704883655127621
CHFJPY,AUDCHF,-0.205942617402394
CHFGBP,AUDCHF,-0.397692267704799
CHFEUR,AUDCHF,-0.276944119260429
EURUSD,AUDCHF,-0.0411042932142852
EURNZD,AUDCHF,-0.30728818681354
EURJPY,AUDCHF,0.159131018856496
EURGBP,AUDCHF,-0.465179516363584
GBPUSD,AUDCHF,0.454865689442459
GBPNZD,AUDCHF,0.114073604983299
GBPJPY,AUDCHF,0.334340576610683
JPYUSD,AUDCHF,-0.116950659005059
JPYNZD,AUDCHF,-0.351393763023586
NZDUSD,AUDCHF,0.19074908627763
YAHOO.INDEX_GDAXI,AUDCHF,0.0015465494407928
YAHOO.INDEX_FTSE,AUDCHF,0.305857341886516
YAHOO.INDEX_AORD,AUDCHF,0.426344853138762
NIKKEI.INDEX,AUDCHF,0.243622362002512
YAHOO.INDEX_GSPTSE,AUDCHF,0.298580962486967
OFDP.SILVER_5,AUDCHF,0.0238747907467955
WGC.GOLD_DAILY_USD,AUDCHF,-0.11077745315797
WSJ.COPPER,AUDCHF,0.586249476239468
WSJ.CORN_2,AUDCHF,0.223456125291346
WSJ.PL_MKT,AUDCHF,0.488513822456221
OFDP.FUTURE_B1,AUDCHF,0.0676241556607039
FED.JRXWTFB_N_B,AUDCHF,-0.672918360457409
AUDUSD,AUDCAD,0.891710726962825
AUDNZD,AUDCAD,0.363555014146088
AUDJPY,AUDCAD,0.196556246380035
AUDGBP,AUDCAD,0.823422411087048
AUDEUR,AUDCAD,0.851023485604122
AUDCHF,AUDCAD,0.120824049376117
CADUSD,AUDCAD,0.583560604989817
CADNZD,AUDCAD,-0.62514923123887
CADJPY,AUDCAD,-0.422215727834798
CADGBP,AUDCAD,0.594505497926565
CADEUR,AUDCAD,0.441338334752666
CADCHF,AUDCAD,-0.664265556060467
CHFUSD,AUDCAD,0.815343761543275
CHFNZD,AUDCAD,0.118033939108411
CHFJPY,AUDCAD,0.16865818792211
CHFGBP,AUDCAD,0.714373845968805
CHFEUR,AUDCAD,0.793117202247146
EURUSD,AUDCAD,0.176900110791651
EURNZD,AUDCAD,-0.713927772204783
EURJPY,AUDCAD,-0.531807957371222
EURGBP,AUDCAD,0.418581376474169
GBPUSD,AUDCAD,-0.345279017173676
GBPNZD,AUDCAD,-0.840578734721447
GBPJPY,AUDCAD,-0.553844821044031
JPYUSD,AUDCAD,0.65882333735388
JPYNZD,AUDCAD,-0.039155831006804
NZDUSD,AUDCAD,0.83424500200559
YAHOO.INDEX_GDAXI,AUDCAD,0.449411861906254
YAHOO.INDEX_FTSE,AUDCAD,0.345103248970309
YAHOO.INDEX_AORD,AUDCAD,-0.0601195829749674
NIKKEI.INDEX,AUDCAD,-0.343738770297612
YAHOO.INDEX_GSPTSE,AUDCAD,0.392686150540144
OFDP.SILVER_5,AUDCAD,0.786283849590165
WGC.GOLD_DAILY_USD,AUDCAD,0.78753310050615
WSJ.COPPER,AUDCAD,0.666401764320683
WSJ.CORN_2,AUDCAD,0.742314751685924
WSJ.PL_MKT,AUDCAD,0.558939108756041
OFDP.FUTURE_B1,AUDCAD,0.724003590043664
FED.JRXWTFB_N_B,AUDCAD,0.312294991989242
AUDUSD,CADUSD,0.886567549237644
AUDNZD,CADUSD,0.59024403753385
AUDJPY,CADUSD,0.345355035492636
AUDGBP,CADUSD,0.71834375912942
AUDEUR,CADUSD,0.704835131590224
AUDCHF,CADUSD,0.35823242682649
AUDCAD,CADUSD,0.583560604989817
CADNZD,CADUSD,-0.0626489173380439
CADJPY,CADUSD,-0.0153238506337903
CADGBP,CADUSD,0.676089735441175
CADEUR,CADUSD,0.620676541143292
CADCHF,CADUSD,-0.163533649382373
CHFUSD,CADUSD,0.678743134920704
CHFNZD,CADUSD,0.108282314386548
CHFJPY,CADUSD,0.132239350231045
CHFGBP,CADUSD,0.534382681667728
CHFEUR,CADUSD,0.51290092926119
EURUSD,CADUSD,0.462482825890084
EURNZD,CADUSD,-0.435286875807897
EURJPY,CADUSD,-0.290948438318418
EURGBP,CADUSD,0.408939805166499
GBPUSD,CADUSD,-0.144126996717173
GBPNZD,CADUSD,-0.614413025361995
GBPJPY,CADUSD,-0.387787989680789
JPYUSD,CADUSD,0.558563359313146
JPYNZD,CADUSD,-0.0316843230731736
NZDUSD,CADUSD,0.68335967210648
YAHOO.INDEX_GDAXI,CADUSD,0.531706321796757
YAHOO.INDEX_FTSE,CADUSD,0.444871067947865
YAHOO.INDEX_AORD,CADUSD,0.309171457425193
NIKKEI.INDEX,CADUSD,-0.188746770782334
YAHOO.INDEX_GSPTSE,CADUSD,0.635099353600414
OFDP.SILVER_5,CADUSD,0.783828774947588
WGC.GOLD_DAILY_USD,CADUSD,0.737678383778509
WSJ.COPPER,CADUSD,0.879095622531739
WSJ.CORN_2,CADUSD,0.600579519737669
WSJ.PL_MKT,CADUSD,0.780726272357408
OFDP.FUTURE_B1,CADUSD,0.816024384506556
FED.JRXWTFB_N_B,CADUSD,-0.82716693896594
AUDUSD,CADNZD,-0.3744764748941
AUDNZD,CADNZD,0.496545562039471
AUDJPY,CADNZD,-0.492108207815108
AUDGBP,CADNZD,-0.199633557604074
AUDEUR,CADNZD,-0.403624527574979
AUDCHF,CADNZD,-0.0374256326091636
AUDCAD,CADNZD,-0.62514923123887
CADUSD,CADNZD,-0.0626489173380439
CADJPY,CADNZD,-0.0666190520682308
CADGBP,CADNZD,0.0595981693461936
CADEUR,CADNZD,-0.0778566491952146
CADCHF,CADNZD,0.432774068964043
CHFUSD,CADNZD,-0.384887032083248
CHFNZD,CADNZD,0.423183141153803
CHFJPY,CADNZD,-0.562787480765004
CHFGBP,CADNZD,-0.195171627247415
CHFEUR,CADNZD,-0.419466613401789
EURUSD,CADNZD,0.0194193213359745
EURNZD,CADNZD,0.779978180200491
EURJPY,CADNZD,-0.028498769901827
EURGBP,CADNZD,0.159127537620909
GBPUSD,CADNZD,-0.128069497077174
GBPNZD,CADNZD,0.478246426615499
GBPJPY,CADNZD,-0.0734051581642417
JPYUSD,CADNZD,0.0367882506340332
JPYNZD,CADNZD,0.625032090096655
NZDUSD,CADNZD,-0.764425741874649
YAHOO.INDEX_GDAXI,CADNZD,-0.517386204134524
YAHOO.INDEX_FTSE,CADNZD,-0.539024864443159
YAHOO.INDEX_AORD,CADNZD,-0.242207576881349
NIKKEI.INDEX,CADNZD,-0.250995052092888
YAHOO.INDEX_GSPTSE,CADNZD,-0.376221754691401
OFDP.SILVER_5,CADNZD,-0.173795916009303
WGC.GOLD_DAILY_USD,CADNZD,-0.190236102609803
WSJ.COPPER,CADNZD,-0.433209983928684
WSJ.CORN_2,CADNZD,-0.347934614817177
WSJ.PL_MKT,CADNZD,-0.312699815856557
OFDP.FUTURE_B1,CADNZD,-0.349927402626711
FED.JRXWTFB_N_B,CADNZD,-0.550646671912697
AUDUSD,CADJPY,-0.266714565987346
AUDNZD,CADJPY,-0.527642716810076
AUDJPY,CADJPY,0.803091004891327
AUDGBP,CADJPY,-0.58795107258742
AUDEUR,CADJPY,-0.357422567849376
AUDCHF,CADJPY,0.412578319935618
AUDCAD,CADJPY,-0.422215727834798
CADUSD,CADJPY,-0.0153238506337903
CADNZD,CADJPY,-0.0666190520682308
CADGBP,CADJPY,-0.59169005548574
CADEUR,CADJPY,-0.150484326248745
CADCHF,CADJPY,0.648898235554044
CHFUSD,CADJPY,-0.454299277100578
CHFNZD,CADJPY,-0.696525019254946
CHFJPY,CADJPY,0.564824429769337
CHFGBP,CADJPY,-0.667627886377547
CHFEUR,CADJPY,-0.562455045977959
EURUSD,CADJPY,0.155383306101395
EURNZD,CADJPY,0.0077107489799685
EURJPY,CADJPY,0.882917368405118
EURGBP,CADJPY,-0.651776978973932
GBPUSD,CADJPY,0.783110813950928
GBPNZD,CADJPY,0.490791394502442
GBPJPY,CADJPY,0.877366316992942
JPYUSD,CADJPY,-0.831949314764125
JPYNZD,CADJPY,-0.812407731407105
NZDUSD,CADJPY,0.017920597598461
YAHOO.INDEX_GDAXI,CADJPY,0.333101061302507
YAHOO.INDEX_FTSE,CADJPY,0.557085162969466
YAHOO.INDEX_AORD,CADJPY,0.837671999400412
NIKKEI.INDEX,CADJPY,0.902441063054475
YAHOO.INDEX_GSPTSE,CADJPY,0.481294539375238
OFDP.SILVER_5,CADJPY,-0.464775291808408
WGC.GOLD_DAILY_USD,CADJPY,-0.545262894816876
WSJ.COPPER,CADJPY,0.164005855686053
WSJ.CORN_2,CADJPY,-0.287683723341321
WSJ.PL_MKT,CADJPY,0.120000637907343
OFDP.FUTURE_B1,CADJPY,-0.0699864894035016
FED.JRXWTFB_N_B,CADJPY,-0.468654633999409
AUDUSD,CADGBP,0.726615655256378
AUDNZD,CADGBP,0.719062632753122
AUDJPY,CADGBP,-0.251466873664368
AUDGBP,CADGBP,0.946095676480819
AUDEUR,CADGBP,0.73755318735672
AUDCHF,CADGBP,-0.112583307794067
AUDCAD,CADGBP,0.594505497926565
CADUSD,CADGBP,0.676089735441175
CADNZD,CADGBP,0.0595981693461936
CADJPY,CADGBP,-0.59169005548574
CADEUR,CADGBP,0.644271462180075
CADCHF,CADGBP,-0.558409922419463
CHFUSD,CADGBP,0.758493146009341
CHFNZD,CADGBP,0.581736815294289
CHFJPY,CADGBP,-0.180376128731044
CHFGBP,CADGBP,0.905199736373001
CHFEUR,CADGBP,0.793401602681701
EURUSD,CADGBP,0.0570609316953963
EURNZD,CADGBP,-0.335400291124032
EURJPY,CADGBP,-0.787655740611885
EURGBP,CADGBP,0.819287072103676
GBPUSD,CADGBP,-0.824275846657923
GBPNZD,CADGBP,-0.845245707737893
GBPJPY,CADGBP,-0.899819705323143
JPYUSD,CADGBP,0.843491894189185
JPYNZD,CADGBP,0.490034064292022
NZDUSD,CADGBP,0.418230399154432
YAHOO.INDEX_GDAXI,CADGBP,0.276682771955117
YAHOO.INDEX_FTSE,CADGBP,0.0379068781545052
YAHOO.INDEX_AORD,CADGBP,-0.31397117774553
NIKKEI.INDEX,CADGBP,-0.624419272444777
YAHOO.INDEX_GSPTSE,CADGBP,0.132041831277675
OFDP.SILVER_5,CADGBP,0.80217794894904
WGC.GOLD_DAILY_USD,CADGBP,0.899815468539525
WSJ.COPPER,CADGBP,0.30209118392847
WSJ.CORN_2,CADGBP,0.547833618017927
WSJ.PL_MKT,CADGBP,0.266545524981253
OFDP.FUTURE_B1,CADGBP,0.59166280560482
FED.JRXWTFB_N_B,CADGBP,-0.640334741627153
AUDUSD,CADEUR,0.603102981751593
AUDNZD,CADEUR,0.404746356468491
AUDJPY,CADEUR,0.0917648020053249
AUDGBP,CADEUR,0.647366426887653
AUDEUR,CADEUR,0.845383340718164
AUDCHF,CADEUR,0.416136069497458
AUDCAD,CADEUR,0.441338334752666
CADUSD,CADEUR,0.620676541143292
CADNZD,CADEUR,-0.0778566491952146
CADJPY,CADEUR,-0.150484326248745
CADGBP,CADEUR,0.644271462180075
CADCHF,CADEUR,-0.00600898945417038
CHFUSD,CADEUR,0.363094786616213
CHFNZD,CADEUR,-0.0671403242748261
CHFJPY,CADEUR,-0.174848550657095
CHFGBP,CADEUR,0.434988104441575
CHFEUR,CADEUR,0.603401257190531
EURUSD,CADEUR,-0.406142393513145
EURNZD,CADEUR,-0.679838805637906
EURJPY,CADEUR,-0.592814002801828
EURGBP,CADEUR,0.0916193117554633
GBPUSD,CADEUR,-0.374148291951823
GBPNZD,CADEUR,-0.57183526136828
GBPJPY,CADEUR,-0.424575771234699
JPYUSD,CADEUR,0.481997383421579
JPYNZD,CADEUR,0.0557773111952194
NZDUSD,CADEUR,0.447243537943381
YAHOO.INDEX_GDAXI,CADEUR,0.317382820285716
YAHOO.INDEX_FTSE,CADEUR,0.363507192265091
YAHOO.INDEX_AORD,CADEUR,0.00581006428824915
NIKKEI.INDEX,CADEUR,-0.167321746603632
YAHOO.INDEX_GSPTSE,CADEUR,0.264548093674324
OFDP.SILVER_5,CADEUR,0.60530151187891
WGC.GOLD_DAILY_USD,CADEUR,0.604312908130291
WSJ.COPPER,CADEUR,0.541609421857711
WSJ.CORN_2,CADEUR,0.577913814415505
WSJ.PL_MKT,CADEUR,0.341314891593508
OFDP.FUTURE_B1,CADEUR,0.455546173383777
FED.JRXWTFB_N_B,CADEUR,-0.669121500727026
AUDUSD,CADCHF,-0.47593633401692
AUDNZD,CADCHF,-0.18488387214671
AUDJPY,CADCHF,0.240211362442796
AUDGBP,CADCHF,-0.649446967364539
AUDEUR,CADCHF,-0.406361621269243
AUDCHF,CADCHF,0.659324195916334
AUDCAD,CADCHF,-0.664265556060467
CADUSD,CADCHF,-0.163533649382373
CADNZD,CADCHF,0.432774068964043
CADJPY,CADCHF,0.648898235554044
CADGBP,CADCHF,-0.558409922419463
CADEUR,CADCHF,-0.00600898945417038
CHFUSD,CADCHF,-0.829756326157415
CHFNZD,CADCHF,-0.630209577290001
CHFJPY,CADCHF,-0.25806074149145
CHFGBP,CADCHF,-0.838758860679339
CHFEUR,CADCHF,-0.796841750460969
EURUSD,CADCHF,-0.172485864435662
EURNZD,CADCHF,0.28891099939422
EURJPY,CADCHF,0.529044253403571
EURGBP,CADCHF,-0.681551068013419
GBPUSD,CADCHF,0.613141444601063
GBPNZD,CADCHF,0.718745575700321
GBPJPY,CADCHF,0.682252830562455
JPYUSD,CADCHF,-0.596002470560758
JPYNZD,CADCHF,-0.257612446368352
NZDUSD,CADCHF,-0.472211015461311
YAHOO.INDEX_GDAXI,CADCHF,-0.318532980438334
YAHOO.INDEX_FTSE,CADCHF,-0.00469491033582114
YAHOO.INDEX_AORD,CADCHF,0.385820228631139
NIKKEI.INDEX,CADCHF,0.465585163903057
YAHOO.INDEX_GSPTSE,CADCHF,-0.0509795124192995
OFDP.SILVER_5,CADCHF,-0.569144377593644
WGC.GOLD_DAILY_USD,CADCHF,-0.675284859637145
WSJ.COPPER,CADCHF,0.00959834339405641
WSJ.CORN_2,CADCHF,-0.375529544786583
WSJ.PL_MKT,CADCHF,-0.00370617194715633
OFDP.FUTURE_B1,CADCHF,-0.486016244080412
FED.JRXWTFB_N_B,CADCHF,-0.662718543858272
AUDUSD,CHFUSD,0.845488398396474
AUDNZD,CHFUSD,0.427890335426579
AUDJPY,CHFUSD,0.0487584262638169
AUDGBP,CHFUSD,0.861748816647046
AUDEUR,CHFUSD,0.698462074342872
AUDCHF,CHFUSD,-0.294095282728083
AUDCAD,CHFUSD,0.815343761543275
CADUSD,CHFUSD,0.678743134920704
CADNZD,CHFUSD,-0.384887032083248
CADJPY,CHFUSD,-0.454299277100578
CADGBP,CHFUSD,0.758493146009341
CADEUR,CHFUSD,0.363094786616213
CADCHF,CHFUSD,-0.829756326157415
CHFNZD,CHFUSD,0.503961030579492
CHFJPY,CHFUSD,0.309588324018488
CHFGBP,CHFUSD,0.913889906746221
CHFEUR,CHFUSD,0.888638077740213
EURUSD,CHFUSD,0.370129947513019
EURNZD,CHFUSD,-0.488966647697213
EURJPY,CHFUSD,-0.533726147346485
EURGBP,CHFUSD,0.702352834400255
GBPUSD,CHFUSD,-0.513532559943647
GBPNZD,CHFUSD,-0.875511102451783
GBPJPY,CHFUSD,-0.693041929785996
JPYUSD,CHFUSD,0.726808840474135
JPYNZD,CHFUSD,0.129317627985933
NZDUSD,CHFUSD,0.753362091594536
YAHOO.INDEX_GDAXI,CHFUSD,0.564051852968518
YAHOO.INDEX_FTSE,CHFUSD,0.295316561602587
YAHOO.INDEX_AORD,CHFUSD,-0.0795276463538312
NIKKEI.INDEX,CHFUSD,-0.401829816173118
YAHOO.INDEX_GSPTSE,CHFUSD,0.42730846287746
OFDP.SILVER_5,CHFUSD,0.861626691779449
WGC.GOLD_DAILY_USD,CHFUSD,0.906022922497555
WSJ.COPPER,CHFUSD,0.517821229903114
WSJ.CORN_2,CHFUSD,0.667453120350871
WSJ.PL_MKT,CHFUSD,0.451870569337278
OFDP.FUTURE_B1,CHFUSD,0.821354617349648
FED.JRXWTFB_N_B,CHFUSD,0.35320734985907
AUDUSD,CHFNZD,0.148828901949943
AUDNZD,CHFNZD,0.598016834633674
AUDJPY,CHFNZD,-0.659076026904689
AUDGBP,CHFNZD,0.451716469345302
AUDEUR,CHFNZD,0.0506904300470196
AUDCHF,CHFNZD,-0.704883655127621
AUDCAD,CHFNZD,0.118033939108411
CADUSD,CHFNZD,0.108282314386548
CADNZD,CHFNZD,0.423183141153803
CADJPY,CHFNZD,-0.696525019254946
CADGBP,CHFNZD,0.581736815294289
CADEUR,CHFNZD,-0.0671403242748261
CADCHF,CHFNZD,-0.630209577290001
CHFUSD,CHFNZD,0.503961030579492
CHFJPY,CHFNZD,-0.212400652876762
CHFGBP,CHFNZD,0.6724696255165
CHFEUR,CHFNZD,0.438180203896575
EURUSD,CHFNZD,0.192912025254125
EURNZD,CHFNZD,0.38349420513468
EURJPY,CHFNZD,-0.544354158082343
EURGBP,CHFNZD,0.816186825461214
GBPUSD,CHFNZD,-0.716615542768891
GBPNZD,CHFNZD,-0.304978676040035
GBPJPY,CHFNZD,-0.736043212460369
JPYUSD,CHFNZD,0.622569241832696
JPYNZD,CHFNZD,0.791162417643783
NZDUSD,CHFNZD,-0.182364505159691
YAHOO.INDEX_GDAXI,CHFNZD,-0.120290745699705
YAHOO.INDEX_FTSE,CHFNZD,-0.452799127897069
YAHOO.INDEX_AORD,CHFNZD,-0.582582211465756
NIKKEI.INDEX,CHFNZD,-0.672916035048938
YAHOO.INDEX_GSPTSE,CHFNZD,-0.265467808298996
OFDP.SILVER_5,CHFNZD,0.424926096164137
WGC.GOLD_DAILY_USD,CHFNZD,0.510512018009806
WSJ.COPPER,CHFNZD,-0.419288768289878
WSJ.CORN_2,CHFNZD,0.0577027865252128
WSJ.PL_MKT,CHFNZD,-0.303670642677255
OFDP.FUTURE_B1,CHFNZD,0.18061639347361
FED.JRXWTFB_N_B,CHFNZD,0.0194964861873839
AUDUSD,CHFJPY,0.153762640718453
AUDNZD,CHFJPY,-0.498381728769353
AUDJPY,CHFJPY,0.747477492025358
AUDGBP,CHFJPY,-0.0859385555067473
AUDEUR,CHFJPY,-0.0181514957508222
AUDCHF,CHFJPY,-0.205942617402394
AUDCAD,CHFJPY,0.16865818792211
CADUSD,CHFJPY,0.132239350231045
CADNZD,CHFJPY,-0.562787480765004
CADJPY,CHFJPY,0.564824429769337
CADGBP,CHFJPY,-0.180376128731044
CADEUR,CHFJPY,-0.174848550657095
CADCHF,CHFJPY,-0.25806074149145
CHFUSD,CHFJPY,0.309588324018488
CHFNZD,CHFJPY,-0.212400652876762
CHFGBP,CHFJPY,0.0594506457597146
CHFEUR,CHFJPY,0.154382923908893
EURUSD,CHFJPY,0.344400856219852
EURNZD,CHFJPY,-0.318108697624985
EURJPY,CHFJPY,0.540092936000979
EURGBP,CHFJPY,-0.0975744170965324
GBPUSD,CHFJPY,0.311408423565064
GBPNZD,CHFJPY,-0.161144453491524
GBPJPY,CHFJPY,0.372363845656921
JPYUSD,CHFJPY,-0.425085126352189
JPYNZD,CHFJPY,-0.759914181192644
NZDUSD,CHFJPY,0.525955046956336
YAHOO.INDEX_GDAXI,CHFJPY,0.772045457223995
YAHOO.INDEX_FTSE,CHFJPY,0.718244588108085
YAHOO.INDEX_AORD,CHFJPY,0.639469418067443
NIKKEI.INDEX,CHFJPY,0.649293081147286
YAHOO.INDEX_GSPTSE,CHFJPY,0.662995726611227
OFDP.SILVER_5,CHFJPY,0.00213542342524656
WGC.GOLD_DAILY_USD,CHFJPY,0.0259352449862603
WSJ.COPPER,CHFJPY,0.170487855420636
WSJ.CORN_2,CHFJPY,-0.0142100602370544
WSJ.PL_MKT,CHFJPY,0.133854614219955
OFDP.FUTURE_B1,CHFJPY,0.417741574460244
FED.JRXWTFB_N_B,CHFJPY,0.590427573237984
AUDUSD,CHFGBP,0.715026401058729
AUDNZD,CHFGBP,0.534960118789991
AUDJPY,CHFGBP,-0.244362381093118
AUDGBP,CHFGBP,0.923332721079733
AUDEUR,CHFGBP,0.686872152406354
AUDCHF,CHFGBP,-0.397692267704799
AUDCAD,CHFGBP,0.714373845968805
CADUSD,CHFGBP,0.534382681667728
CADNZD,CHFGBP,-0.195171627247415
CADJPY,CHFGBP,-0.667627886377547
CADGBP,CHFGBP,0.905199736373001
CADEUR,CHFGBP,0.434988104441575
CADCHF,CHFGBP,-0.838758860679339
CHFUSD,CHFGBP,0.913889906746221
CHFNZD,CHFGBP,0.6724696255165
CHFJPY,CHFGBP,0.0594506457597146
CHFEUR,CHFGBP,0.919585667423988
EURUSD,CHFGBP,0.122050458261663
EURNZD,CHFGBP,-0.384855368988341
EURJPY,CHFGBP,-0.751185396711002
EURGBP,CHFGBP,0.846784078807008
GBPUSD,CHFGBP,-0.815030689917021
GBPNZD,CHFGBP,-0.904841387405623
GBPJPY,CHFGBP,-0.895606046393989
JPYUSD,CHFGBP,0.823162815534478
JPYNZD,CHFGBP,0.403192624775445
NZDUSD,CHFGBP,0.529366768274326
YAHOO.INDEX_GDAXI,CHFGBP,0.373848989347063
YAHOO.INDEX_FTSE,CHFGBP,0.0711533453152597
YAHOO.INDEX_AORD,CHFGBP,-0.353021767527023
NIKKEI.INDEX,CHFGBP,-0.593212516768388
YAHOO.INDEX_GSPTSE,CHFGBP,0.149317580982979
OFDP.SILVER_5,CHFGBP,0.812769952260641
WGC.GOLD_DAILY_USD,CHFGBP,0.92076351922767
WSJ.COPPER,CHFGBP,0.207625711130258
WSJ.CORN_2,CHFGBP,0.561876556090083
WSJ.PL_MKT,CHFGBP,0.171078970915327
OFDP.FUTURE_B1,CHFGBP,0.639829463341236
FED.JRXWTFB_N_B,CHFGBP,-0.382651585216508
AUDUSD,CHFEUR,0.745396557594464
AUDNZD,CHFEUR,0.354896891569838
AUDJPY,CHFEUR,-0.0900176036426498
AUDGBP,CHFEUR,0.882143625532436
AUDEUR,CHFEUR,0.828393482844181
AUDCHF,CHFEUR,-0.276944119260429
AUDCAD,CHFEUR,0.793117202247146
CADUSD,CHFEUR,0.51290092926119
CADNZD,CHFEUR,-0.419466613401789
CADJPY,CHFEUR,-0.562455045977959
CADGBP,CHFEUR,0.793401602681701
CADEUR,CHFEUR,0.603401257190531
CADCHF,CHFEUR,-0.796841750460969
CHFUSD,CHFEUR,0.888638077740213
CHFNZD,CHFEUR,0.438180203896575
CHFJPY,CHFEUR,0.154382923908893
CHFGBP,CHFEUR,0.919585667423988
EURUSD,CHFEUR,-0.0944936521105127
EURNZD,CHFEUR,-0.660077062262408
EURJPY,CHFEUR,-0.741360419492724
EURGBP,CHFEUR,0.571192544733391
GBPUSD,CHFEUR,-0.677536122825183
GBPNZD,CHFEUR,-0.911825859597451
GBPJPY,CHFEUR,-0.762036804530543
JPYUSD,CHFEUR,0.735018104623106
JPYNZD,CHFEUR,0.189780674749474
NZDUSD,CHFEUR,0.672873156836776
YAHOO.INDEX_GDAXI,CHFEUR,0.485160805140662
YAHOO.INDEX_FTSE,CHFEUR,0.268712709779157
YAHOO.INDEX_AORD,CHFEUR,-0.253826218746907
NIKKEI.INDEX,CHFEUR,-0.422247740662746
YAHOO.INDEX_GSPTSE,CHFEUR,0.244150069106234
OFDP.SILVER_5,CHFEUR,0.817632390522048
WGC.GOLD_DAILY_USD,CHFEUR,0.895615816840668
WSJ.COPPER,CHFEUR,0.356085951083593
WSJ.CORN_2,CHFEUR,0.650319720202061
WSJ.PL_MKT,CHFEUR,0.224678731315756
OFDP.FUTURE_B1,CHFEUR,0.676208930343983
FED.JRXWTFB_N_B,CHFEUR,0.493335460833113
AUDUSD,EURUSD,0.348154040522957
AUDNZD,EURUSD,0.231660758376033
AUDJPY,EURUSD,0.299617167238764
AUDGBP,EURUSD,0.101489218057767
AUDEUR,EURUSD,-0.1362588985897
AUDCHF,EURUSD,-0.0411042932142852
AUDCAD,EURUSD,0.176900110791651
CADUSD,EURUSD,0.462482825890084
CADNZD,EURUSD,0.0194193213359745
CADJPY,EURUSD,0.155383306101395
CADGBP,EURUSD,0.0570609316953963
CADEUR,EURUSD,-0.406142393513145
CADCHF,EURUSD,-0.172485864435662
CHFUSD,EURUSD,0.370129947513019
CHFNZD,EURUSD,0.192912025254125
CHFJPY,EURUSD,0.344400856219852
CHFGBP,EURUSD,0.122050458261663
CHFEUR,EURUSD,-0.0944936521105127
EURNZD,EURUSD,0.265484144469365
EURJPY,EURUSD,0.335624592854294
EURGBP,EURUSD,0.370227746825842
GBPUSD,EURUSD,0.257213142797407
GBPNZD,EURUSD,-0.0658352367405316
GBPJPY,EURUSD,0.0304876623832466
JPYUSD,EURUSD,0.102481875126781
JPYNZD,EURUSD,-0.101005472855702
NZDUSD,EURUSD,0.28586981552905
YAHOO.INDEX_GDAXI,EURUSD,0.252265407823537
YAHOO.INDEX_FTSE,EURUSD,0.0988558361966952
YAHOO.INDEX_AORD,EURUSD,0.347019549935653
NIKKEI.INDEX,EURUSD,-0.0316661405837952
YAHOO.INDEX_GSPTSE,EURUSD,0.437517673862256
OFDP.SILVER_5,EURUSD,0.218931560499905
WGC.GOLD_DAILY_USD,EURUSD,0.172071979193362
WSJ.COPPER,EURUSD,0.216925299534665
WSJ.CORN_2,EURUSD,-0.11284407145931
WSJ.PL_MKT,EURUSD,0.386085334219805
OFDP.FUTURE_B1,EURUSD,0.438213372869471
FED.JRXWTFB_N_B,EURUSD,0.259787895997915
AUDUSD,EURNZD,-0.639325437890139
AUDNZD,EURNZD,0.129318566314667
AUDJPY,EURNZD,-0.443652328584721
AUDGBP,EURNZD,-0.531007955468032
AUDEUR,EURNZD,-0.808546967009058
AUDCHF,EURNZD,-0.30728818681354
AUDCAD,EURNZD,-0.713927772204783
CADUSD,EURNZD,-0.435286875807897
CADNZD,EURNZD,0.779978180200491
CADJPY,EURNZD,0.0077107489799685
CADGBP,EURNZD,-0.335400291124032
CADEUR,EURNZD,-0.679838805637906
CADCHF,EURNZD,0.28891099939422
CHFUSD,EURNZD,-0.488966647697213
CHFNZD,EURNZD,0.38349420513468
CHFJPY,EURNZD,-0.318108697624985
CHFGBP,EURNZD,-0.384855368988341
CHFEUR,EURNZD,-0.660077062262408
EURUSD,EURNZD,0.265484144469365
EURJPY,EURNZD,0.31955517666574
EURGBP,EURNZD,0.0910154890520477
GBPUSD,EURNZD,0.105680041748471
GBPNZD,EURNZD,0.685142769065079
GBPJPY,EURNZD,0.176517177390932
JPYUSD,EURNZD,-0.243992416126523
JPYNZD,EURNZD,0.454790323514912
NZDUSD,EURNZD,-0.836909708049805
YAHOO.INDEX_GDAXI,EURNZD,-0.584334220306667
YAHOO.INDEX_FTSE,EURNZD,-0.646245184383946
YAHOO.INDEX_AORD,EURNZD,-0.21765211589912
NIKKEI.INDEX,EURNZD,-0.116972053524288
YAHOO.INDEX_GSPTSE,EURNZD,-0.466516467220023
OFDP.SILVER_5,EURNZD,-0.486241476757219
WGC.GOLD_DAILY_USD,EURNZD,-0.488735668496758
WSJ.COPPER,EURNZD,-0.636028885720802
WSJ.CORN_2,EURNZD,-0.55179373020039
WSJ.PL_MKT,EURNZD,-0.430924187018237
OFDP.FUTURE_B1,EURNZD,-0.530952707829371
FED.JRXWTFB_N_B,EURNZD,-0.119117959044234
AUDUSD,EURJPY,-0.482565878316782
AUDNZD,EURJPY,-0.610068091747959
AUDJPY,EURJPY,0.621387626570171
AUDGBP,EURJPY,-0.773435486743273
AUDEUR,EURJPY,-0.676687256510099
AUDCHF,EURJPY,0.159131018856496
AUDCAD,EURJPY,-0.531807957371222
CADUSD,EURJPY,-0.290948438318418
CADNZD,EURJPY,-0.028498769901827
CADJPY,EURJPY,0.882917368405118
CADGBP,EURJPY,-0.787655740611885
CADEUR,EURJPY,-0.592814002801828
CADCHF,EURJPY,0.529044253403571
CHFUSD,EURJPY,-0.533726147346485
CHFNZD,EURJPY,-0.544354158082343
CHFJPY,EURJPY,0.540092936000979
CHFGBP,EURJPY,-0.751185396711002
CHFEUR,EURJPY,-0.741360419492724
EURUSD,EURJPY,0.335624592854294
EURNZD,EURJPY,0.31955517666574
EURGBP,EURJPY,-0.579199995957057
GBPUSD,EURJPY,0.829454825253625
GBPNZD,EURJPY,0.666475095227498
GBPJPY,EURJPY,0.916663138058349
JPYUSD,EURJPY,-0.894747521404656
JPYNZD,EURJPY,-0.692427626620092
NZDUSD,EURJPY,-0.180603138368129
YAHOO.INDEX_GDAXI,EURJPY,0.124305998305813
YAHOO.INDEX_FTSE,EURJPY,0.28388419354207
YAHOO.INDEX_AORD,EURJPY,0.68354346385613
NIKKEI.INDEX,EURJPY,0.804600138889392
YAHOO.INDEX_GSPTSE,EURJPY,0.280435393415809
OFDP.SILVER_5,EURJPY,-0.652552024838796
WGC.GOLD_DAILY_USD,EURJPY,-0.719139664746115
WSJ.COPPER,EURJPY,-0.106337444790879
WSJ.CORN_2,EURJPY,-0.477762303754894
WSJ.PL_MKT,EURJPY,-0.0415921918520385
OFDP.FUTURE_B1,EURJPY,-0.249469458189603
FED.JRXWTFB_N_B,EURJPY,0.574761147419227
AUDUSD,EURGBP,0.477293855310135
AUDNZD,EURGBP,0.634653438476341
AUDJPY,EURGBP,-0.407863039029103
AUDGBP,EURGBP,0.735657807406025
AUDEUR,EURGBP,0.313902545748894
AUDCHF,EURGBP,-0.465179516363584
AUDCAD,EURGBP,0.418581376474169
CADUSD,EURGBP,0.408939805166499
CADNZD,EURGBP,0.159127537620909
CADJPY,EURGBP,-0.651776978973932
CADGBP,EURGBP,0.819287072103676
CADEUR,EURGBP,0.0916193117554633
CADCHF,EURGBP,-0.681551068013419
CHFUSD,EURGBP,0.702352834400255
CHFNZD,EURGBP,0.816186825461214
CHFJPY,EURGBP,-0.0975744170965324
CHFGBP,EURGBP,0.846784078807008
CHFEUR,EURGBP,0.571192544733391
EURUSD,EURGBP,0.370227746825842
EURNZD,EURGBP,0.0910154890520477
EURJPY,EURGBP,-0.579199995957057
GBPUSD,EURGBP,-0.799972718225823
GBPNZD,EURGBP,-0.660468768814308
GBPJPY,EURGBP,-0.852580009418077
JPYUSD,EURGBP,0.73120559958179
JPYNZD,EURGBP,0.598157706721051
NZDUSD,EURGBP,0.188581002486746
YAHOO.INDEX_GDAXI,EURGBP,0.117645521727862
YAHOO.INDEX_FTSE,EURGBP,-0.232287929508121
YAHOO.INDEX_AORD,EURGBP,-0.417013010752333
NIKKEI.INDEX,EURGBP,-0.687397831373224
YAHOO.INDEX_GSPTSE,EURGBP,-0.0350128205824433
OFDP.SILVER_5,EURGBP,0.581130498419353
WGC.GOLD_DAILY_USD,EURGBP,0.712620148787905
WSJ.COPPER,EURGBP,-0.200258386241745
WSJ.CORN_2,EURGBP,0.125404445936411
WSJ.PL_MKT,EURGBP,-0.0303292323770823
OFDP.FUTURE_B1,EURGBP,0.418217917967864
FED.JRXWTFB_N_B,EURGBP,-0.436506180856647
AUDUSD,GBPUSD,-0.294857111435597
AUDNZD,GBPUSD,-0.508105089881861
AUDJPY,GBPUSD,0.607595357562206
AUDGBP,GBPUSD,-0.71578864614431
AUDEUR,GBPUSD,-0.437801492809285
AUDCHF,GBPUSD,0.454865689442459
AUDCAD,GBPUSD,-0.345279017173676
CADUSD,GBPUSD,-0.144126996717173
CADNZD,GBPUSD,-0.128069497077174
CADJPY,GBPUSD,0.783110813950928
CADGBP,GBPUSD,-0.824275846657923
CADEUR,GBPUSD,-0.374148291951823
CADCHF,GBPUSD,0.613141444601063
CHFUSD,GBPUSD,-0.513532559943647
CHFNZD,GBPUSD,-0.716615542768891
CHFJPY,GBPUSD,0.311408423565064
CHFGBP,GBPUSD,-0.815030689917021
CHFEUR,GBPUSD,-0.677536122825183
EURUSD,GBPUSD,0.257213142797407
EURNZD,GBPUSD,0.105680041748471
EURJPY,GBPUSD,0.829454825253625
EURGBP,GBPUSD,-0.799972718225823
GBPNZD,GBPUSD,0.666732355991551
GBPJPY,GBPUSD,0.916249954793029
JPYUSD,GBPUSD,-0.706027665062884
JPYNZD,GBPUSD,-0.67323245492453
NZDUSD,GBPUSD,-0.0403446422553721
YAHOO.INDEX_GDAXI,GBPUSD,0.0279664442168728
YAHOO.INDEX_FTSE,GBPUSD,0.29479557739503
YAHOO.INDEX_AORD,GBPUSD,0.663166200547788
NIKKEI.INDEX,GBPUSD,0.698377302380018
YAHOO.INDEX_GSPTSE,GBPUSD,0.303159436604529
OFDP.SILVER_5,GBPUSD,-0.477655710008424
WGC.GOLD_DAILY_USD,GBPUSD,-0.646414395549008
WSJ.COPPER,GBPUSD,0.253515334693413
WSJ.CORN_2,GBPUSD,-0.194883044994435
WSJ.PL_MKT,GBPUSD,0.225238483884606
OFDP.FUTURE_B1,GBPUSD,-0.185566733213389
FED.JRXWTFB_N_B,GBPUSD,0.42753981620245
AUDUSD,GBPNZD,-0.821795881956999
AUDNZD,GBPNZD,-0.354140555827114
AUDJPY,GBPNZD,-0.0259180269559194
AUDGBP,GBPNZD,-0.931279734624514
AUDEUR,GBPNZD,-0.833109357419097
AUDCHF,GBPNZD,0.114073604983299
AUDCAD,GBPNZD,-0.840578734721447
CADUSD,GBPNZD,-0.614413025361995
CADNZD,GBPNZD,0.478246426615499
CADJPY,GBPNZD,0.490791394502442
CADGBP,GBPNZD,-0.845245707737893
CADEUR,GBPNZD,-0.57183526136828
CADCHF,GBPNZD,0.718745575700321
CHFUSD,GBPNZD,-0.875511102451783
CHFNZD,GBPNZD,-0.304978676040035
CHFJPY,GBPNZD,-0.161144453491524
CHFGBP,GBPNZD,-0.904841387405623
CHFEUR,GBPNZD,-0.911825859597451
EURUSD,GBPNZD,-0.0658352367405316
EURNZD,GBPNZD,0.685142769065079
EURJPY,GBPNZD,0.666475095227498
EURGBP,GBPNZD,-0.660468768814308
GBPUSD,GBPNZD,0.666732355991551
GBPJPY,GBPNZD,0.758681452620905
JPYUSD,GBPNZD,-0.718403913253479
JPYNZD,GBPNZD,-0.09976468596467
NZDUSD,GBPNZD,-0.766403645477826
YAHOO.INDEX_GDAXI,GBPNZD,-0.518659503319199
YAHOO.INDEX_FTSE,GBPNZD,-0.299262316992023
YAHOO.INDEX_AORD,GBPNZD,0.15475947239725
NIKKEI.INDEX,GBPNZD,0.424959313179525
YAHOO.INDEX_GSPTSE,GBPNZD,-0.312888209749058
OFDP.SILVER_5,GBPNZD,-0.777779543962634
WGC.GOLD_DAILY_USD,GBPNZD,-0.884503208559967
WSJ.COPPER,GBPNZD,-0.464774922330977
WSJ.CORN_2,GBPNZD,-0.596805264787148
WSJ.PL_MKT,GBPNZD,-0.379142801109968
OFDP.FUTURE_B1,GBPNZD,-0.700684831522599
FED.JRXWTFB_N_B,GBPNZD,0.539724648593021
AUDUSD,GBPJPY,-0.547460674641832
AUDNZD,GBPJPY,-0.683009350106004
AUDJPY,GBPJPY,0.583435100364756
AUDGBP,GBPJPY,-0.854363839909943
AUDEUR,GBPJPY,-0.591631635385612
AUDCHF,GBPJPY,0.334340576610683
AUDCAD,GBPJPY,-0.553844821044031
CADUSD,GBPJPY,-0.387787989680789
CADNZD,GBPJPY,-0.0734051581642417
CADJPY,GBPJPY,0.877366316992942
CADGBP,GBPJPY,-0.899819705323143
CADEUR,GBPJPY,-0.424575771234699
CADCHF,GBPJPY,0.682252830562455
CHFUSD,GBPJPY,-0.693041929785996
CHFNZD,GBPJPY,-0.736043212460369
CHFJPY,GBPJPY,0.372363845656921
CHFGBP,GBPJPY,-0.895606046393989
CHFEUR,GBPJPY,-0.762036804530543
EURUSD,GBPJPY,0.0304876623832466
EURNZD,GBPJPY,0.176517177390932
EURJPY,GBPJPY,0.916663138058349
EURGBP,GBPJPY,-0.852580009418077
GBPUSD,GBPJPY,0.916249954793029
GBPNZD,GBPJPY,0.758681452620905
JPYUSD,GBPJPY,-0.922705132807143
JPYNZD,GBPJPY,-0.715075633658939
NZDUSD,GBPJPY,-0.225859670328625
YAHOO.INDEX_GDAXI,GBPJPY,0.00876392153276287
YAHOO.INDEX_FTSE,GBPJPY,0.287874782023423
YAHOO.INDEX_AORD,GBPJPY,0.641121971152259
NIKKEI.INDEX,GBPJPY,0.847184999193458
YAHOO.INDEX_GSPTSE,GBPJPY,0.188811273931606
OFDP.SILVER_5,GBPJPY,-0.694605646130313
WGC.GOLD_DAILY_USD,GBPJPY,-0.809520400332295
WSJ.COPPER,GBPJPY,-0.00594218914136556
WSJ.CORN_2,GBPJPY,-0.417970637752748
WSJ.PL_MKT,GBPJPY,-0.0325509859422907
OFDP.FUTURE_B1,GBPJPY,-0.385407683829383
FED.JRXWTFB_N_B,GBPJPY,0.573063433370559
AUDUSD,JPYUSD,0.700318109570361
AUDNZD,JPYUSD,0.768305704307893
AUDJPY,JPYUSD,-0.482430147872051
AUDGBP,JPYUSD,0.861703660044127
AUDEUR,JPYUSD,0.686739755352236
AUDCHF,JPYUSD,-0.116950659005059
AUDCAD,JPYUSD,0.65882333735388
CADUSD,JPYUSD,0.558563359313146
CADNZD,JPYUSD,0.0367882506340332
CADJPY,JPYUSD,-0.831949314764125
CADGBP,JPYUSD,0.843491894189185
CADEUR,JPYUSD,0.481997383421579
CADCHF,JPYUSD,-0.596002470560758
CHFUSD,JPYUSD,0.726808840474135
CHFNZD,JPYUSD,0.622569241832696
CHFJPY,JPYUSD,-0.425085126352189
CHFGBP,JPYUSD,0.823162815534478
CHFEUR,JPYUSD,0.735018104623106
EURUSD,JPYUSD,0.102481875126781
EURNZD,JPYUSD,-0.243992416126523
EURJPY,JPYUSD,-0.894747521404656
EURGBP,JPYUSD,0.73120559958179
GBPUSD,JPYUSD,-0.706027665062884
GBPNZD,JPYUSD,-0.718403913253479
GBPJPY,JPYUSD,-0.922705132807143
JPYNZD,JPYUSD,0.66683573703841
NZDUSD,JPYUSD,0.345143628675815
YAHOO.INDEX_GDAXI,JPYUSD,0.000240400179127355
YAHOO.INDEX_FTSE,JPYUSD,-0.2180861784351
YAHOO.INDEX_AORD,JPYUSD,-0.518017636567206
NIKKEI.INDEX,JPYUSD,-0.840599695565154
YAHOO.INDEX_GSPTSE,JPYUSD,-0.0509942793562455
OFDP.SILVER_5,JPYUSD,0.820326555992111
WGC.GOLD_DAILY_USD,JPYUSD,0.850997856094203
WSJ.COPPER,JPYUSD,0.291706144037044
WSJ.CORN_2,JPYUSD,0.578274016786915
WSJ.PL_MKT,JPYUSD,0.261043352292431
OFDP.FUTURE_B1,JPYUSD,0.487823319844543
FED.JRXWTFB_N_B,JPYUSD,-0.651501762854104
AUDUSD,JPYNZD,-0.0159715195034882
AUDNZD,JPYNZD,0.683387082403404
AUDJPY,JPYNZD,-0.907470212302537
AUDGBP,JPYNZD,0.342513029304012
AUDEUR,JPYNZD,0.033094535669002
AUDCHF,JPYNZD,-0.351393763023586
AUDCAD,JPYNZD,-0.039155831006804
CADUSD,JPYNZD,-0.0316843230731736
CADNZD,JPYNZD,0.625032090096655
CADJPY,JPYNZD,-0.812407731407105
CADGBP,JPYNZD,0.490034064292022
CADEUR,JPYNZD,0.0557773111952194
CADCHF,JPYNZD,-0.257612446368352
CHFUSD,JPYNZD,0.129317627985933
CHFNZD,JPYNZD,0.791162417643783
CHFJPY,JPYNZD,-0.759914181192644
CHFGBP,JPYNZD,0.403192624775445
CHFEUR,JPYNZD,0.189780674749474
EURUSD,JPYNZD,-0.101005472855702
EURNZD,JPYNZD,0.454790323514912
EURJPY,JPYNZD,-0.692427626620092
EURGBP,JPYNZD,0.598157706721051
GBPUSD,JPYNZD,-0.67323245492453
GBPNZD,JPYNZD,-0.09976468596467
GBPJPY,JPYNZD,-0.715075633658939
JPYUSD,JPYNZD,0.66683573703841
NZDUSD,JPYNZD,-0.45403873228958
YAHOO.INDEX_GDAXI,JPYNZD,-0.545411970129983
YAHOO.INDEX_FTSE,JPYNZD,-0.74168372251606
YAHOO.INDEX_AORD,JPYNZD,-0.776790110482865
NIKKEI.INDEX,JPYNZD,-0.842843981002516
YAHOO.INDEX_GSPTSE,JPYNZD,-0.587185290362047
OFDP.SILVER_5,JPYNZD,0.260090534627472
WGC.GOLD_DAILY_USD,JPYNZD,0.315500610895119
WSJ.COPPER,JPYNZD,-0.385828556389893
WSJ.CORN_2,JPYNZD,0.00725565259130614
WSJ.PL_MKT,JPYNZD,-0.293268176244276
OFDP.FUTURE_B1,JPYNZD,-0.156403246160848
FED.JRXWTFB_N_B,JPYNZD,-0.460534155346776
AUDUSD,NZDUSD,0.843418247863137
AUDNZD,NZDUSD,0.0190680638310884
AUDJPY,NZDUSD,0.563580241379106
AUDGBP,NZDUSD,0.632297089814398
AUDEUR,NZDUSD,0.745773242398354
AUDCHF,NZDUSD,0.19074908627763
AUDCAD,NZDUSD,0.83424500200559
CADUSD,NZDUSD,0.68335967210648
CADNZD,NZDUSD,-0.764425741874649
CADJPY,NZDUSD,0.017920597598461
CADGBP,NZDUSD,0.418230399154432
CADEUR,NZDUSD,0.447243537943381
CADCHF,NZDUSD,-0.472211015461311
CHFUSD,NZDUSD,0.753362091594536
CHFNZD,NZDUSD,-0.182364505159691
CHFJPY,NZDUSD,0.525955046956336
CHFGBP,NZDUSD,0.529366768274326
CHFEUR,NZDUSD,0.672873156836776
EURUSD,NZDUSD,0.28586981552905
EURNZD,NZDUSD,-0.836909708049805
EURJPY,NZDUSD,-0.180603138368129
EURGBP,NZDUSD,0.188581002486746
GBPUSD,NZDUSD,-0.0403446422553721
GBPNZD,NZDUSD,-0.766403645477826
GBPJPY,NZDUSD,-0.225859670328625
JPYUSD,NZDUSD,0.345143628675815
JPYNZD,NZDUSD,-0.45403873228958
YAHOO.INDEX_GDAXI,NZDUSD,0.750913815961847
YAHOO.INDEX_FTSE,NZDUSD,0.680255001240672
YAHOO.INDEX_AORD,NZDUSD,0.360340584697549
NIKKEI.INDEX,NZDUSD,0.051274192327094
YAHOO.INDEX_GSPTSE,NZDUSD,0.686850138687894
OFDP.SILVER_5,NZDUSD,0.64680734453328
WGC.GOLD_DAILY_USD,NZDUSD,0.644850455642749
WSJ.COPPER,NZDUSD,0.725560670930649
WSJ.CORN_2,NZDUSD,0.554367259936239
WSJ.PL_MKT,NZDUSD,0.596387127045322
OFDP.FUTURE_B1,NZDUSD,0.796228629560989
FED.JRXWTFB_N_B,NZDUSD,0.216709213345548
AUDUSD,YAHOO.INDEX_GDAXI,0.539928676850063
AUDNZD,YAHOO.INDEX_GDAXI,-0.128917647280988
AUDJPY,YAHOO.INDEX_GDAXI,0.666623397304088
AUDGBP,YAHOO.INDEX_GDAXI,0.376035517793334
AUDEUR,YAHOO.INDEX_GDAXI,0.441571044027793
AUDCHF,YAHOO.INDEX_GDAXI,0.0015465494407928
AUDCAD,YAHOO.INDEX_GDAXI,0.449411861906254
CADUSD,YAHOO.INDEX_GDAXI,0.531706321796757
CADNZD,YAHOO.INDEX_GDAXI,-0.517386204134524
CADJPY,YAHOO.INDEX_GDAXI,0.333101061302507
CADGBP,YAHOO.INDEX_GDAXI,0.276682771955117
CADEUR,YAHOO.INDEX_GDAXI,0.317382820285716
CADCHF,YAHOO.INDEX_GDAXI,-0.318532980438334
CHFUSD,YAHOO.INDEX_GDAXI,0.564051852968518
CHFNZD,YAHOO.INDEX_GDAXI,-0.120290745699705
CHFJPY,YAHOO.INDEX_GDAXI,0.772045457223995
CHFGBP,YAHOO.INDEX_GDAXI,0.373848989347063
CHFEUR,YAHOO.INDEX_GDAXI,0.485160805140662
EURUSD,YAHOO.INDEX_GDAXI,0.252265407823537
EURNZD,YAHOO.INDEX_GDAXI,-0.584334220306667
EURJPY,YAHOO.INDEX_GDAXI,0.124305998305813
EURGBP,YAHOO.INDEX_GDAXI,0.117645521727862
GBPUSD,YAHOO.INDEX_GDAXI,0.0279664442168728
GBPNZD,YAHOO.INDEX_GDAXI,-0.518659503319199
GBPJPY,YAHOO.INDEX_GDAXI,0.00876392153276287
JPYUSD,YAHOO.INDEX_GDAXI,0.000240400179127355
JPYNZD,YAHOO.INDEX_GDAXI,-0.545411970129983
NZDUSD,YAHOO.INDEX_GDAXI,0.750913815961847
YAHOO.INDEX_FTSE,YAHOO.INDEX_GDAXI,0.8809206419023
YAHOO.INDEX_AORD,YAHOO.INDEX_GDAXI,0.658461420848415
NIKKEI.INDEX,YAHOO.INDEX_GDAXI,0.420786040339591
YAHOO.INDEX_GSPTSE,YAHOO.INDEX_GDAXI,0.850729564692232
OFDP.SILVER_5,YAHOO.INDEX_GDAXI,0.403012735584465
WGC.GOLD_DAILY_USD,YAHOO.INDEX_GDAXI,0.451947444417873
WSJ.COPPER,YAHOO.INDEX_GDAXI,0.432860614024823
WSJ.CORN_2,YAHOO.INDEX_GDAXI,0.189517842262354
WSJ.PL_MKT,YAHOO.INDEX_GDAXI,0.256747437079399
OFDP.FUTURE_B1,YAHOO.INDEX_GDAXI,0.660709598006632
FED.JRXWTFB_N_B,YAHOO.INDEX_GDAXI,0.439179764925944
AUDUSD,YAHOO.INDEX_FTSE,0.429211415205203
AUDNZD,YAHOO.INDEX_FTSE,-0.251261400421447
AUDJPY,YAHOO.INDEX_FTSE,0.823872732626895
AUDGBP,YAHOO.INDEX_FTSE,0.172839142995647
AUDEUR,YAHOO.INDEX_FTSE,0.39907097591514
AUDCHF,YAHOO.INDEX_FTSE,0.305857341886516
AUDCAD,YAHOO.INDEX_FTSE,0.345103248970309
CADUSD,YAHOO.INDEX_FTSE,0.444871067947865
CADNZD,YAHOO.INDEX_FTSE,-0.539024864443159
CADJPY,YAHOO.INDEX_FTSE,0.557085162969466
CADGBP,YAHOO.INDEX_FTSE,0.0379068781545052
CADEUR,YAHOO.INDEX_FTSE,0.363507192265091
CADCHF,YAHOO.INDEX_FTSE,-0.00469491033582114
CHFUSD,YAHOO.INDEX_FTSE,0.295316561602587
CHFNZD,YAHOO.INDEX_FTSE,-0.452799127897069
CHFJPY,YAHOO.INDEX_FTSE,0.718244588108085
CHFGBP,YAHOO.INDEX_FTSE,0.0711533453152597
CHFEUR,YAHOO.INDEX_FTSE,0.268712709779157
EURUSD,YAHOO.INDEX_FTSE,0.0988558361966952
EURNZD,YAHOO.INDEX_FTSE,-0.646245184383946
EURJPY,YAHOO.INDEX_FTSE,0.28388419354207
EURGBP,YAHOO.INDEX_FTSE,-0.232287929508121
GBPUSD,YAHOO.INDEX_FTSE,0.29479557739503
GBPNZD,YAHOO.INDEX_FTSE,-0.299262316992023
GBPJPY,YAHOO.INDEX_FTSE,0.287874782023423
JPYUSD,YAHOO.INDEX_FTSE,-0.2180861784351
JPYNZD,YAHOO.INDEX_FTSE,-0.74168372251606
NZDUSD,YAHOO.INDEX_FTSE,0.680255001240672
YAHOO.INDEX_GDAXI,YAHOO.INDEX_FTSE,0.8809206419023
YAHOO.INDEX_AORD,YAHOO.INDEX_FTSE,0.80431837126898
NIKKEI.INDEX,YAHOO.INDEX_FTSE,0.662600946902243
YAHOO.INDEX_GSPTSE,YAHOO.INDEX_FTSE,0.860609860228964
OFDP.SILVER_5,YAHOO.INDEX_FTSE,0.250539843618034
WGC.GOLD_DAILY_USD,YAHOO.INDEX_FTSE,0.207384497244864
WSJ.COPPER,YAHOO.INDEX_FTSE,0.594470649295932
WSJ.CORN_2,YAHOO.INDEX_FTSE,0.249229878837523
WSJ.PL_MKT,YAHOO.INDEX_FTSE,0.403755953949525
OFDP.FUTURE_B1,YAHOO.INDEX_FTSE,0.509521106685961
FED.JRXWTFB_N_B,YAHOO.INDEX_FTSE,0.24395211645609
AUDUSD,YAHOO.INDEX_AORD,0.117142449532016
AUDNZD,YAHOO.INDEX_AORD,-0.336109415317299
AUDJPY,YAHOO.INDEX_AORD,0.863102091911003
AUDGBP,YAHOO.INDEX_AORD,-0.242407483471261
AUDEUR,YAHOO.INDEX_AORD,-0.0516305699655446
AUDCHF,YAHOO.INDEX_AORD,0.426344853138762
AUDCAD,YAHOO.INDEX_AORD,-0.0601195829749674
CADUSD,YAHOO.INDEX_AORD,0.309171457425193
CADNZD,YAHOO.INDEX_AORD,-0.242207576881349
CADJPY,YAHOO.INDEX_AORD,0.837671999400412
CADGBP,YAHOO.INDEX_AORD,-0.31397117774553
CADEUR,YAHOO.INDEX_AORD,0.00581006428824915
CADCHF,YAHOO.INDEX_AORD,0.385820228631139
CHFUSD,YAHOO.INDEX_AORD,-0.0795276463538312
CHFNZD,YAHOO.INDEX_AORD,-0.582582211465756
CHFJPY,YAHOO.INDEX_AORD,0.639469418067443
CHFGBP,YAHOO.INDEX_AORD,-0.353021767527023
CHFEUR,YAHOO.INDEX_AORD,-0.253826218746907
EURUSD,YAHOO.INDEX_AORD,0.347019549935653
EURNZD,YAHOO.INDEX_AORD,-0.21765211589912
EURJPY,YAHOO.INDEX_AORD,0.68354346385613
EURGBP,YAHOO.INDEX_AORD,-0.417013010752333
GBPUSD,YAHOO.INDEX_AORD,0.663166200547788
GBPNZD,YAHOO.INDEX_AORD,0.15475947239725
GBPJPY,YAHOO.INDEX_AORD,0.641121971152259
JPYUSD,YAHOO.INDEX_AORD,-0.518017636567206
JPYNZD,YAHOO.INDEX_AORD,-0.776790110482865
NZDUSD,YAHOO.INDEX_AORD,0.360340584697549
YAHOO.INDEX_GDAXI,YAHOO.INDEX_AORD,0.658461420848415
YAHOO.INDEX_FTSE,YAHOO.INDEX_AORD,0.80431837126898
NIKKEI.INDEX,YAHOO.INDEX_AORD,0.802862372781538
YAHOO.INDEX_GSPTSE,YAHOO.INDEX_AORD,0.799268065110659
OFDP.SILVER_5,YAHOO.INDEX_AORD,-0.0965655795007555
WGC.GOLD_DAILY_USD,YAHOO.INDEX_AORD,-0.176736405768154
WSJ.COPPER,YAHOO.INDEX_AORD,0.409272050869529
WSJ.CORN_2,YAHOO.INDEX_AORD,-0.169466118082393
WSJ.PL_MKT,YAHOO.INDEX_AORD,0.292123362315678
OFDP.FUTURE_B1,YAHOO.INDEX_AORD,0.223572687974566
FED.JRXWTFB_N_B,YAHOO.INDEX_AORD,0.341629889345918
AUDUSD,NIKKEI.INDEX,-0.317338517171537
AUDNZD,NIKKEI.INDEX,-0.672035474768369
AUDJPY,NIKKEI.INDEX,0.75318772636126
AUDGBP,NIKKEI.INDEX,-0.574236411018998
AUDEUR,NIKKEI.INDEX,-0.322044085018284
AUDCHF,NIKKEI.INDEX,0.243622362002512
AUDCAD,NIKKEI.INDEX,-0.343738770297612
CADUSD,NIKKEI.INDEX,-0.188746770782334
CADNZD,NIKKEI.INDEX,-0.250995052092888
CADJPY,NIKKEI.INDEX,0.902441063054475
CADGBP,NIKKEI.INDEX,-0.624419272444777
CADEUR,NIKKEI.INDEX,-0.167321746603632
CADCHF,NIKKEI.INDEX,0.465585163903057
CHFUSD,NIKKEI.INDEX,-0.401829816173118
CHFNZD,NIKKEI.INDEX,-0.672916035048938
CHFJPY,NIKKEI.INDEX,0.649293081147286
CHFGBP,NIKKEI.INDEX,-0.593212516768388
CHFEUR,NIKKEI.INDEX,-0.422247740662746
EURUSD,NIKKEI.INDEX,-0.0316661405837952
EURNZD,NIKKEI.INDEX,-0.116972053524288
EURJPY,NIKKEI.INDEX,0.804600138889392
EURGBP,NIKKEI.INDEX,-0.687397831373224
GBPUSD,NIKKEI.INDEX,0.698377302380018
GBPNZD,NIKKEI.INDEX,0.424959313179525
GBPJPY,NIKKEI.INDEX,0.847184999193458
JPYUSD,NIKKEI.INDEX,-0.840599695565154
JPYNZD,NIKKEI.INDEX,-0.842843981002516
NZDUSD,NIKKEI.INDEX,0.051274192327094
YAHOO.INDEX_GDAXI,NIKKEI.INDEX,0.420786040339591
YAHOO.INDEX_FTSE,NIKKEI.INDEX,0.662600946902243
YAHOO.INDEX_AORD,NIKKEI.INDEX,0.802862372781538
YAHOO.INDEX_GSPTSE,NIKKEI.INDEX,0.484855157886793
OFDP.SILVER_5,NIKKEI.INDEX,-0.46290079171591
WGC.GOLD_DAILY_USD,NIKKEI.INDEX,-0.531547609169742
WSJ.COPPER,NIKKEI.INDEX,0.1522999609132
WSJ.CORN_2,NIKKEI.INDEX,-0.280426349897644
WSJ.PL_MKT,NIKKEI.INDEX,0.0428089866712605
OFDP.FUTURE_B1,NIKKEI.INDEX,-0.129591564362672
FED.JRXWTFB_N_B,NIKKEI.INDEX,0.35175413292329
AUDUSD,YAHOO.INDEX_GSPTSE,0.563036475802768
AUDNZD,YAHOO.INDEX_GSPTSE,0.000261726759082111
AUDJPY,YAHOO.INDEX_GSPTSE,0.77461742722879
AUDGBP,YAHOO.INDEX_GSPTSE,0.253501476474645
AUDEUR,YAHOO.INDEX_GSPTSE,0.370040485358553
AUDCHF,YAHOO.INDEX_GSPTSE,0.298580962486967
AUDCAD,YAHOO.INDEX_GSPTSE,0.392686150540144
CADUSD,YAHOO.INDEX_GSPTSE,0.635099353600414
CADNZD,YAHOO.INDEX_GSPTSE,-0.376221754691401
CADJPY,YAHOO.INDEX_GSPTSE,0.481294539375238
CADGBP,YAHOO.INDEX_GSPTSE,0.132041831277675
CADEUR,YAHOO.INDEX_GSPTSE,0.264548093674324
CADCHF,YAHOO.INDEX_GSPTSE,-0.0509795124192995
CHFUSD,YAHOO.INDEX_GSPTSE,0.42730846287746
CHFNZD,YAHOO.INDEX_GSPTSE,-0.265467808298996
CHFJPY,YAHOO.INDEX_GSPTSE,0.662995726611227
CHFGBP,YAHOO.INDEX_GSPTSE,0.149317580982979
CHFEUR,YAHOO.INDEX_GSPTSE,0.244150069106234
EURUSD,YAHOO.INDEX_GSPTSE,0.437517673862256
EURNZD,YAHOO.INDEX_GSPTSE,-0.466516467220023
EURJPY,YAHOO.INDEX_GSPTSE,0.280435393415809
EURGBP,YAHOO.INDEX_GSPTSE,-0.0350128205824433
GBPUSD,YAHOO.INDEX_GSPTSE,0.303159436604529
GBPNZD,YAHOO.INDEX_GSPTSE,-0.312888209749058
GBPJPY,YAHOO.INDEX_GSPTSE,0.188811273931606
JPYUSD,YAHOO.INDEX_GSPTSE,-0.0509942793562455
JPYNZD,YAHOO.INDEX_GSPTSE,-0.587185290362047
NZDUSD,YAHOO.INDEX_GSPTSE,0.686850138687894
YAHOO.INDEX_GDAXI,YAHOO.INDEX_GSPTSE,0.850729564692232
YAHOO.INDEX_FTSE,YAHOO.INDEX_GSPTSE,0.860609860228964
YAHOO.INDEX_AORD,YAHOO.INDEX_GSPTSE,0.799268065110659
NIKKEI.INDEX,YAHOO.INDEX_GSPTSE,0.484855157886793
OFDP.SILVER_5,YAHOO.INDEX_GSPTSE,0.399143770196935
WGC.GOLD_DAILY_USD,YAHOO.INDEX_GSPTSE,0.323348603711278
WSJ.COPPER,YAHOO.INDEX_GSPTSE,0.718885282345059
WSJ.CORN_2,YAHOO.INDEX_GSPTSE,0.217511299802505
WSJ.PL_MKT,YAHOO.INDEX_GSPTSE,0.601581656197625
OFDP.FUTURE_B1,YAHOO.INDEX_GSPTSE,0.675504397067015
FED.JRXWTFB_N_B,YAHOO.INDEX_GSPTSE,0.501618730367599
AUDUSD,OFDP.SILVER_5,0.895567165792474
AUDNZD,OFDP.SILVER_5,0.660952497460996
AUDJPY,OFDP.SILVER_5,-0.00434623159428108
AUDGBP,OFDP.SILVER_5,0.891447575431598
AUDEUR,OFDP.SILVER_5,0.82803858550602
AUDCHF,OFDP.SILVER_5,0.0238747907467955
AUDCAD,OFDP.SILVER_5,0.786283849590165
CADUSD,OFDP.SILVER_5,0.783828774947588
CADNZD,OFDP.SILVER_5,-0.173795916009303
CADJPY,OFDP.SILVER_5,-0.464775291808408
CADGBP,OFDP.SILVER_5,0.80217794894904
CADEUR,OFDP.SILVER_5,0.60530151187891
CADCHF,OFDP.SILVER_5,-0.569144377593644
CHFUSD,OFDP.SILVER_5,0.861626691779449
CHFNZD,OFDP.SILVER_5,0.424926096164137
CHFJPY,OFDP.SILVER_5,0.00213542342524656
CHFGBP,OFDP.SILVER_5,0.812769952260641
CHFEUR,OFDP.SILVER_5,0.817632390522048
EURUSD,OFDP.SILVER_5,0.218931560499905
EURNZD,OFDP.SILVER_5,-0.486241476757219
EURJPY,OFDP.SILVER_5,-0.652552024838796
EURGBP,OFDP.SILVER_5,0.581130498419353
GBPUSD,OFDP.SILVER_5,-0.477655710008424
GBPNZD,OFDP.SILVER_5,-0.777779543962634
GBPJPY,OFDP.SILVER_5,-0.694605646130313
JPYUSD,OFDP.SILVER_5,0.820326555992111
JPYNZD,OFDP.SILVER_5,0.260090534627472
NZDUSD,OFDP.SILVER_5,0.64680734453328
YAHOO.INDEX_GDAXI,OFDP.SILVER_5,0.403012735584465
YAHOO.INDEX_FTSE,OFDP.SILVER_5,0.250539843618034
YAHOO.INDEX_AORD,OFDP.SILVER_5,-0.0965655795007555
NIKKEI.INDEX,OFDP.SILVER_5,-0.46290079171591
YAHOO.INDEX_GSPTSE,OFDP.SILVER_5,0.399143770196935
WGC.GOLD_DAILY_USD,OFDP.SILVER_5,0.932479217942387
WSJ.COPPER,OFDP.SILVER_5,0.674284463621826
WSJ.CORN_2,OFDP.SILVER_5,0.822062848458633
WSJ.PL_MKT,OFDP.SILVER_5,0.56397479736109
OFDP.FUTURE_B1,OFDP.SILVER_5,0.776963636549404
FED.JRXWTFB_N_B,OFDP.SILVER_5,-0.374887336538638
AUDUSD,WGC.GOLD_DAILY_USD,0.868350487689987
AUDNZD,WGC.GOLD_DAILY_USD,0.630145277923661
AUDJPY,WGC.GOLD_DAILY_USD,-0.0794458974713887
AUDGBP,WGC.GOLD_DAILY_USD,0.955358631499515
AUDEUR,WGC.GOLD_DAILY_USD,0.829299903274524
AUDCHF,WGC.GOLD_DAILY_USD,-0.11077745315797
AUDCAD,WGC.GOLD_DAILY_USD,0.78753310050615
CADUSD,WGC.GOLD_DAILY_USD,0.737678383778509
CADNZD,WGC.GOLD_DAILY_USD,-0.190236102609803
CADJPY,WGC.GOLD_DAILY_USD,-0.545262894816876
CADGBP,WGC.GOLD_DAILY_USD,0.899815468539525
CADEUR,WGC.GOLD_DAILY_USD,0.604312908130291
CADCHF,WGC.GOLD_DAILY_USD,-0.675284859637145
CHFUSD,WGC.GOLD_DAILY_USD,0.906022922497555
CHFNZD,WGC.GOLD_DAILY_USD,0.510512018009806
CHFJPY,WGC.GOLD_DAILY_USD,0.0259352449862603
CHFGBP,WGC.GOLD_DAILY_USD,0.92076351922767
CHFEUR,WGC.GOLD_DAILY_USD,0.895615816840668
EURUSD,WGC.GOLD_DAILY_USD,0.172071979193362
EURNZD,WGC.GOLD_DAILY_USD,-0.488735668496758
EURJPY,WGC.GOLD_DAILY_USD,-0.719139664746115
EURGBP,WGC.GOLD_DAILY_USD,0.712620148787905
GBPUSD,WGC.GOLD_DAILY_USD,-0.646414395549008
GBPNZD,WGC.GOLD_DAILY_USD,-0.884503208559967
GBPJPY,WGC.GOLD_DAILY_USD,-0.809520400332295
JPYUSD,WGC.GOLD_DAILY_USD,0.850997856094203
JPYNZD,WGC.GOLD_DAILY_USD,0.315500610895119
NZDUSD,WGC.GOLD_DAILY_USD,0.644850455642749
YAHOO.INDEX_GDAXI,WGC.GOLD_DAILY_USD,0.451947444417873
YAHOO.INDEX_FTSE,WGC.GOLD_DAILY_USD,0.207384497244864
YAHOO.INDEX_AORD,WGC.GOLD_DAILY_USD,-0.176736405768154
NIKKEI.INDEX,WGC.GOLD_DAILY_USD,-0.531547609169742
YAHOO.INDEX_GSPTSE,WGC.GOLD_DAILY_USD,0.323348603711278
OFDP.SILVER_5,WGC.GOLD_DAILY_USD,0.932479217942387
WSJ.COPPER,WGC.GOLD_DAILY_USD,0.479820930709943
WSJ.CORN_2,WGC.GOLD_DAILY_USD,0.767359826501188
WSJ.PL_MKT,WGC.GOLD_DAILY_USD,0.406970953966432
OFDP.FUTURE_B1,WGC.GOLD_DAILY_USD,0.77076336472677
FED.JRXWTFB_N_B,WGC.GOLD_DAILY_USD,-0.269620893191558
AUDUSD,WSJ.COPPER,0.846202696297788
AUDNZD,WSJ.COPPER,0.273734420531274
AUDJPY,WSJ.COPPER,0.517412059888374
AUDGBP,WSJ.COPPER,0.513458914879955
AUDEUR,WSJ.COPPER,0.662784991373012
AUDCHF,WSJ.COPPER,0.586249476239468
AUDCAD,WSJ.COPPER,0.666401764320683
CADUSD,WSJ.COPPER,0.879095622531739
CADNZD,WSJ.COPPER,-0.433209983928684
CADJPY,WSJ.COPPER,0.164005855686053
CADGBP,WSJ.COPPER,0.30209118392847
CADEUR,WSJ.COPPER,0.541609421857711
CADCHF,WSJ.COPPER,0.00959834339405641
CHFUSD,WSJ.COPPER,0.517821229903114
CHFNZD,WSJ.COPPER,-0.419288768289878
CHFJPY,WSJ.COPPER,0.170487855420636
CHFGBP,WSJ.COPPER,0.207625711130258
CHFEUR,WSJ.COPPER,0.356085951083593
EURUSD,WSJ.COPPER,0.216925299534665
EURNZD,WSJ.COPPER,-0.636028885720802
EURJPY,WSJ.COPPER,-0.106337444790879
EURGBP,WSJ.COPPER,-0.200258386241745
GBPUSD,WSJ.COPPER,0.253515334693413
GBPNZD,WSJ.COPPER,-0.464774922330977
GBPJPY,WSJ.COPPER,-0.00594218914136556
JPYUSD,WSJ.COPPER,0.291706144037044
JPYNZD,WSJ.COPPER,-0.385828556389893
NZDUSD,WSJ.COPPER,0.725560670930649
YAHOO.INDEX_GDAXI,WSJ.COPPER,0.432860614024823
YAHOO.INDEX_FTSE,WSJ.COPPER,0.594470649295932
YAHOO.INDEX_AORD,WSJ.COPPER,0.409272050869529
NIKKEI.INDEX,WSJ.COPPER,0.1522999609132
YAHOO.INDEX_GSPTSE,WSJ.COPPER,0.718885282345059
OFDP.SILVER_5,WSJ.COPPER,0.674284463621826
WGC.GOLD_DAILY_USD,WSJ.COPPER,0.479820930709943
WSJ.CORN_2,WSJ.COPPER,0.579145674677488
WSJ.PL_MKT,WSJ.COPPER,0.830641950577588
OFDP.FUTURE_B1,WSJ.COPPER,0.730026333274847
FED.JRXWTFB_N_B,WSJ.COPPER,-0.26795995176359
AUDUSD,WSJ.CORN_2,0.775452479274594
AUDNZD,WSJ.CORN_2,0.432090875580257
AUDJPY,WSJ.CORN_2,0.120409729228145
AUDGBP,WSJ.CORN_2,0.716636586977045
AUDEUR,WSJ.CORN_2,0.752641532227441
AUDCHF,WSJ.CORN_2,0.223456125291346
AUDCAD,WSJ.CORN_2,0.742314751685924
CADUSD,WSJ.CORN_2,0.600579519737669
CADNZD,WSJ.CORN_2,-0.347934614817177
CADJPY,WSJ.CORN_2,-0.287683723341321
CADGBP,WSJ.CORN_2,0.547833618017927
CADEUR,WSJ.CORN_2,0.577913814415505
CADCHF,WSJ.CORN_2,-0.375529544786583
CHFUSD,WSJ.CORN_2,0.667453120350871
CHFNZD,WSJ.CORN_2,0.0577027865252128
CHFJPY,WSJ.CORN_2,-0.0142100602370544
CHFGBP,WSJ.CORN_2,0.561876556090083
CHFEUR,WSJ.CORN_2,0.650319720202061
EURUSD,WSJ.CORN_2,-0.11284407145931
EURNZD,WSJ.CORN_2,-0.55179373020039
EURJPY,WSJ.CORN_2,-0.477762303754894
EURGBP,WSJ.CORN_2,0.125404445936411
GBPUSD,WSJ.CORN_2,-0.194883044994435
GBPNZD,WSJ.CORN_2,-0.596805264787148
GBPJPY,WSJ.CORN_2,-0.417970637752748
JPYUSD,WSJ.CORN_2,0.578274016786915
JPYNZD,WSJ.CORN_2,0.00725565259130614
NZDUSD,WSJ.CORN_2,0.554367259936239
YAHOO.INDEX_GDAXI,WSJ.CORN_2,0.189517842262354
YAHOO.INDEX_FTSE,WSJ.CORN_2,0.249229878837523
YAHOO.INDEX_AORD,WSJ.CORN_2,-0.169466118082393
NIKKEI.INDEX,WSJ.CORN_2,-0.280426349897644
YAHOO.INDEX_GSPTSE,WSJ.CORN_2,0.217511299802505
OFDP.SILVER_5,WSJ.CORN_2,0.822062848458633
WGC.GOLD_DAILY_USD,WSJ.CORN_2,0.767359826501188
WSJ.COPPER,WSJ.CORN_2,0.579145674677488
WSJ.PL_MKT,WSJ.CORN_2,0.53125561029348
OFDP.FUTURE_B1,WSJ.CORN_2,0.736920045118312
FED.JRXWTFB_N_B,WSJ.CORN_2,-0.27216174192582
AUDUSD,WSJ.PL_MKT,0.730742133054067
AUDNZD,WSJ.PL_MKT,0.297760081107093
AUDJPY,WSJ.PL_MKT,0.427830874768469
AUDGBP,WSJ.PL_MKT,0.430816694552929
AUDEUR,WSJ.PL_MKT,0.48764161184763
AUDCHF,WSJ.PL_MKT,0.488513822456221
AUDCAD,WSJ.PL_MKT,0.558939108756041
CADUSD,WSJ.PL_MKT,0.780726272357408
CADNZD,WSJ.PL_MKT,-0.312699815856557
CADJPY,WSJ.PL_MKT,0.120000637907343
CADGBP,WSJ.PL_MKT,0.266545524981253
CADEUR,WSJ.PL_MKT,0.341314891593508
CADCHF,WSJ.PL_MKT,-0.00370617194715633
CHFUSD,WSJ.PL_MKT,0.451870569337278
CHFNZD,WSJ.PL_MKT,-0.303670642677255
CHFJPY,WSJ.PL_MKT,0.133854614219955
CHFGBP,WSJ.PL_MKT,0.171078970915327
CHFEUR,WSJ.PL_MKT,0.224678731315756
EURUSD,WSJ.PL_MKT,0.386085334219805
EURNZD,WSJ.PL_MKT,-0.430924187018237
EURJPY,WSJ.PL_MKT,-0.0415921918520385
EURGBP,WSJ.PL_MKT,-0.0303292323770823
GBPUSD,WSJ.PL_MKT,0.225238483884606
GBPNZD,WSJ.PL_MKT,-0.379142801109968
GBPJPY,WSJ.PL_MKT,-0.0325509859422907
JPYUSD,WSJ.PL_MKT,0.261043352292431
JPYNZD,WSJ.PL_MKT,-0.293268176244276
NZDUSD,WSJ.PL_MKT,0.596387127045322
YAHOO.INDEX_GDAXI,WSJ.PL_MKT,0.256747437079399
YAHOO.INDEX_FTSE,WSJ.PL_MKT,0.403755953949525
YAHOO.INDEX_AORD,WSJ.PL_MKT,0.292123362315678
NIKKEI.INDEX,WSJ.PL_MKT,0.0428089866712605
YAHOO.INDEX_GSPTSE,WSJ.PL_MKT,0.601581656197625
OFDP.SILVER_5,WSJ.PL_MKT,0.56397479736109
WGC.GOLD_DAILY_USD,WSJ.PL_MKT,0.406970953966432
WSJ.COPPER,WSJ.PL_MKT,0.830641950577588
WSJ.CORN_2,WSJ.PL_MKT,0.53125561029348
OFDP.FUTURE_B1,WSJ.PL_MKT,0.689576512934885
FED.JRXWTFB_N_B,WSJ.PL_MKT,-0.0357228097162496
AUDUSD,OFDP.FUTURE_B1,0.864905267408578
AUDNZD,OFDP.FUTURE_B1,0.383172486168606
AUDJPY,OFDP.FUTURE_B1,0.396954426708174
AUDGBP,OFDP.FUTURE_B1,0.712139254325267
AUDEUR,OFDP.FUTURE_B1,0.69302790427916
AUDCHF,OFDP.FUTURE_B1,0.0676241556607039
AUDCAD,OFDP.FUTURE_B1,0.724003590043664
CADUSD,OFDP.FUTURE_B1,0.816024384506556
CADNZD,OFDP.FUTURE_B1,-0.349927402626711
CADJPY,OFDP.FUTURE_B1,-0.0699864894035016
CADGBP,OFDP.FUTURE_B1,0.59166280560482
CADEUR,OFDP.FUTURE_B1,0.455546173383777
CADCHF,OFDP.FUTURE_B1,-0.486016244080412
CHFUSD,OFDP.FUTURE_B1,0.821354617349648
CHFNZD,OFDP.FUTURE_B1,0.18061639347361
CHFJPY,OFDP.FUTURE_B1,0.417741574460244
CHFGBP,OFDP.FUTURE_B1,0.639829463341236
CHFEUR,OFDP.FUTURE_B1,0.676208930343983
EURUSD,OFDP.FUTURE_B1,0.438213372869471
EURNZD,OFDP.FUTURE_B1,-0.530952707829371
EURJPY,OFDP.FUTURE_B1,-0.249469458189603
EURGBP,OFDP.FUTURE_B1,0.418217917967864
GBPUSD,OFDP.FUTURE_B1,-0.185566733213389
GBPNZD,OFDP.FUTURE_B1,-0.700684831522599
GBPJPY,OFDP.FUTURE_B1,-0.385407683829383
JPYUSD,OFDP.FUTURE_B1,0.487823319844543
JPYNZD,OFDP.FUTURE_B1,-0.156403246160848
NZDUSD,OFDP.FUTURE_B1,0.796228629560989
YAHOO.INDEX_GDAXI,OFDP.FUTURE_B1,0.660709598006632
YAHOO.INDEX_FTSE,OFDP.FUTURE_B1,0.509521106685961
YAHOO.INDEX_AORD,OFDP.FUTURE_B1,0.223572687974566
NIKKEI.INDEX,OFDP.FUTURE_B1,-0.129591564362672
YAHOO.INDEX_GSPTSE,OFDP.FUTURE_B1,0.675504397067015
OFDP.SILVER_5,OFDP.FUTURE_B1,0.776963636549404
WGC.GOLD_DAILY_USD,OFDP.FUTURE_B1,0.77076336472677
WSJ.COPPER,OFDP.FUTURE_B1,0.730026333274847
WSJ.CORN_2,OFDP.FUTURE_B1,0.736920045118312
WSJ.PL_MKT,OFDP.FUTURE_B1,0.689576512934885
FED.JRXWTFB_N_B,OFDP.FUTURE_B1,0.017197884285806
AUDUSD,FED.JRXWTFB_N_B,-0.616646316969669
AUDNZD,FED.JRXWTFB_N_B,-0.633810854273956
AUDJPY,FED.JRXWTFB_N_B,0.0308268467168984
AUDGBP,FED.JRXWTFB_N_B,-0.706347094814785
AUDEUR,FED.JRXWTFB_N_B,-0.628022051279778
AUDCHF,FED.JRXWTFB_N_B,-0.672918360457409
AUDCAD,FED.JRXWTFB_N_B,0.312294991989242
CADUSD,FED.JRXWTFB_N_B,-0.82716693896594
CADNZD,FED.JRXWTFB_N_B,-0.550646671912697
CADJPY,FED.JRXWTFB_N_B,-0.468654633999409
CADGBP,FED.JRXWTFB_N_B,-0.640334741627153
CADEUR,FED.JRXWTFB_N_B,-0.669121500727026
CADCHF,FED.JRXWTFB_N_B,-0.662718543858272
CHFUSD,FED.JRXWTFB_N_B,0.35320734985907
CHFNZD,FED.JRXWTFB_N_B,0.0194964861873839
CHFJPY,FED.JRXWTFB_N_B,0.590427573237984
CHFGBP,FED.JRXWTFB_N_B,-0.382651585216508
CHFEUR,FED.JRXWTFB_N_B,0.493335460833113
EURUSD,FED.JRXWTFB_N_B,0.259787895997915
EURNZD,FED.JRXWTFB_N_B,-0.119117959044234
EURJPY,FED.JRXWTFB_N_B,0.574761147419227
EURGBP,FED.JRXWTFB_N_B,-0.436506180856647
GBPUSD,FED.JRXWTFB_N_B,0.42753981620245
GBPNZD,FED.JRXWTFB_N_B,0.539724648593021
GBPJPY,FED.JRXWTFB_N_B,0.573063433370559
JPYUSD,FED.JRXWTFB_N_B,-0.651501762854104
JPYNZD,FED.JRXWTFB_N_B,-0.460534155346776
NZDUSD,FED.JRXWTFB_N_B,0.216709213345548
YAHOO.INDEX_GDAXI,FED.JRXWTFB_N_B,0.439179764925944
YAHOO.INDEX_FTSE,FED.JRXWTFB_N_B,0.24395211645609
YAHOO.INDEX_AORD,FED.JRXWTFB_N_B,0.341629889345918
NIKKEI.INDEX,FED.JRXWTFB_N_B,0.35175413292329
YAHOO.INDEX_GSPTSE,FED.JRXWTFB_N_B,0.501618730367599
OFDP.SILVER_5,FED.JRXWTFB_N_B,-0.374887336538638
WGC.GOLD_DAILY_USD,FED.JRXWTFB_N_B,-0.269620893191558
WSJ.COPPER,FED.JRXWTFB_N_B,-0.26795995176359
WSJ.CORN_2,FED.JRXWTFB_N_B,-0.27216174192582
WSJ.PL_MKT,FED.JRXWTFB_N_B,-0.0357228097162496
OFDP.FUTURE_B1,FED.JRXWTFB_N_B,0.017197884285806
