EURJPY	GBPJPY	0.9678380777984575
GBPJPY	NIKKEI.INDEX	0.9616270046402674
CHFJPY	EURJPY	0.9598820853460032
YAHOO.INDEX_GDAXI	YAHOO.INDEX_FTSE	0.9572417607378867
EURJPY	NIKKEI.INDEX	0.9522041108219822
CHFJPY	GBPJPY	0.9444714710703335
CADJPY	NIKKEI.INDEX	0.9398677434272434
GBPJPY	YAHOO.INDEX_GDAXI	0.9391319356525288
JPYUSD	JPYNZD	0.9367716037320464
CHFJPY	NIKKEI.INDEX	0.9351695143639899
EURJPY	YAHOO.INDEX_AORD	0.9237905607880922
YAHOO.INDEX_FTSE	NIKKEI.INDEX	0.9237266972398015
CADJPY	EURJPY	0.9199181164428311
YAHOO.INDEX_GDAXI	NIKKEI.INDEX	0.9191085571818006
AUDUSD	AUDGBP	0.9123357938281849
AUDJPY	CADJPY	0.9120527807106221
GBPJPY	YAHOO.INDEX_AORD	0.9107567315690022
YAHOO.INDEX_FTSE	YAHOO.INDEX_AORD	0.9099650764480551
CADJPY	YAHOO.INDEX_FTSE	0.906177250088869
CADJPY	GBPJPY	0.9049627114532329
YAHOO.INDEX_GDAXI	YAHOO.INDEX_AORD	0.9024910624615883
YAHOO.INDEX_AORD	NIKKEI.INDEX	0.8956135887661086
GBPJPY	YAHOO.INDEX_FTSE	0.8947510950693282
WSJ.COPPER	WSJ.PL_MKT	0.8901287303217408
AUDNZD	JPYNZD	0.8900631767950832
CHFJPY	YAHOO.INDEX_GDAXI	0.8875689838502322
AUDGBP	AUDEUR	0.8875612352756505
EURJPY	YAHOO.INDEX_GDAXI	0.8864243528382599
AUDEUR	CADEUR	0.8860839364673528
AUDJPY	YAHOO.INDEX_FTSE	0.8842736468200205
CADJPY	CHFJPY	0.8841238172737358
CADJPY	YAHOO.INDEX_AORD	0.8794787110703969
EURJPY	YAHOO.INDEX_FTSE	0.8771624305003771
AUDNZD	CADNZD	0.868972358279778
CHFJPY	YAHOO.INDEX_FTSE	0.8667060525833687
AUDUSD	OFDP.SILVER_5	0.8653644210055951
CADJPY	YAHOO.INDEX_GDAXI	0.8649826115687236
AUDNZD	JPYUSD	0.8643380655287558
AUDGBP	CADGBP	0.8634181660308126
AUDCHF	CADCHF	0.8593629479182304
AUDEUR	AUDCHF	0.8582712885047042
CADNZD	JPYNZD	0.8568874329832991
AUDCHF	CADEUR	0.8502516870901828
AUDUSD	CADUSD	0.8474753027525151
CHFJPY	YAHOO.INDEX_AORD	0.8461130458073993
AUDJPY	CHFJPY	0.8379853058023682
CHFUSD	CHFGBP	0.8368877933001165
AUDJPY	NIKKEI.INDEX	0.8344857003476619
CADUSD	CADGBP	0.8331557625268554
CADUSD	OFDP.SILVER_5	0.8325806698349324
EURNZD	GBPNZD	0.8265922433401931
AUDUSD	WGC.GOLD_DAILY_USD	0.8205364259277012
AUDNZD	CADUSD	0.8198628150229959
AUDJPY	YAHOO.INDEX_GDAXI	0.8181497288512767
AUDJPY	EURJPY	0.8178692278684879
AUDUSD	AUDEUR	0.8172533130916249
AUDNZD	CADGBP	0.8171130489478526
AUDUSD	AUDCAD	0.8148329052751938
AUDGBP	WSJ.CORN_2	0.8143063584413152
AUDJPY	GBPJPY	0.8076286545408522
OFDP.SILVER_5	WGC.GOLD_DAILY_USD	0.8034682232103132
AUDGBP	CADUSD	0.8022700141533303
AUDGBP	AUDCHF	0.8006714705625523
YAHOO.INDEX_AORD	YAHOO.INDEX_GSPTSE	0.7977074568269154
AUDUSD	WSJ.CORN_2	0.7969634255247927
CADGBP	CADEUR	0.7964545260419866
AUDJPY	YAHOO.INDEX_AORD	0.793588653229023
AUDNZD	AUDCHF	0.7930980179209552
AUDNZD	AUDGBP	0.7910525665344842
CADEUR	CADCHF	0.7855212307796686
AUDEUR	WGC.GOLD_DAILY_USD	0.7799355630450147
CADUSD	WSJ.COPPER	0.7748663846016379
AUDGBP	WGC.GOLD_DAILY_USD	0.7743942831991092
AUDCHF	CADGBP	0.7654702728100974
AUDEUR	WSJ.CORN_2	0.7641673756679348
CADNZD	CADCHF	0.760813677773808
JPYUSD	OFDP.SILVER_5	0.7554702170245596
OFDP.SILVER_5	WSJ.PL_MKT	0.753849844179274
OFDP.SILVER_5	WSJ.COPPER	0.748069433832962
AUDCAD	WGC.GOLD_DAILY_USD	0.7461489836842373
WGC.GOLD_DAILY_USD	WSJ.CORN_2	0.7422570271137556
AUDGBP	CADEUR	0.7367790435078907
AUDGBP	OFDP.SILVER_5	0.7357329774472504
AUDUSD	AUDNZD	0.7345793168959065
CADUSD	WSJ.PL_MKT	0.7325526490780997
CHFNZD	EURNZD	0.7317424773626935
YAHOO.INDEX_GDAXI	YAHOO.INDEX_GSPTSE	0.7299533577117157
CADUSD	WSJ.CORN_2	0.7299198048631165
CADUSD	JPYUSD	0.7252398488120447
AUDEUR	CADGBP	0.7219620221394523
JPYUSD	WGC.GOLD_DAILY_USD	0.7161581786342159
OFDP.SILVER_5	WSJ.CORN_2	0.7145977813354523
AUDGBP	AUDCAD	0.7121729930873174
AUDEUR	AUDCAD	0.711011566109254
AUDNZD	OFDP.SILVER_5	0.7108008224593014
AUDUSD	JPYUSD	0.7092570411386309
GBPUSD	YAHOO.INDEX_GSPTSE	0.7086858878588701
CHFUSD	EURUSD	0.7082972628204148
CADGBP	WSJ.CORN_2	0.7054775869641755
EURJPY	YAHOO.INDEX_GSPTSE	0.6973821178099482
CHFGBP	CHFEUR	0.692640288348975
EURUSD	EURGBP	0.691307196740274
CADNZD	JPYUSD	0.6899975121072272
AUDNZD	WSJ.COPPER	0.6887565107382778
YAHOO.INDEX_FTSE	YAHOO.INDEX_GSPTSE	0.6863185106614423
AUDUSD	CADGBP	0.6852254511123409
AUDGBP	JPYUSD	0.6847940889399945
AUDNZD	CADCHF	0.6828201393657817
GBPJPY	YAHOO.INDEX_GSPTSE	0.6804469254331423
AUDUSD	AUDCHF	0.6774080252880061
AUDJPY	NZDUSD	0.6739167160191127
CADUSD	CADNZD	0.6730137439665729
CADNZD	EURNZD	0.6701309467780693
CADNZD	CADGBP	0.6691464638049907
AUDNZD	AUDEUR	0.6645415395810657
CHFUSD	CHFEUR	0.6609151931332992
CHFJPY	YAHOO.INDEX_GSPTSE	0.6541038853617367
CADGBP	CADCHF	0.6540651174394667
AUDNZD	CADEUR	0.653130944608181
AUDEUR	CADUSD	0.652027112797479
CADNZD	GBPNZD	0.6502237297165595
AUDNZD	WSJ.PL_MKT	0.6496233286516497
CADEUR	WSJ.CORN_2	0.6470615302181278
CHFEUR	NZDUSD	0.646203594111381
AUDCHF	CADUSD	0.6455896946520518
AUDEUR	JPYUSD	0.6455289529044541
CADUSD	CADEUR	0.6374210062928425
CADGBP	JPYUSD	0.6330095457571151
CHFJPY	NZDUSD	0.6288189245755454
AUDCHF	JPYUSD	0.6287845323244798
EURNZD	EURGBP	0.6262665446257555
CADUSD	JPYNZD	0.6252173281865355
AUDUSD	WSJ.COPPER	0.6237527888519008
CADUSD	WGC.GOLD_DAILY_USD	0.6227509928904883
CHFNZD	EURUSD	0.6197612823506564
AUDCHF	JPYNZD	0.6191417637222436
CHFNZD	EURGBP	0.6145632903975329
NIKKEI.INDEX	YAHOO.INDEX_GSPTSE	0.6117645957270005
AUDUSD	WSJ.PL_MKT	0.6097684152041156
CADNZD	WSJ.COPPER	0.6074397342099531
CHFEUR	OFDP.FUTURE_B1	0.6053133460332277
CHFUSD	NZDUSD	0.6033195175154137
CADCHF	JPYNZD	0.6025580960338899
AUDCHF	CADNZD	0.6019481664564313
AUDNZD	WSJ.CORN_2	0.6002245804253993
AUDCAD	OFDP.SILVER_5	0.5971154893372576
NZDUSD	YAHOO.INDEX_GDAXI	0.5959313802268166
EURUSD	GBPUSD	0.59447434732102
CADGBP	OFDP.SILVER_5	0.5941010447229722
NZDUSD	OFDP.FUTURE_B1	0.5925222292894824
CHFUSD	OFDP.FUTURE_B1	0.5920998079667478
EURUSD	YAHOO.INDEX_GSPTSE	0.5910983379633307
CADEUR	JPYUSD	0.5886471508796107
JPYUSD	WSJ.COPPER	0.5863886477837721
AUDCAD	WSJ.CORN_2	0.583555958402861
JPYNZD	OFDP.SILVER_5	0.5817126327634561
AUDCHF	WSJ.CORN_2	0.5794102096064201
AUDUSD	CADEUR	0.5743174234236391
AUDEUR	OFDP.SILVER_5	0.5732572445238191
NZDUSD	YAHOO.INDEX_FTSE	0.5695847214432604
CADEUR	WGC.GOLD_DAILY_USD	0.5667205695994081
JPYUSD	WSJ.PL_MKT	0.5663813451552229
CADGBP	JPYNZD	0.5618303274562912
AUDEUR	CADCHF	0.5593153931849926
GBPNZD	JPYNZD	0.5555830316975252
CHFGBP	EURGBP	0.5554890570895882
AUDNZD	WGC.GOLD_DAILY_USD	0.5554254039621304
CADEUR	JPYNZD	0.5548483378708645
CADNZD	WSJ.PL_MKT	0.5535711987961041
CHFUSD	GBPUSD	0.5510717175041684
JPYNZD	WSJ.COPPER	0.5471619119797908
CADGBP	WGC.GOLD_DAILY_USD	0.5433502688666175
JPYUSD	WSJ.CORN_2	0.542561344366336
CADNZD	CADEUR	0.5407932021249364
CHFGBP	OFDP.FUTURE_B1	0.53384408126115
CADJPY	YAHOO.INDEX_GSPTSE	0.5324635979060656
CHFEUR	WGC.GOLD_DAILY_USD	0.5303604306215534
CHFUSD	CHFNZD	0.5302258400408375
EURUSD	EURNZD	0.5272045135745378
CHFNZD	CHFGBP	0.5263701992597417
AUDJPY	YAHOO.INDEX_GSPTSE	0.5262823391856559
CADGBP	WSJ.COPPER	0.5249668613056351
JPYNZD	WSJ.PL_MKT	0.5181616083722573
AUDCHF	WGC.GOLD_DAILY_USD	0.5144097529133193
CADUSD	CADCHF	0.5136997890795317
AUDGBP	WSJ.COPPER	0.5054732975144144
GBPJPY	NZDUSD	0.5054610908871039
EURGBP	WSJ.PL_MKT	0.5045098543954254
CHFNZD	WSJ.COPPER	0.5023815947575154
AUDUSD	JPYNZD	0.49842141495866127
EURNZD	JPYNZD	0.49762554495784456
EURNZD	WSJ.PL_MKT	0.49604736752329814
AUDEUR	JPYNZD	0.4953805717710679
CHFNZD	GBPNZD	0.49327582766100175
CHFGBP	OFDP.SILVER_5	0.48988949226138934
JPYNZD	WGC.GOLD_DAILY_USD	0.48789259365825743
CHFNZD	WSJ.PL_MKT	0.48675655982194393
GBPUSD	YAHOO.INDEX_GDAXI	0.4851459049575265
AUDGBP	WSJ.PL_MKT	0.4840770381405485
CADGBP	WSJ.PL_MKT	0.4823410913936214
AUDCHF	AUDCAD	0.478363918390165
NZDUSD	NIKKEI.INDEX	0.4782933417658769
OFDP.SILVER_5	OFDP.FUTURE_B1	0.4772774877309958
EURNZD	WSJ.COPPER	0.47710174324075516
EURUSD	WSJ.PL_MKT	0.472891120424054
GBPUSD	NZDUSD	0.47258000569211045
GBPUSD	GBPJPY	0.469068956948825
CHFNZD	OFDP.SILVER_5	0.4690034443796363
AUDGBP	JPYNZD	0.4683509572930229
WGC.GOLD_DAILY_USD	OFDP.FUTURE_B1	0.4667882295972472
CADCHF	JPYUSD	0.46387402756714036
AUDCAD	CHFEUR	0.46279628410098667
EURJPY	NZDUSD	0.45961813315037087
CHFGBP	EURUSD	0.4579310674519223
CHFNZD	JPYNZD	0.45147514602992267
CADJPY	NZDUSD	0.45022478200869753
CHFJPY	GBPUSD	0.44520447277988356
AUDCAD	OFDP.FUTURE_B1	0.44507042310014683
AUDCAD	JPYUSD	0.44377511555651034
WSJ.COPPER	WSJ.CORN_2	0.4410525507685439
WSJ.CORN_2	OFDP.FUTURE_B1	0.4398305757980643
CADNZD	OFDP.SILVER_5	0.43665013573398065
CADNZD	CHFNZD	0.43637459755391284
CHFUSD	CHFJPY	0.4354236427970811
AUDCAD	NZDUSD	0.4302200902609997
AUDCHF	OFDP.SILVER_5	0.4280995101069525
AUDNZD	EURNZD	0.4272275823318652
EURGBP	WSJ.COPPER	0.4243585052029758
CHFGBP	NZDUSD	0.42205759977586027
GBPUSD	YAHOO.INDEX_AORD	0.4185931244809973
CHFGBP	WGC.GOLD_DAILY_USD	0.4184392855305025
AUDUSD	OFDP.FUTURE_B1	0.41686144278839193
AUDGBP	CADCHF	0.41416175712673986
EURJPY	GBPUSD	0.4129905084158021
CHFUSD	OFDP.SILVER_5	0.4128402720081356
WSJ.CORN_2	WSJ.PL_MKT	0.4069127650159296
CHFNZD	JPYUSD	0.40480953499335354
NZDUSD	YAHOO.INDEX_GSPTSE	0.40036947171384807
NZDUSD	YAHOO.INDEX_AORD	0.3998201852204522
WGC.GOLD_DAILY_USD	WSJ.PL_MKT	0.39423579023268657
EURUSD	EURJPY	0.39092844986583497
EURUSD	WSJ.COPPER	0.38980081252804183
CADEUR	OFDP.SILVER_5	0.3880861154007245
AUDNZD	AUDCAD	0.38719622580728486
AUDCAD	CADUSD	0.3831346964898332
AUDUSD	CHFGBP	0.3784085086747806
JPYNZD	WSJ.CORN_2	0.37759329265107117
AUDCHF	WSJ.COPPER	0.37699872012291785
AUDGBP	CADNZD	0.37379167159747473
CHFEUR	WSJ.CORN_2	0.37344387973094334
CHFGBP	WSJ.CORN_2	0.3726680384394697
CHFUSD	YAHOO.INDEX_GSPTSE	0.37225354073240646
CHFUSD	EURGBP	0.3716234987560635
CHFJPY	EURUSD	0.36445728088500734
AUDCAD	CHFGBP	0.36032639502507047
AUDNZD	GBPNZD	0.3597434124593054
AUDNZD	CHFNZD	0.3578188867887727
AUDUSD	CADNZD	0.35145210539293564
AUDCHF	WSJ.PL_MKT	0.34252316194990085
EURUSD	YAHOO.INDEX_AORD	0.337954832152525
AUDEUR	CADNZD	0.33499644243129634
WGC.GOLD_DAILY_USD	WSJ.COPPER	0.33090681875504896
CADCHF	GBPNZD	0.325723675119036
CADNZD	WSJ.CORN_2	0.3226352298290672
AUDGBP	CHFGBP	0.3219193489708261
EURGBP	OFDP.SILVER_5	0.3201132382659922
CADUSD	CHFNZD	0.31132864111831954
CADCHF	WSJ.CORN_2	0.310079233126046
CADGBP	EURGBP	0.3097242843485917
CHFEUR	OFDP.SILVER_5	0.3074649282080154
GBPUSD	YAHOO.INDEX_FTSE	0.305084175040048
CADUSD	EURGBP	0.3049170045250942
AUDCAD	CADEUR	0.3045418336780375
AUDUSD	CHFEUR	0.304009120993343
GBPNZD	JPYUSD	0.3030280147463161
GBPNZD	WSJ.COPPER	0.30245179283198403
AUDEUR	CHFEUR	0.2994726795473292
AUDUSD	CADCHF	0.29828576899307785
AUDEUR	WSJ.COPPER	0.2968389486567065
AUDJPY	OFDP.FUTURE_B1	0.2965558716276222
AUDCAD	CHFUSD	0.2956896002032226
GBPUSD	NIKKEI.INDEX	0.2938507008936602
CADCHF	WSJ.COPPER	0.29368925279597996
CADNZD	EURGBP	0.28708742586025016
GBPUSD	OFDP.FUTURE_B1	0.2842740982103477
AUDCAD	CADGBP	0.28355698532360685
EURNZD	JPYUSD	0.281007806214975
EURUSD	OFDP.SILVER_5	0.270473039960397
GBPNZD	WSJ.PL_MKT	0.2677890151430626
CADUSD	CHFGBP	0.267519447087541
AUDCAD	WSJ.PL_MKT	0.26322827313091196
YAHOO.INDEX_FTSE	OFDP.FUTURE_B1	0.25919793035428385
CHFUSD	EURJPY	0.2565384476861308
CHFUSD	WGC.GOLD_DAILY_USD	0.2551693411497047
AUDNZD	EURGBP	0.2548351397267702
CADUSD	OFDP.FUTURE_B1	0.2528943398846818
CADEUR	WSJ.COPPER	0.2504917163660364
CHFJPY	OFDP.FUTURE_B1	0.24753460464243038
AUDGBP	OFDP.FUTURE_B1	0.24547956347670977
CADCHF	WSJ.PL_MKT	0.2453524524256809
CHFUSD	WSJ.PL_MKT	0.2423408636437795
AUDUSD	CHFUSD	0.24143444704271363
CHFJPY	CHFGBP	0.23939676372960092
AUDCAD	WSJ.COPPER	0.23841543791446007
EURUSD	OFDP.FUTURE_B1	0.23749247359083175
AUDEUR	WSJ.PL_MKT	0.23553846147883006
CHFGBP	WSJ.PL_MKT	0.23464472267391367
YAHOO.INDEX_GSPTSE	OFDP.FUTURE_B1	0.23339051521314547
YAHOO.INDEX_GDAXI	OFDP.FUTURE_B1	0.22763583803960832
CHFJPY	CHFEUR	0.22624728453822612
EURUSD	GBPJPY	0.226035398057379
AUDEUR	OFDP.FUTURE_B1	0.22135051681929174
CADUSD	EURNZD	0.2175072922223192
CHFGBP	WSJ.COPPER	0.21661772477442984
CHFUSD	WSJ.COPPER	0.21175791647832545
AUDGBP	EURGBP	0.20897576694682568
AUDJPY	CHFUSD	0.2065787599491306
AUDGBP	CHFEUR	0.20394208109159467
EURUSD	NZDUSD	0.20237046709403234
CADNZD	WGC.GOLD_DAILY_USD	0.19453781477268253
CADGBP	CHFGBP	0.18902027727279375
AUDCAD	JPYNZD	0.188479798484523
AUDJPY	GBPUSD	0.18737802742542203
CHFUSD	YAHOO.INDEX_GDAXI	0.18307380841011403
CADCHF	EURNZD	0.17798090807341016
NZDUSD	WGC.GOLD_DAILY_USD	0.1735821544062435
EURUSD	YAHOO.INDEX_GDAXI	0.17239201883380803
CADJPY	GBPUSD	0.1722894506169886
AUDUSD	EURGBP	0.1718730082032381
CHFUSD	GBPJPY	0.17123141231448044
EURUSD	GBPNZD	0.17055702403790224
EURUSD	NIKKEI.INDEX	0.16651721352018747
EURNZD	OFDP.SILVER_5	0.1659453259367867
WSJ.COPPER	OFDP.FUTURE_B1	0.1648491909510994
CADEUR	WSJ.PL_MKT	0.15478137204954612
CHFEUR	GBPUSD	0.15387797746414703
CHFNZD	GBPUSD	0.15330147917675543
CADCHF	WGC.GOLD_DAILY_USD	0.15131890669665857
EURUSD	YAHOO.INDEX_FTSE	0.14688508439739884
AUDJPY	CHFEUR	0.14639201778245656
AUDJPY	EURUSD	0.1419871729928516
CADCHF	OFDP.SILVER_5	0.14193828843134748
CADJPY	EURUSD	0.1417889899360802
CHFUSD	WSJ.CORN_2	0.14164289178778272
CHFUSD	NIKKEI.INDEX	0.139090382029172
AUDUSD	NZDUSD	0.13728542498546398
AUDJPY	CHFGBP	0.13667189836725377
CADGBP	EURNZD	0.13601108518533592
GBPUSD	GBPNZD	0.13574545735447238
CHFUSD	YAHOO.INDEX_FTSE	0.13338158710268655
AUDUSD	CHFNZD	0.13334148243154087
EURJPY	EURGBP	0.12152881434551498
CHFGBP	JPYUSD	0.11520586875613469
CHFUSD	YAHOO.INDEX_AORD	0.1141573210266899
EURGBP	JPYNZD	0.11116430896564276
CHFNZD	WGC.GOLD_DAILY_USD	0.11078623019387855
CADUSD	CHFUSD	0.1087323960446431
CADJPY	OFDP.FUTURE_B1	0.10497753481626702
EURGBP	YAHOO.INDEX_GSPTSE	0.10429469499272845
CADUSD	EURUSD	0.09929802384995069
CADEUR	CHFEUR	0.0959082726426014
WSJ.PL_MKT	OFDP.FUTURE_B1	0.09411790707063096
CADGBP	CHFNZD	0.0932157506656581
YAHOO.INDEX_GSPTSE	WSJ.COPPER	0.09100902390040966
NIKKEI.INDEX	OFDP.FUTURE_B1	0.09074964557351957
YAHOO.INDEX_GSPTSE	WSJ.PL_MKT	0.08589831049491663
EURGBP	WSJ.CORN_2	0.08541547440859698
CHFNZD	CHFEUR	0.08258284209005098
EURNZD	YAHOO.INDEX_GSPTSE	0.08219740642056049
CHFEUR	YAHOO.INDEX_GDAXI	0.08207337657361376
EURJPY	OFDP.FUTURE_B1	0.0808729819384097
NZDUSD	WSJ.CORN_2	0.07994101460670258
EURGBP	GBPNZD	0.07931635935036743
CHFNZD	WSJ.CORN_2	0.07768476228741732
CADJPY	CHFUSD	0.07700861122554215
GBPUSD	WSJ.PL_MKT	0.07659290670697726
EURGBP	JPYUSD	0.07515404960889512
CHFNZD	OFDP.FUTURE_B1	0.07378759365648893
CHFEUR	JPYUSD	0.07332188710183214
GBPJPY	OFDP.FUTURE_B1	0.07197679302323091
CHFJPY	EURGBP	0.06055859493520812
EURGBP	YAHOO.INDEX_AORD	0.054859816244569454
CADUSD	CHFEUR	0.054651506311767614
CADUSD	GBPNZD	0.05427679247798012
AUDEUR	CHFGBP	0.05378982681654729
GBPUSD	WSJ.COPPER	0.04798500298659265
AUDUSD	EURUSD	0.04717750181450995
CHFGBP	EURJPY	0.04502792982522081
YAHOO.INDEX_AORD	OFDP.FUTURE_B1	0.0430810371317631
CHFEUR	YAHOO.INDEX_FTSE	0.040298674722396344
EURGBP	OFDP.FUTURE_B1	0.03697816130923827
CADJPY	EURGBP	0.032806622570553064
AUDCHF	GBPNZD	0.029435279431335958
CHFNZD	YAHOO.INDEX_GSPTSE	0.025718182018513384
GBPNZD	YAHOO.INDEX_GSPTSE	0.024096603873447604
CADGBP	OFDP.FUTURE_B1	0.023982584035328564
CHFEUR	NIKKEI.INDEX	0.02068890457411411
AUDJPY	EURGBP	0.01871023151515019
AUDJPY	AUDCAD	0.018363839453751918
AUDNZD	CHFGBP	0.01581782200875138
EURNZD	GBPUSD	0.01552135872784819
NZDUSD	OFDP.SILVER_5	0.013488197734849295
JPYUSD	OFDP.FUTURE_B1	0.012377847943385855
AUDEUR	NZDUSD	0.009237101921204362
CHFGBP	GBPUSD	0.004938586423410204
CADEUR	OFDP.FUTURE_B1	0.0012915032932810538
CHFEUR	GBPJPY	9.004082207871493E-4
AUDGBP	CHFNZD	1.647747504461208E-4
GBPUSD	OFDP.SILVER_5	-0.0021366415926990603
AUDCAD	GBPUSD	-0.0034543449915320876
CHFGBP	YAHOO.INDEX_GSPTSE	-0.00591741393885727
CADJPY	CHFGBP	-0.010781088110324931
CHFGBP	NIKKEI.INDEX	-0.013200891390712777
CHFUSD	JPYUSD	-0.013907343297562826
AUDGBP	CHFUSD	-0.020760066368434724
GBPNZD	OFDP.SILVER_5	-0.02272734947230522
CHFGBP	YAHOO.INDEX_FTSE	-0.02518545373355558
AUDCAD	EURUSD	-0.027635522292035045
AUDCAD	EURGBP	-0.03441595557866254
CHFUSD	EURNZD	-0.03567169981596514
AUDCAD	CADCHF	-0.036428830456328505
EURGBP	WGC.GOLD_DAILY_USD	-0.037851504631539315
CADJPY	CHFEUR	-0.04291721007646615
CADGBP	CHFEUR	-0.04362254620363279
EURGBP	NIKKEI.INDEX	-0.044499937368186526
CADGBP	GBPNZD	-0.048660818534574886
AUDCHF	EURNZD	-0.05470279654512995
CHFEUR	EURJPY	-0.05493821931096031
CHFEUR	EURUSD	-0.0607453095197148
AUDNZD	OFDP.FUTURE_B1	-0.060996087733181874
CHFGBP	EURNZD	-0.06131343262502128
AUDGBP	NZDUSD	-0.06265149063550689
EURGBP	YAHOO.INDEX_FTSE	-0.07739681188023156
CHFGBP	JPYNZD	-0.08406433338470054
CHFGBP	YAHOO.INDEX_GDAXI	-0.08422789349687064
EURUSD	JPYUSD	-0.08447108869878586
CADNZD	EURUSD	-0.08522269164266884
AUDNZD	EURUSD	-0.0879278780298143
AUDUSD	EURNZD	-0.09303541249847752
CHFGBP	GBPJPY	-0.09365745233887239
CADEUR	GBPNZD	-0.0945508952215554
CHFEUR	YAHOO.INDEX_GSPTSE	-0.09589042994157952
EURNZD	YAHOO.INDEX_AORD	-0.09645810427035689
AUDGBP	EURNZD	-0.10320099524489267
AUDCHF	OFDP.FUTURE_B1	-0.10836025354705664
AUDCAD	CHFNZD	-0.1085148078027601
CHFEUR	WSJ.COPPER	-0.11024121495596464
EURNZD	EURJPY	-0.11478962479751482
AUDCAD	CADNZD	-0.11836913403353003
AUDCAD	YAHOO.INDEX_GSPTSE	-0.11956908677246308
CHFGBP	YAHOO.INDEX_AORD	-0.12303025871929298
EURGBP	GBPJPY	-0.13084507624442476
CADCHF	EURGBP	-0.1361543498706418
EURUSD	JPYNZD	-0.1382319421555094
AUDUSD	GBPUSD	-0.13834095696694396
AUDCHF	EURGBP	-0.1422412960497813
AUDJPY	WSJ.CORN_2	-0.14873512273632447
CHFNZD	CHFJPY	-0.15064448955618465
EURUSD	WSJ.CORN_2	-0.1508417289426444
EURUSD	WGC.GOLD_DAILY_USD	-0.15125157826739058
CHFEUR	WSJ.PL_MKT	-0.15455220946185796
CADEUR	CHFGBP	-0.16291930010037217
GBPNZD	YAHOO.INDEX_AORD	-0.16422659992824634
EURGBP	NZDUSD	-0.16935868338037777
EURGBP	GBPUSD	-0.1695876446324864
GBPUSD	WGC.GOLD_DAILY_USD	-0.17339208875159576
CHFNZD	EURJPY	-0.17772746472062093
CADUSD	NZDUSD	-0.17997219359460223
YAHOO.INDEX_GSPTSE	OFDP.SILVER_5	-0.18497404885311433
CADNZD	CHFGBP	-0.18597450659877562
EURNZD	WSJ.CORN_2	-0.1886891549488959
NZDUSD	WSJ.PL_MKT	-0.19103591145532553
CHFEUR	YAHOO.INDEX_AORD	-0.19275486502704306
CHFEUR	JPYNZD	-0.19396849654221143
AUDNZD	CHFEUR	-0.19761250868474492
AUDEUR	CHFUSD	-0.19909547512063436
EURGBP	YAHOO.INDEX_GDAXI	-0.20803352081283769
AUDNZD	CHFUSD	-0.20959011846586337
AUDGBP	EURUSD	-0.2115082853166703
CHFEUR	EURGBP	-0.21455857306768833
GBPUSD	JPYUSD	-0.21530777576945476
AUDCAD	YAHOO.INDEX_FTSE	-0.2155193284999175
CADUSD	GBPUSD	-0.21823627353781505
JPYNZD	OFDP.FUTURE_B1	-0.2256873775403854
AUDUSD	AUDJPY	-0.2295443018727035
AUDCHF	CHFEUR	-0.2314251209366439
CADGBP	CHFUSD	-0.23340308312165614
EURJPY	GBPNZD	-0.23427502712925086
CHFUSD	JPYNZD	-0.24056332696247135
NZDUSD	WSJ.COPPER	-0.24180078686220216
GBPNZD	GBPJPY	-0.2487924322275781
AUDUSD	GBPNZD	-0.2489869439186922
AUDEUR	CHFNZD	-0.2491681427977503
CADCHF	CHFNZD	-0.24990366098728167
AUDJPY	AUDGBP	-0.257991207964208
CADEUR	CHFNZD	-0.25812812704602095
CADEUR	EURNZD	-0.259411347357312
AUDCAD	YAHOO.INDEX_GDAXI	-0.26001336805075825
AUDEUR	EURGBP	-0.264292620606922
AUDCAD	CHFJPY	-0.2665699712014423
EURNZD	GBPJPY	-0.268499542890806
CADGBP	EURUSD	-0.2685361859455021
EURNZD	WGC.GOLD_DAILY_USD	-0.2688271328122259
AUDJPY	AUDEUR	-0.2724999199540742
YAHOO.INDEX_AORD	WSJ.PL_MKT	-0.2728779392130447
CADEUR	NZDUSD	-0.27738438554206984
CHFNZD	YAHOO.INDEX_AORD	-0.27863376877906765
CADJPY	EURNZD	-0.28151425321940815
AUDCHF	CHFNZD	-0.2832602448444866
CHFJPY	EURNZD	-0.28390899909023065
AUDGBP	GBPNZD	-0.2852432745195493
AUDUSD	YAHOO.INDEX_GSPTSE	-0.2860070456642302
YAHOO.INDEX_AORD	WSJ.COPPER	-0.28715227397382503
EURNZD	NIKKEI.INDEX	-0.2914980619825345
AUDCHF	CHFGBP	-0.3078144436475457
GBPNZD	WSJ.CORN_2	-0.3079869309751131
AUDEUR	GBPNZD	-0.3118259868517149
GBPUSD	WSJ.CORN_2	-0.3144936275504771
CHFUSD	GBPNZD	-0.31613847773002174
CADNZD	OFDP.FUTURE_B1	-0.3163026575010845
GBPNZD	WGC.GOLD_DAILY_USD	-0.3192047770642516
CHFNZD	GBPJPY	-0.32604024289869477
CADEUR	EURGBP	-0.3277210616179632
GBPUSD	JPYNZD	-0.32862617455417836
YAHOO.INDEX_FTSE	WSJ.CORN_2	-0.332641610182951
CHFNZD	NIKKEI.INDEX	-0.3339198144981778
GBPNZD	NIKKEI.INDEX	-0.3381023124381535
AUDJPY	WSJ.PL_MKT	-0.34089833479231213
AUDCHF	NZDUSD	-0.3422309190170073
CADUSD	YAHOO.INDEX_GSPTSE	-0.3427280278124267
GBPNZD	YAHOO.INDEX_GDAXI	-0.34612436748359976
CHFNZD	NZDUSD	-0.3547200042678249
EURNZD	OFDP.FUTURE_B1	-0.3575711301995181
AUDJPY	WGC.GOLD_DAILY_USD	-0.3578812961575929
AUDJPY	AUDCHF	-0.3647486662494919
AUDJPY	WSJ.COPPER	-0.3648910413720612
AUDJPY	CADGBP	-0.3694034927588613
AUDCAD	YAHOO.INDEX_AORD	-0.37122187281639996
YAHOO.INDEX_GSPTSE	WSJ.CORN_2	-0.3730559823019636
CADJPY	WSJ.CORN_2	-0.3736480319871338
CADJPY	CHFNZD	-0.38106756483837567
EURNZD	YAHOO.INDEX_FTSE	-0.3816855166406311
CADJPY	GBPNZD	-0.3824102671677611
YAHOO.INDEX_FTSE	WSJ.COPPER	-0.38406164943097326
AUDJPY	CADUSD	-0.38417669712620733
CADGBP	NZDUSD	-0.38591626671652607
EURNZD	YAHOO.INDEX_GDAXI	-0.38639888430604724
AUDJPY	CADEUR	-0.38720448743446567
AUDEUR	EURNZD	-0.3908993474078418
CADJPY	CADCHF	-0.39113047048377664
AUDCAD	CADJPY	-0.39158936656491267
CADNZD	CHFUSD	-0.3923858495599937
CADCHF	OFDP.FUTURE_B1	-0.3930537737533817
AUDCAD	GBPJPY	-0.39330644906949613
AUDCAD	EURNZD	-0.39552674669867044
AUDJPY	OFDP.SILVER_5	-0.39651971253359475
CADJPY	CADGBP	-0.3997707020186421
EURJPY	WSJ.PL_MKT	-0.4020271839924526
JPYUSD	NZDUSD	-0.4047462815958277
CHFJPY	GBPNZD	-0.40585172703000433
AUDCAD	EURJPY	-0.40737730429851204
CHFNZD	YAHOO.INDEX_GDAXI	-0.40762151906687133
AUDCAD	NIKKEI.INDEX	-0.4077471068010253
AUDNZD	GBPUSD	-0.4183323443421755
YAHOO.INDEX_GDAXI	WSJ.CORN_2	-0.41994155685057455
YAHOO.INDEX_FTSE	WSJ.PL_MKT	-0.427753194262657
YAHOO.INDEX_GDAXI	WSJ.COPPER	-0.42927130076353476
CADJPY	WSJ.PL_MKT	-0.43189716856395527
AUDJPY	CADCHF	-0.43341591155828924
GBPNZD	YAHOO.INDEX_FTSE	-0.4344431485602021
CHFJPY	WSJ.PL_MKT	-0.43530806151345486
CHFNZD	YAHOO.INDEX_FTSE	-0.4364059355576145
CADJPY	WSJ.COPPER	-0.4371497941920409
EURJPY	WSJ.COPPER	-0.44019013315623573
CHFJPY	WSJ.CORN_2	-0.44197704736300825
AUDEUR	GBPUSD	-0.44706604409691314
CADNZD	GBPUSD	-0.4499848608752963
CADCHF	YAHOO.INDEX_AORD	-0.452147898752154
CHFJPY	WSJ.COPPER	-0.4608622962140943
AUDUSD	YAHOO.INDEX_FTSE	-0.4609401936865098
CADNZD	YAHOO.INDEX_GSPTSE	-0.4628981779173698
AUDJPY	CHFNZD	-0.46356625029218257
CADEUR	CHFUSD	-0.46361105325629015
AUDGBP	CADJPY	-0.4670186374838824
CADNZD	CHFEUR	-0.4672697954856964
AUDEUR	YAHOO.INDEX_FTSE	-0.4685891052312698
YAHOO.INDEX_GDAXI	WSJ.PL_MKT	-0.46972478216664515
CADCHF	YAHOO.INDEX_FTSE	-0.47098048165778533
AUDJPY	EURNZD	-0.475363727108936
CHFGBP	GBPNZD	-0.47791171313710484
CADJPY	CADEUR	-0.48080672537841534
YAHOO.INDEX_GSPTSE	WGC.GOLD_DAILY_USD	-0.48370694839194284
AUDCAD	GBPNZD	-0.4872698956467752
GBPNZD	OFDP.FUTURE_B1	-0.4896549914587652
AUDNZD	YAHOO.INDEX_GSPTSE	-0.4899407328662214
AUDCHF	EURUSD	-0.5025453494105786
CADEUR	YAHOO.INDEX_FTSE	-0.5028257900321005
AUDGBP	YAHOO.INDEX_FTSE	-0.5088884108019434
CADUSD	CADJPY	-0.5105240330677002
AUDCHF	YAHOO.INDEX_FTSE	-0.5125328970992065
CHFJPY	OFDP.SILVER_5	-0.5151392880247289
YAHOO.INDEX_AORD	WSJ.CORN_2	-0.5155290447924407
GBPJPY	WSJ.PL_MKT	-0.5250658132498104
AUDGBP	YAHOO.INDEX_GSPTSE	-0.5281777630062234
NIKKEI.INDEX	WSJ.COPPER	-0.5284671095383278
NIKKEI.INDEX	WSJ.CORN_2	-0.5298300484136023
AUDGBP	GBPUSD	-0.5305164751139967
AUDUSD	YAHOO.INDEX_GDAXI	-0.5309884742371785
CHFJPY	WGC.GOLD_DAILY_USD	-0.5327159944682331
AUDEUR	EURUSD	-0.5361833390488114
AUDCHF	GBPUSD	-0.5362895317216966
AUDCHF	CADJPY	-0.537386732392485
AUDCHF	YAHOO.INDEX_GSPTSE	-0.5375480846001041
CADCHF	CHFEUR	-0.5376584262443873
CADCHF	YAHOO.INDEX_GSPTSE	-0.5397110381538159
NIKKEI.INDEX	WSJ.PL_MKT	-0.5402950840661936
AUDEUR	CADJPY	-0.5409727502996547
YAHOO.INDEX_FTSE	WGC.GOLD_DAILY_USD	-0.5410393737432774
CADUSD	YAHOO.INDEX_FTSE	-0.5412404115099493
AUDEUR	YAHOO.INDEX_GDAXI	-0.5412530474771131
AUDUSD	CADJPY	-0.5441405102586445
GBPJPY	WSJ.COPPER	-0.5443410520438962
JPYUSD	YAHOO.INDEX_GSPTSE	-0.5444910078910857
YAHOO.INDEX_FTSE	OFDP.SILVER_5	-0.5475632189712694
CADCHF	EURUSD	-0.5476276659750458
AUDCHF	CHFUSD	-0.5486680024933559
CADCHF	YAHOO.INDEX_GDAXI	-0.5491895858621128
AUDUSD	CHFJPY	-0.5502558178029935
CADGBP	YAHOO.INDEX_FTSE	-0.5539360282996556
CADCHF	NIKKEI.INDEX	-0.5571723595800399
CADCHF	CHFGBP	-0.5597452194471157
EURJPY	WSJ.CORN_2	-0.5601342645752472
CADUSD	YAHOO.INDEX_AORD	-0.5623536689375259
JPYNZD	YAHOO.INDEX_GSPTSE	-0.5646766887631619
AUDUSD	YAHOO.INDEX_AORD	-0.5659515844703726
CADEUR	YAHOO.INDEX_GDAXI	-0.5689089930663638
AUDNZD	NZDUSD	-0.5700840987202782
YAHOO.INDEX_GDAXI	WGC.GOLD_DAILY_USD	-0.5719064346773886
YAHOO.INDEX_AORD	OFDP.SILVER_5	-0.5738712929402636
AUDGBP	CHFJPY	-0.574621356640039
AUDEUR	YAHOO.INDEX_GSPTSE	-0.576671267878983
YAHOO.INDEX_GDAXI	OFDP.SILVER_5	-0.5784103353217839
AUDCHF	YAHOO.INDEX_AORD	-0.5849420504164143
GBPJPY	WSJ.CORN_2	-0.5895864942528797
CADNZD	YAHOO.INDEX_AORD	-0.5922626354798503
CADEUR	GBPUSD	-0.6043149722745352
CADCHF	GBPUSD	-0.6054153352724606
CADJPY	OFDP.SILVER_5	-0.6073732938119297
AUDCHF	YAHOO.INDEX_GDAXI	-0.6089924422764424
CADNZD	CADJPY	-0.6092856367190124
CADUSD	YAHOO.INDEX_GDAXI	-0.6101712177224122
CADCHF	GBPJPY	-0.6106385823058131
EURJPY	OFDP.SILVER_5	-0.6176244983557563
CHFEUR	EURNZD	-0.617789287388876
AUDJPY	GBPNZD	-0.6229235869721987
CADJPY	WGC.GOLD_DAILY_USD	-0.6293198316160665
CADEUR	NIKKEI.INDEX	-0.630177307116515
CHFEUR	GBPNZD	-0.6340741184425303
CADGBP	YAHOO.INDEX_AORD	-0.6343279426385966
CADCHF	EURJPY	-0.6365030530253009
CADUSD	CHFJPY	-0.6365291735760211
CADGBP	YAHOO.INDEX_GSPTSE	-0.6375989331962962
CADCHF	NZDUSD	-0.6448909967077749
AUDGBP	YAHOO.INDEX_GDAXI	-0.645583966776297
CADGBP	CHFJPY	-0.6463491503677358
AUDGBP	YAHOO.INDEX_AORD	-0.650429036750448
AUDNZD	AUDJPY	-0.650587303290442
AUDUSD	EURJPY	-0.6514208936121948
CADGBP	NIKKEI.INDEX	-0.6574191360736782
AUDEUR	NIKKEI.INDEX	-0.6592773412341503
CADEUR	YAHOO.INDEX_AORD	-0.6658961124758827
CADUSD	EURJPY	-0.6669266272548402
AUDEUR	CHFJPY	-0.6695873500790168
AUDEUR	YAHOO.INDEX_AORD	-0.6697148007018041
AUDUSD	NIKKEI.INDEX	-0.6719841124380926
NIKKEI.INDEX	WGC.GOLD_DAILY_USD	-0.6807991886964379
AUDGBP	NIKKEI.INDEX	-0.6854795966773229
GBPJPY	WGC.GOLD_DAILY_USD	-0.6871024758836287
NIKKEI.INDEX	OFDP.SILVER_5	-0.6924149632632273
AUDUSD	GBPJPY	-0.6927173367103072
AUDCHF	NIKKEI.INDEX	-0.6932743354072807
GBPJPY	OFDP.SILVER_5	-0.6944735322135139
JPYNZD	NZDUSD	-0.6946346147078856
CADNZD	EURJPY	-0.6966761775304429
CADUSD	NIKKEI.INDEX	-0.6985191427533316
EURJPY	WGC.GOLD_DAILY_USD	-0.6985719089401876
CADEUR	YAHOO.INDEX_GSPTSE	-0.7014190362974958
CADEUR	EURUSD	-0.7026507173049179
CADGBP	EURJPY	-0.7046598143152945
YAHOO.INDEX_AORD	WGC.GOLD_DAILY_USD	-0.7051119281222452
CADGBP	YAHOO.INDEX_GDAXI	-0.7055577229184771
AUDJPY	CADNZD	-0.7082126083723098
CADEUR	GBPJPY	-0.7084201022485053
AUDEUR	GBPJPY	-0.7092939920870025
AUDGBP	EURJPY	-0.7191873707043138
CADNZD	YAHOO.INDEX_FTSE	-0.7199204296941789
CADGBP	GBPUSD	-0.7210123059538357
EURNZD	NZDUSD	-0.7243963089392521
AUDCHF	GBPJPY	-0.7326240870186634
CADNZD	NIKKEI.INDEX	-0.732830584619437
CADEUR	CHFJPY	-0.7376783334670842
AUDNZD	YAHOO.INDEX_AORD	-0.7382174156089443
CADUSD	GBPJPY	-0.7454533924462416
AUDNZD	CADJPY	-0.7620636678492712
AUDCHF	EURJPY	-0.7639332269973275
CADNZD	YAHOO.INDEX_GDAXI	-0.7718824858567436
AUDEUR	EURJPY	-0.7721932564009216
CADNZD	GBPJPY	-0.7722848058145532
AUDNZD	YAHOO.INDEX_FTSE	-0.7727217121094065
CADCHF	CHFJPY	-0.7727244209708282
AUDGBP	GBPJPY	-0.7754874443212977
CADEUR	EURJPY	-0.7825818409882693
CADGBP	GBPJPY	-0.7913018627100906
CADCHF	CHFUSD	-0.7933128922312597
GBPNZD	NZDUSD	-0.8078712775886625
AUDCHF	CHFJPY	-0.8104091509698912
CADNZD	CHFJPY	-0.8117491926544397
JPYNZD	YAHOO.INDEX_AORD	-0.845346888920733
CADNZD	NZDUSD	-0.846118994624022
AUDJPY	JPYUSD	-0.8466954636041679
AUDNZD	YAHOO.INDEX_GDAXI	-0.8474872814549328
AUDNZD	EURJPY	-0.849972412533964
AUDNZD	CHFJPY	-0.884788438040188
AUDNZD	NIKKEI.INDEX	-0.887094899927037
JPYUSD	YAHOO.INDEX_GDAXI	-0.8871675019290012
JPYUSD	YAHOO.INDEX_AORD	-0.8894956011944342
JPYUSD	YAHOO.INDEX_FTSE	-0.8950298894575103
CHFJPY	JPYUSD	-0.9028874110246476
AUDNZD	GBPJPY	-0.914157466899865
EURJPY	JPYNZD	-0.9147742494702048
JPYNZD	YAHOO.INDEX_GDAXI	-0.9207143726254544
JPYNZD	YAHOO.INDEX_FTSE	-0.9219305352224987
AUDJPY	JPYNZD	-0.9224074051600697
CADJPY	JPYNZD	-0.9288293646947143
GBPJPY	JPYNZD	-0.939856826831208
JPYNZD	NIKKEI.INDEX	-0.9424222715970791
CHFJPY	JPYNZD	-0.9464313077354445
EURJPY	JPYUSD	-0.9470143135281469
CADJPY	JPYUSD	-0.9602387708328662
GBPJPY	JPYUSD	-0.9606183591251933
JPYUSD	NIKKEI.INDEX	-0.9663949607454017