date,Open,High,Low,Close,Volume
2014-10-30 04:00:00,0.83789,0.84569,0.83771,0.84412,28459
2014-10-31 04:00:00,0.84403,0.84811,0.84224,0.84629,35937
2014-11-02 04:00:00,0.84345,0.84458,0.84117,0.8437,12696
2014-11-03 05:00:00,0.8437,0.8447,0.83406,0.84003,31918
2014-11-04 05:00:00,0.83999,0.84226,0.83582,0.83742,25894
2014-11-05 05:00:00,0.83739,0.8381,0.82435,0.82773,42975
2014-11-06 05:00:00,0.82774,0.83433,0.82686,0.83155,40349
2014-11-07 05:00:00,0.83154,0.83736,0.8311,0.83289,35611
2014-11-09 05:00:00,0.83306,0.83668,0.83306,0.83598,9290
2014-11-10 05:00:00,0.83595,0.83679,0.83327,0.83462,23658
2014-11-11 05:00:00,0.83459,0.83961,0.83265,0.83719,27412
2014-11-12 05:00:00,0.83716,0.84355,0.83698,0.84049,28554
2014-11-13 05:00:00,0.84046,0.84479,0.83795,0.83935,20309
2014-11-14 05:00:00,0.83938,0.84069,0.83743,0.83823,22906
2014-11-16 05:00:00,0.84131,0.84163,0.83878,0.84131,8534
2014-11-17 05:00:00,0.84134,0.84168,0.83725,0.83993,17848
2014-11-18 05:00:00,0.83997,0.84086,0.83078,0.83127,21852
2014-11-19 05:00:00,0.83123,0.83219,0.82218,0.82263,27532
2014-11-20 05:00:00,0.82258,0.82779,0.82068,0.82669,30993
2014-11-21 05:00:00,0.82671,0.84392,0.82623,0.83989,25365
2014-11-23 05:00:00,0.84379,0.84456,0.84139,0.8428,3520
2014-11-24 05:00:00,0.84284,0.84319,0.8295,0.83191,19606
2014-11-25 05:00:00,0.83194,0.83304,0.82142,0.82278,22582
2014-11-26 05:00:00,0.82273,0.82669,0.81733,0.82626,24013
2014-11-27 05:00:00,0.82623,0.82746,0.81929,0.81974,15091
2014-11-28 05:00:00,0.81978,0.82454,0.81826,0.81975,13295
2014-11-30 05:00:00,0.8177,0.82003,0.8141,0.81664,6615
2014-12-01 05:00:00,0.81659,0.82265,0.81448,0.82052,26995
2014-12-02 05:00:00,0.82057,0.82436,0.81526,0.81705,20254
2014-12-03 05:00:00,0.817,0.82362,0.81582,0.82093,21409
2014-12-04 05:00:00,0.82097,0.8216,0.81019,0.81323,31324
2014-12-05 05:00:00,0.81319,0.81568,0.81141,0.81353,20017
2014-12-07 05:00:00,0.81203,0.8138,0.80978,0.80993,4628
2014-12-08 05:00:00,0.80987,0.81503,0.8037,0.80437,18833
2014-12-09 05:00:00,0.80433,0.80836,0.8027,0.80671,29788
2014-12-10 05:00:00,0.80666,0.81012,0.80115,0.80452,28752
2014-12-11 05:00:00,0.80455,0.80567,0.79383,0.80142,31988
2014-12-12 05:00:00,0.80146,0.80227,0.79278,0.7938,20230
2014-12-14 05:00:00,0.79315,0.79573,0.79057,0.79511,6940
2014-12-15 05:00:00,0.79507,0.79913,0.79122,0.79277,23354
2014-12-16 05:00:00,0.79273,0.79491,0.78305,0.78426,32801
2014-12-17 05:00:00,0.78422,0.79367,0.78306,0.79162,40996
2014-12-18 05:00:00,0.79163,0.80422,0.79052,0.80278,29778
2014-12-19 05:00:00,0.80274,0.80328,0.79813,0.80069,14913
2014-12-21 05:00:00,0.80053,0.80224,0.79988,0.8019,2733
2014-12-22 05:00:00,0.80194,0.80302,0.79795,0.79826,10490
2014-12-23 05:00:00,0.79826,0.80205,0.79542,0.80113,12447
2014-12-24 05:00:00,0.80117,0.80177,0.79819,0.79928,4548
2014-12-25 05:00:00,0.79673,0.80007,0.796,0.79954,7852
2014-12-26 05:00:00,0.79961,0.80289,0.79913,0.80101,3907
2014-12-28 05:00:00,0.80116,0.80289,0.8006,0.80228,3056
2014-12-29 05:00:00,0.80232,0.80608,0.80209,0.80523,10770
2014-12-30 05:00:00,0.80524,0.81187,0.80492,0.81108,12638
2014-12-31 05:00:00,0.81104,0.81388,0.80888,0.81096,7908
2015-01-01 05:00:00,0.81189,0.81395,0.81018,0.81062,3612
2015-01-02 05:00:00,0.81065,0.81318,0.80869,0.80963,14207
2015-01-04 05:00:00,0.81134,0.82993,0.80979,0.81107,7693
2015-01-05 05:00:00,0.81109,0.81911,0.80838,0.817,21462
2015-01-06 05:00:00,0.81705,0.82226,0.81502,0.81632,26453
2015-01-07 05:00:00,0.81632,0.82396,0.81495,0.82359,25944
2015-01-08 05:00:00,0.82352,0.82855,0.82278,0.82776,19256
2015-01-09 05:00:00,0.82771,0.83387,0.8248,0.83154,22654
2015-01-11 05:00:00,0.8317,0.83594,0.83093,0.83507,3971
2015-01-12 05:00:00,0.83511,0.83555,0.82521,0.82899,20865
2015-01-13 05:00:00,0.82898,0.83472,0.82355,0.82502,23786
2015-01-14 05:00:00,0.82507,0.83815,0.82172,0.83655,31872
2015-01-15 05:00:00,0.8365,0.84066,0.68613,0.71696,64154
2015-01-16 05:00:00,0.71701,0.72435,0.69322,0.70161,36200
2015-01-18 05:00:00,0.70664,0.71329,0.70509,0.71319,4555
2015-01-19 05:00:00,0.71326,0.72229,0.70112,0.71863,22266
2015-01-20 05:00:00,0.71855,0.72237,0.7114,0.71634,20010
2015-01-21 05:00:00,0.71625,0.71918,0.69352,0.6954,28372
2015-01-22 05:00:00,0.69544,0.70718,0.69127,0.69603,30827
2015-01-23 05:00:00,0.69607,0.69975,0.68962,0.69362,26225
2015-01-25 05:00:00,0.69129,0.69544,0.69016,0.69225,7355
2015-01-26 05:00:00,0.69232,0.71697,0.69169,0.71609,20325
2015-01-27 05:00:00,0.71602,0.72889,0.70974,0.72164,30919
2015-01-28 05:00:00,0.7216,0.72662,0.71204,0.71638,27477
2015-01-29 05:00:00,0.71638,0.71976,0.7116,0.71682,26983
2015-01-30 05:00:00,0.71689,0.7218,0.71174,0.71323,24406
2015-02-01 05:00:00,0.71656,0.72121,0.7148,0.71827,5070
2015-02-02 05:00:00,0.71823,0.72823,0.70646,0.70915,29720
2015-02-03 05:00:00,0.70909,0.72372,0.70621,0.7235,33077
2015-02-04 05:00:00,0.72344,0.72591,0.71417,0.71682,29345
2015-02-05 05:00:00,0.71678,0.72755,0.71675,0.72247,22375
2015-02-06 05:00:00,0.7225,0.72629,0.71752,0.72062,21590
2015-02-08 05:00:00,0.71819,0.71962,0.71665,0.71737,3581
2015-02-09 05:00:00,0.71738,0.72427,0.71708,0.7221,18184
2015-02-10 05:00:00,0.72206,0.72317,0.71644,0.71973,19974
2015-02-11 05:00:00,0.71978,0.72142,0.70943,0.71072,21538
2015-02-12 05:00:00,0.71069,0.7226,0.70916,0.72192,25813
2015-02-13 05:00:00,0.72187,0.72507,0.71707,0.72213,15082
2015-02-15 05:00:00,0.72236,0.72423,0.72218,0.72377,2596
2015-02-16 05:00:00,0.72372,0.72727,0.72163,0.72671,13705
2015-02-17 05:00:00,0.72665,0.73299,0.72571,0.73189,19007
2015-02-18 05:00:00,0.73193,0.73788,0.73092,0.73353,20145
2015-02-19 05:00:00,0.7336,0.74117,0.72948,0.74117,18860
2015-02-20 05:00:00,0.74122,0.74737,0.73387,0.73403,22468
2015-02-22 05:00:00,0.73753,0.73947,0.73587,0.73856,2348
2015-02-23 05:00:00,0.73862,0.7424,0.73635,0.73797,15521
2015-02-24 05:00:00,0.73791,0.74967,0.73505,0.74937,23308
2015-02-25 05:00:00,0.74934,0.75007,0.74352,0.74553,18466
2015-02-26 05:00:00,0.74549,0.74946,0.73973,0.74125,22671
2015-02-27 05:00:00,0.74118,0.74576,0.73939,0.74312,17244
2015-03-01 05:00:00,0.74337,0.74441,0.74099,0.74167,3945
2015-03-02 05:00:00,0.74164,0.74896,0.74094,0.74817,20241
2015-03-03 05:00:00,0.74816,0.75271,0.74781,0.7514,17013
2015-03-04 05:00:00,0.75135,0.75616,0.74979,0.75438,20949
2015-03-05 05:00:00,0.75442,0.76014,0.75217,0.75922,21204
2015-03-06 05:00:00,0.75927,0.76543,0.75755,0.75968,24517
2015-03-08 05:00:00,0.75986,0.76093,0.7579,0.75891,3744
2015-03-09 04:00:00,0.75894,0.76191,0.75542,0.75685,19047
2015-03-10 04:00:00,0.75679,0.76446,0.75537,0.75861,29557
2015-03-11 04:00:00,0.75866,0.76908,0.75779,0.76793,32833
2015-03-12 04:00:00,0.7679,0.77425,0.76692,0.77144,34440
2015-03-13 04:00:00,0.77148,0.77319,0.76514,0.76676,24892
2015-03-15 04:00:00,0.7663,0.76934,0.7654,0.7688,4100
2015-03-16 04:00:00,0.76878,0.77147,0.76543,0.76865,22202
2015-03-17 04:00:00,0.76868,0.77134,0.76389,0.76627,22578
2015-03-18 04:00:00,0.76628,0.76743,0.75326,0.76659,47293
2015-03-19 04:00:00,0.76655,0.76725,0.75397,0.75889,42777
2015-03-20 04:00:00,0.75893,0.76051,0.75336,0.75603,28367
2015-03-22 04:00:00,0.75787,0.7638,0.7577,0.7635,5775
2015-03-23 04:00:00,0.76354,0.76535,0.75659,0.76011,40235
2015-03-24 04:00:00,0.76013,0.76229,0.75141,0.75611,35165
2015-03-25 04:00:00,0.75614,0.75658,0.74898,0.74933,30018
2015-03-26 04:00:00,0.74937,0.75454,0.74687,0.75226,34046
2015-03-27 04:00:00,0.75229,0.75498,0.74149,0.7441,26401
2015-03-29 04:00:00,0.74332,0.74459,0.74174,0.74361,3566
2015-03-30 04:00:00,0.74365,0.74469,0.73678,0.73842,25492
2015-03-31 04:00:00,0.73837,0.7431,0.73777,0.74018,27727
2015-04-01 04:00:00,0.74022,0.74146,0.73064,0.73137,29433
2015-04-02 04:00:00,0.7314,0.73302,0.72343,0.72922,25750
2015-04-03 04:00:00,0.72916,0.73106,0.72361,0.72479,15287
2015-04-05 04:00:00,0.72589,0.72817,0.72397,0.72637,4055
2015-04-06 04:00:00,0.7264,0.7299,0.72461,0.72719,15176
2015-04-07 04:00:00,0.72724,0.73973,0.72686,0.73856,27915
2015-04-08 04:00:00,0.73859,0.74525,0.73817,0.74477,28984
2015-04-09 04:00:00,0.74482,0.75388,0.74369,0.7518,25408
2015-04-10 04:00:00,0.75175,0.75382,0.74986,0.75105,20586
2015-04-12 04:00:00,0.7508,0.752,0.74372,0.74391,5253
2015-04-13 04:00:00,0.74389,0.74701,0.73932,0.74315,28268
2015-04-14 04:00:00,0.74319,0.74364,0.73848,0.73962,32076
2015-04-15 04:00:00,0.73957,0.74781,0.73735,0.74689,41258
2015-04-16 04:00:00,0.74693,0.7533,0.74299,0.74352,38639
2015-04-17 04:00:00,0.74348,0.74726,0.73906,0.73906,32270
2015-04-19 04:00:00,0.74254,0.74444,0.74119,0.74385,5019
2015-04-20 04:00:00,0.74385,0.74713,0.73501,0.73645,28297
2015-04-21 04:00:00,0.73642,0.74267,0.73513,0.74101,28122
2015-04-22 04:00:00,0.74105,0.75402,0.74052,0.75108,33420
2015-04-23 04:00:00,0.75104,0.75271,0.74078,0.74353,31689
2015-04-24 04:00:00,0.74357,0.74732,0.74085,0.74475,28135
2015-04-26 04:00:00,0.7464,0.74727,0.74505,0.74577,4163
2015-04-27 04:00:00,0.74576,0.75206,0.74542,0.75035,28322
2015-04-28 04:00:00,0.75035,0.76722,0.75015,0.76398,32698
2015-04-29 04:00:00,0.76396,0.76522,0.74966,0.75179,47011
2015-04-30 04:00:00,0.75182,0.75218,0.73527,0.73684,41021
2015-05-01 04:00:00,0.73679,0.73754,0.72838,0.73088,24859
2015-05-03 04:00:00,0.73092,0.73203,0.72803,0.73107,5363
2015-05-04 04:00:00,0.73111,0.73467,0.72968,0.73427,20693
2015-05-05 04:00:00,0.73429,0.74079,0.72763,0.73723,38383
2015-05-06 04:00:00,0.73729,0.73965,0.72587,0.73148,37274
2015-05-07 04:00:00,0.73143,0.73203,0.72106,0.7283,36592
2015-05-08 04:00:00,0.72825,0.73932,0.72747,0.73706,33048
2015-05-10 04:00:00,0.73818,0.7387,0.73588,0.73646,5346
2015-05-11 04:00:00,0.73642,0.73976,0.73362,0.73891,23770
2015-05-12 04:00:00,0.73895,0.74344,0.73358,0.73969,31374
2015-05-13 04:00:00,0.73974,0.74818,0.73757,0.74341,31816
2015-05-14 04:00:00,0.7434,0.7447,0.73457,0.73622,31219
2015-05-15 04:00:00,0.73618,0.74119,0.73332,0.73501,27017
2015-05-17 04:00:00,0.73472,0.73691,0.73364,0.7356,4421
2015-05-18 04:00:00,0.73557,0.74147,0.73316,0.74074,24522
2015-05-19 04:00:00,0.74073,0.74586,0.73922,0.74189,32075
2015-05-20 04:00:00,0.74192,0.74294,0.73611,0.73705,37598
2015-05-21 04:00:00,0.73707,0.74099,0.73429,0.74064,29824
2015-05-22 04:00:00,0.74068,0.74095,0.73288,0.73592,28373
2015-05-24 04:00:00,0.73769,0.73835,0.73557,0.73752,6871
2015-05-25 04:00:00,0.7375,0.74155,0.73558,0.74141,13091
2015-05-26 04:00:00,0.74142,0.74236,0.73425,0.73737,33354
2015-05-27 04:00:00,0.73733,0.73769,0.72789,0.72881,34371
2015-05-28 04:00:00,0.72887,0.73067,0.71928,0.72149,38390
2015-05-29 04:00:00,0.72152,0.72516,0.71525,0.71778,30361
2015-05-31 04:00:00,0.71678,0.72195,0.7162,0.72049,5696
2015-06-01 04:00:00,0.72047,0.72514,0.71783,0.72094,28827
2015-06-02 04:00:00,0.72094,0.72931,0.71962,0.72726,40908
2015-06-03 04:00:00,0.72724,0.73096,0.72059,0.72209,35795
2015-06-04 04:00:00,0.72206,0.72288,0.71571,0.71953,33615
2015-06-05 04:00:00,0.71956,0.72369,0.71431,0.71491,32970
2015-06-07 04:00:00,0.71673,0.7191,0.71516,0.71667,4398
2015-06-08 04:00:00,0.71671,0.71882,0.71098,0.71251,31431
2015-06-09 04:00:00,0.71255,0.71717,0.70792,0.71291,30787
2015-06-10 04:00:00,0.71286,0.72614,0.71208,0.72442,42519
2015-06-11 04:00:00,0.72448,0.72569,0.72119,0.7228,33168
2015-06-12 04:00:00,0.72284,0.72326,0.71447,0.71597,26109
2015-06-14 04:00:00,0.72042,0.72083,0.71781,0.71905,4239
2015-06-15 04:00:00,0.71909,0.72902,0.71723,0.72144,23491
2015-06-16 04:00:00,0.72139,0.72369,0.7178,0.71936,16116
2015-06-17 04:00:00,0.71932,0.71941,0.7071,0.71057,31775
2015-06-18 04:00:00,0.71053,0.72169,0.70976,0.71651,29106
2015-06-19 04:00:00,0.71651,0.7177,0.71162,0.71232,15690
2015-06-21 04:00:00,0.71144,0.71392,0.71054,0.71382,3482
2015-06-22 04:00:00,0.71378,0.71642,0.70999,0.71446,23112
2015-06-23 04:00:00,0.71442,0.724,0.7134,0.72111,22457
2015-06-24 04:00:00,0.72105,0.72312,0.71803,0.72281,22956
2015-06-25 04:00:00,0.72285,0.72859,0.72122,0.72204,20621
2015-06-26 04:00:00,0.72198,0.72326,0.71192,0.71304,15653
2015-06-28 04:00:00,0.71381,0.7218,0.71328,0.71829,9889
2015-06-29 04:00:00,0.71833,0.72012,0.7093,0.71358,35001
2015-06-30 04:00:00,0.71361,0.72326,0.71247,0.72276,32252
2015-07-01 04:00:00,0.72279,0.72606,0.72111,0.72424,23705
2015-07-02 04:00:00,0.72427,0.72434,0.71352,0.71517,26050
2015-07-03 04:00:00,0.71515,0.71584,0.70432,0.7049,15748
2015-07-05 04:00:00,0.70421,0.70866,0.70214,0.70653,6619
2015-07-06 04:00:00,0.70657,0.71135,0.70454,0.70501,24258
2015-07-07 04:00:00,0.70505,0.7082,0.70013,0.70121,33259
2015-07-08 04:00:00,0.70119,0.70684,0.69606,0.70501,35179
2015-07-09 04:00:00,0.70498,0.70941,0.70344,0.70841,28587
2015-07-10 04:00:00,0.70844,0.70863,0.69487,0.69683,26687
2015-07-12 04:00:00,0.697,0.70152,0.69572,0.69939,3774
2015-07-13 04:00:00,0.69937,0.70663,0.69825,0.70537,27863
2015-07-14 04:00:00,0.70532,0.70775,0.69953,0.70572,27326
2015-07-15 04:00:00,0.7057,0.70789,0.70006,0.70249,28516
2015-07-16 04:00:00,0.70245,0.71111,0.70118,0.70876,22833
2015-07-17 04:00:00,0.70879,0.70986,0.70717,0.70863,14895
2015-07-19 04:00:00,0.7085,0.70934,0.70545,0.70653,3493
2015-07-20 04:00:00,0.7065,0.71178,0.70639,0.70951,18438
2015-07-21 04:00:00,0.70948,0.71285,0.70615,0.71013,24599
2015-07-22 04:00:00,0.71009,0.71155,0.70601,0.70749,20974
2015-07-23 04:00:00,0.70751,0.70853,0.69795,0.70084,24630
2015-07-24 04:00:00,0.70088,0.70308,0.69733,0.69992,17539
2015-07-26 04:00:00,0.69891,0.7013,0.6976,0.70007,3352
2015-07-27 04:00:00,0.70003,0.70255,0.69424,0.70129,24851
2015-07-28 04:00:00,0.70132,0.70699,0.70111,0.70424,21954
2015-07-29 04:00:00,0.7042,0.70906,0.70171,0.70778,25154
2015-07-30 04:00:00,0.70772,0.70985,0.70374,0.7064,22371
2015-07-31 04:00:00,0.70637,0.7078,0.69565,0.70425,29207
2015-08-02 04:00:00,0.70646,0.7071,0.70444,0.70473,3867
2015-08-03 04:00:00,0.70469,0.70791,0.70255,0.70699,19304
2015-08-04 04:00:00,0.70695,0.72275,0.70626,0.71941,25133
2015-08-05 04:00:00,0.71937,0.7229,0.71632,0.71735,24267
2015-08-06 04:00:00,0.71738,0.72392,0.71632,0.72322,18439
2015-08-07 04:00:00,0.72326,0.72984,0.72165,0.72921,24306
2015-08-09 04:00:00,0.72681,0.72901,0.72602,0.72725,3071
2015-08-10 04:00:00,0.72721,0.7307,0.71959,0.72132,24058
2015-08-11 04:00:00,0.72138,0.72327,0.71306,0.71433,30653
2015-08-12 04:00:00,0.71436,0.72241,0.71182,0.72141,39349
2015-08-13 04:00:00,0.72146,0.722,0.71425,0.71834,21688
2015-08-14 04:00:00,0.71836,0.72159,0.7182,0.71869,15637
2015-08-16 04:00:00,0.71884,0.72149,0.71806,0.72121,2388
2015-08-17 04:00:00,0.72116,0.72271,0.71736,0.72125,14492
2015-08-18 04:00:00,0.72121,0.72143,0.71428,0.7155,15864
2015-08-19 04:00:00,0.71547,0.71787,0.70814,0.70991,24573
2015-08-20 04:00:00,0.70995,0.71063,0.69736,0.69925,24514
2015-08-21 04:00:00,0.69928,0.70174,0.69039,0.69082,23973
2015-08-23 04:00:00,0.68933,0.69214,0.67499,0.68032,9887
2015-08-24 04:00:00,0.68035,0.68732,0.65291,0.67445,65076
2015-08-25 04:00:00,0.6745,0.68344,0.66597,0.67217,51057
2015-08-26 04:00:00,0.67222,0.681,0.66936,0.67922,38245
2015-08-27 04:00:00,0.67925,0.69592,0.67572,0.69256,28034
2015-08-28 04:00:00,0.69252,0.69263,0.68347,0.69048,22806
2015-08-30 04:00:00,0.6873,0.68954,0.68386,0.68498,5460
2015-08-31 04:00:00,0.68495,0.68935,0.68252,0.68564,20208
2015-09-01 04:00:00,0.68567,0.68785,0.67028,0.6765,35476
2015-09-02 04:00:00,0.67647,0.68453,0.67321,0.68015,23485
2015-09-03 04:00:00,0.68011,0.68788,0.67573,0.67715,24715
2015-09-04 04:00:00,0.67715,0.68118,0.66939,0.66978,22627
2015-09-06 04:00:00,0.67227,0.67595,0.67118,0.67351,4444
2015-09-07 04:00:00,0.67356,0.67915,0.67219,0.67475,15646
2015-09-08 04:00:00,0.67468,0.69227,0.67405,0.69074,18415
2015-09-09 04:00:00,0.69078,0.69326,0.67618,0.68432,23501
2015-09-10 04:00:00,0.68435,0.69262,0.68291,0.688,29489
2015-09-11 04:00:00,0.68796,0.69231,0.68386,0.68674,15349
2015-09-13 04:00:00,0.68538,0.69094,0.68473,0.68579,3468
2015-09-14 04:00:00,0.68583,0.69404,0.68339,0.69039,15756
2015-09-15 04:00:00,0.69036,0.69653,0.68768,0.69412,15394
2015-09-16 04:00:00,0.69415,0.69933,0.69301,0.69842,17120
2015-09-17 04:00:00,0.69838,0.69996,0.68691,0.69115,36780
2015-09-18 04:00:00,0.69119,0.69792,0.69048,0.69501,21321
2015-09-20 04:00:00,0.6954,0.69731,0.69333,0.69419,3617
2015-09-21 04:00:00,0.69418,0.6961,0.68985,0.69317,16642
2015-09-22 04:00:00,0.69314,0.69676,0.68365,0.68525,19563
2015-09-23 04:00:00,0.68529,0.68956,0.68308,0.68511,22673
2015-09-24 04:00:00,0.68516,0.68733,0.67517,0.68585,29397
2015-09-25 04:00:00,0.68588,0.69074,0.68253,0.68645,20543
2015-09-27 04:00:00,0.68635,0.6889,0.68546,0.68856,3106
2015-09-28 04:00:00,0.68859,0.69038,0.67491,0.67642,19517
2015-09-29 04:00:00,0.67636,0.68234,0.67244,0.68101,24638
2015-09-30 04:00:00,0.68103,0.68851,0.68006,0.68811,22627
2015-10-01 04:00:00,0.68807,0.69261,0.68461,0.68648,20380
2015-10-02 04:00:00,0.68652,0.68951,0.67588,0.68394,22675
2015-10-04 04:00:00,0.6845,0.6867,0.68385,0.68609,7102
2015-10-05 04:00:00,0.68605,0.69465,0.68484,0.69433,19180
2015-10-06 04:00:00,0.69436,0.69615,0.69051,0.69317,18924
2015-10-07 04:00:00,0.69321,0.70324,0.69294,0.6972,21609
2015-10-08 04:00:00,0.69724,0.70347,0.6929,0.70294,23708
2015-10-09 04:00:00,0.70294,0.70619,0.70086,0.70465,19021
2015-10-11 04:00:00,0.70273,0.70568,0.70221,0.70477,3600
2015-10-12 04:00:00,0.70474,0.70953,0.70283,0.7036,14740
2015-10-13 04:00:00,0.70364,0.70492,0.68919,0.69276,21073
2015-10-14 04:00:00,0.69272,0.6978,0.68949,0.69777,24714
2015-10-15 04:00:00,0.69781,0.69946,0.69291,0.69335,26093
2015-10-16 04:00:00,0.69335,0.69558,0.69026,0.69128,15079
2015-10-18 04:00:00,0.68943,0.69592,0.68943,0.6939,4824
2015-10-19 04:00:00,0.69386,0.69851,0.69082,0.69408,15180
2015-10-20 04:00:00,0.69412,0.6964,0.69122,0.69412,15092
2015-10-21 04:00:00,0.69417,0.69516,0.68719,0.69348,16912
2015-10-22 04:00:00,0.69345,0.70591,0.68884,0.70475,26314
2015-10-23 04:00:00,0.7047,0.71185,0.70251,0.70516,20786
2015-10-25 04:00:00,0.70598,0.70955,0.70531,0.70837,3406
2015-10-26 04:00:00,0.70833,0.7137,0.70744,0.70948,16521
2015-10-27 04:00:00,0.70941,0.71383,0.7019,0.70249,19562
2015-10-28 04:00:00,0.70253,0.70749,0.70014,0.70601,26998
2015-10-29 04:00:00,0.70604,0.70692,0.69843,0.7041,21466
2015-10-30 04:00:00,0.70413,0.70542,0.70007,0.70433,21133
2015-11-01 04:00:00,0.70054,0.70549,0.70019,0.70454,4384
2015-11-02 05:00:00,0.70457,0.71161,0.70119,0.71086,19032
2015-11-03 05:00:00,0.71083,0.71652,0.70886,0.71455,18695
2015-11-04 05:00:00,0.71451,0.71594,0.70767,0.70995,20557
2015-11-05 05:00:00,0.71,0.71454,0.70916,0.71112,20132
2015-11-06 05:00:00,0.71116,0.71317,0.70621,0.70676,25071
2015-11-08 05:00:00,0.70578,0.70896,0.70485,0.70846,3940
2015-11-09 05:00:00,0.70842,0.70943,0.70475,0.70818,18397
2015-11-10 05:00:00,0.70812,0.70994,0.70638,0.70914,19680
2015-11-11 05:00:00,0.7091,0.71719,0.70737,0.71599,18187
2015-11-12 05:00:00,0.71596,0.71934,0.71092,0.71401,25127
2015-11-13 05:00:00,0.71403,0.71886,0.71361,0.71548,17821
2015-11-15 05:00:00,0.71569,0.71713,0.71455,0.71652,6026
2015-11-16 05:00:00,0.71648,0.71764,0.71311,0.71671,15726
2015-11-17 05:00:00,0.71667,0.7237,0.71539,0.72067,19540
2015-11-18 05:00:00,0.72071,0.72885,0.71945,0.72801,21828
2015-11-19 05:00:00,0.72798,0.73164,0.72706,0.7287,20769
2015-11-20 05:00:00,0.72874,0.73815,0.72823,0.73657,16484
2015-11-22 05:00:00,0.73695,0.73718,0.7311,0.73274,4320
2015-11-23 05:00:00,0.7327,0.73505,0.73017,0.73246,17657
2015-11-24 05:00:00,0.73251,0.7394,0.7311,0.73849,20863
2015-11-25 05:00:00,0.73848,0.74222,0.73734,0.74007,22840
2015-11-26 05:00:00,0.74011,0.7412,0.73658,0.73974,13604
2015-11-27 05:00:00,0.73979,0.74349,0.73643,0.74021,14281
2015-11-29 05:00:00,0.7404,0.74135,0.73886,0.74097,3000
2015-11-30 05:00:00,0.74093,0.74759,0.74067,0.74586,18700
2015-12-01 05:00:00,0.7459,0.75389,0.74412,0.7502,19547
2015-12-02 05:00:00,0.75014,0.75478,0.74193,0.74626,22742
2015-12-03 05:00:00,0.74624,0.75206,0.72555,0.72585,46933
2015-12-04 05:00:00,0.72589,0.73635,0.7251,0.73036,30458
2015-12-06 05:00:00,0.73155,0.73266,0.73007,0.73194,3033
2015-12-07 05:00:00,0.73198,0.73305,0.72264,0.72279,18315
2015-12-08 05:00:00,0.72276,0.72391,0.71374,0.71628,20443
2015-12-09 05:00:00,0.71632,0.72156,0.70827,0.71732,27135
2015-12-10 05:00:00,0.71729,0.72283,0.71524,0.71617,20676
2015-12-11 05:00:00,0.71613,0.71717,0.70453,0.70596,22047
2015-12-13 05:00:00,0.70826,0.70993,0.70445,0.70867,4138
2015-12-14 05:00:00,0.70871,0.71608,0.70556,0.71244,24356
2015-12-15 05:00:00,0.71241,0.71473,0.70867,0.71341,21356
2015-12-16 05:00:00,0.71338,0.71698,0.70851,0.71437,38753
2015-12-17 05:00:00,0.71442,0.71951,0.70563,0.70897,24209
2015-12-18 05:00:00,0.70898,0.7158,0.70746,0.71083,18299
2015-12-20 05:00:00,0.71133,0.71222,0.70943,0.71,3597
2015-12-21 05:00:00,0.71004,0.71733,0.70969,0.71659,16404
2015-12-22 05:00:00,0.71664,0.71992,0.71257,0.71502,12328
2015-12-23 05:00:00,0.71499,0.71821,0.71379,0.71689,14145
2015-12-24 05:00:00,0.71684,0.71863,0.71611,0.71643,7159
2015-12-27 05:00:00,0.71643,0.71855,0.71639,0.71676,2266
2015-12-28 05:00:00,0.71677,0.71882,0.71521,0.71773,9186
2015-12-29 05:00:00,0.71775,0.72459,0.71689,0.72308,10689
2015-12-30 05:00:00,0.72311,0.72392,0.71813,0.72167,12844
2015-12-31 05:00:00,0.72171,0.73114,0.72166,0.72898,10905
2016-01-03 05:00:00,0.72864,0.73003,0.72042,0.72092,6279
2016-01-04 05:00:00,0.72089,0.72301,0.71583,0.72192,24853
2016-01-05 05:00:00,0.72196,0.72511,0.71593,0.7188,21575
2016-01-06 05:00:00,0.71874,0.7197,0.70547,0.70574,27354
2016-01-07 05:00:00,0.70574,0.71081,0.6941,0.7039,37220
2016-01-08 05:00:00,0.70394,0.70576,0.69088,0.69121,28368
2016-01-10 05:00:00,0.69316,0.69475,0.68446,0.69371,9806
2016-01-11 05:00:00,0.69371,0.70245,0.69113,0.69693,27422
2016-01-12 05:00:00,0.69697,0.70864,0.69203,0.70661,26559
2016-01-13 05:00:00,0.70657,0.70981,0.69563,0.69684,28850
2016-01-14 05:00:00,0.69689,0.7044,0.69232,0.69751,32502
2016-01-15 05:00:00,0.69747,0.69905,0.68054,0.6865,32891
2016-01-17 05:00:00,0.68423,0.69598,0.68418,0.69398,7387
2016-01-18 05:00:00,0.69401,0.69586,0.68702,0.69185,20284
2016-01-19 05:00:00,0.69189,0.70015,0.68631,0.68673,30020
2016-01-20 05:00:00,0.6867,0.70007,0.68256,0.69343,39214
2016-01-21 05:00:00,0.6934,0.70896,0.68858,0.70633,47249
2016-01-22 05:00:00,0.70639,0.71466,0.70639,0.71076,22773
2016-01-24 05:00:00,0.71094,0.7129,0.7078,0.7119,4472
2016-01-25 05:00:00,0.71193,0.71239,0.70197,0.70401,21974
2016-01-26 05:00:00,0.70396,0.71646,0.70041,0.71382,26612
2016-01-27 05:00:00,0.71378,0.72051,0.70943,0.7165,36342
2016-01-28 05:00:00,0.71645,0.72539,0.71509,0.72071,36360
2016-01-29 05:00:00,0.72072,0.72793,0.71915,0.72425,31460
2016-01-31 05:00:00,0.7232,0.72473,0.71991,0.7223,5560
2016-02-01 05:00:00,0.72226,0.72648,0.71754,0.72034,25029
2016-02-02 05:00:00,0.7203,0.72315,0.71255,0.71401,25887
2016-02-03 05:00:00,0.71406,0.72267,0.71156,0.72062,38020
2016-02-04 05:00:00,0.72067,0.72468,0.71237,0.71465,38472
2016-02-05 05:00:00,0.71463,0.71574,0.69906,0.69945,30877
2016-02-07 05:00:00,0.70091,0.7052,0.70048,0.70423,3976
2016-02-08 05:00:00,0.7042,0.70785,0.68968,0.69217,35624
2016-02-09 05:00:00,0.69216,0.69769,0.67956,0.68553,43325
2016-02-10 05:00:00,0.68557,0.69832,0.68498,0.68883,46943
2016-02-11 05:00:00,0.68889,0.69447,0.67512,0.69192,62216
2016-02-12 05:00:00,0.69188,0.69471,0.68866,0.6937,25757
2016-02-14 05:00:00,0.69335,0.70178,0.69324,0.70108,6823
2016-02-15 05:00:00,0.70112,0.7088,0.70031,0.70664,20722
2016-02-16 05:00:00,0.70666,0.70885,0.69888,0.69914,27236
2016-02-17 05:00:00,0.6991,0.71299,0.69831,0.70939,28939
2016-02-18 05:00:00,0.70935,0.7129,0.70303,0.7042,25927
2016-02-19 05:00:00,0.70416,0.70842,0.70085,0.70689,20504
2016-02-21 05:00:00,0.7075,0.71089,0.70639,0.7105,7863
2016-02-22 05:00:00,0.71045,0.72382,0.70944,0.72011,21682
2016-02-23 05:00:00,0.72006,0.72284,0.71094,0.71289,23362
2016-02-24 05:00:00,0.71285,0.71612,0.7065,0.70918,28793
2016-02-25 05:00:00,0.70923,0.71687,0.70803,0.71473,24928
2016-02-26 05:00:00,0.71476,0.72012,0.70937,0.70969,19681
2016-02-28 05:00:00,0.70968,0.71219,0.70797,0.71131,6106
2016-02-29 05:00:00,0.71127,0.71767,0.70892,0.71124,25059
2016-03-01 05:00:00,0.7112,0.72227,0.71083,0.72169,26241
2016-03-02 05:00:00,0.72165,0.72935,0.71887,0.72876,23526
2016-03-03 05:00:00,0.72881,0.73212,0.72751,0.7307,23910
2016-03-04 05:00:00,0.73075,0.73976,0.72947,0.73805,27529
2016-03-06 05:00:00,0.73447,0.73787,0.7343,0.73699,4539
2016-03-07 05:00:00,0.73704,0.74581,0.73581,0.73915,21793
2016-03-08 05:00:00,0.73913,0.74399,0.73448,0.74104,22278
2016-03-09 05:00:00,0.741,0.75164,0.74073,0.74498,29447
2016-03-10 05:00:00,0.74501,0.75542,0.72957,0.73761,56596
2016-03-11 05:00:00,0.73765,0.74515,0.7369,0.74239,23116
2016-03-13 05:00:00,0.741,0.74612,0.74082,0.74569,4890
2016-03-14 04:00:00,0.74572,0.74688,0.73769,0.73914,22277
2016-03-15 04:00:00,0.73919,0.74057,0.73421,0.73613,22982
2016-03-16 04:00:00,0.73608,0.74469,0.73331,0.74346,37091
2016-03-17 04:00:00,0.7435,0.74587,0.73575,0.73981,34232
2016-03-18 04:00:00,0.73976,0.74086,0.73479,0.73615,17969
2016-03-20 04:00:00,0.73606,0.73687,0.73353,0.73525,3874
2016-03-21 04:00:00,0.7353,0.74164,0.7336,0.73517,18729
2016-03-22 04:00:00,0.73522,0.74408,0.73418,0.74245,22989
2016-03-23 04:00:00,0.74247,0.74351,0.73096,0.73144,21633
2016-03-24 04:00:00,0.73148,0.73533,0.73008,0.73448,21259
2016-03-25 04:00:00,0.73452,0.73611,0.73172,0.73311,8138
2016-03-27 04:00:00,0.73344,0.7348,0.7321,0.7343,2817
2016-03-28 04:00:00,0.73434,0.73711,0.73316,0.73677,11705
2016-03-29 04:00:00,0.73671,0.73957,0.73119,0.73691,27027
2016-03-30 04:00:00,0.73695,0.74167,0.73566,0.73897,28588
2016-03-31 04:00:00,0.73894,0.74068,0.73438,0.73449,26642
2016-04-01 04:00:00,0.73453,0.73824,0.72947,0.7348,24155
2016-04-03 04:00:00,0.73414,0.73587,0.73108,0.73146,4380
2016-04-04 04:00:00,0.73149,0.73287,0.72514,0.7259,19072
2016-04-05 04:00:00,0.72592,0.73135,0.7181,0.72397,25055
2016-04-06 04:00:00,0.724,0.7289,0.72238,0.72585,27045
2016-04-07 04:00:00,0.72587,0.72808,0.71539,0.72013,28492
2016-04-08 04:00:00,0.72017,0.72363,0.71948,0.71972,17713
2016-04-10 04:00:00,0.71869,0.72184,0.71686,0.71983,4817
2016-04-11 04:00:00,0.71982,0.72844,0.71778,0.72783,20122
2016-04-12 04:00:00,0.7278,0.73796,0.72546,0.73633,24375
2016-04-13 04:00:00,0.73635,0.7413,0.73248,0.73874,25456
2016-04-14 04:00:00,0.7388,0.74744,0.73872,0.74406,22180
2016-04-15 04:00:00,0.7441,0.74824,0.74246,0.74671,16500
2016-04-17 04:00:00,0.73715,0.74247,0.73715,0.74236,6431
2016-04-18 04:00:00,0.74231,0.7502,0.73847,0.74941,20548
2016-04-19 04:00:00,0.74936,0.7519,0.7473,0.74771,19373
2016-04-20 04:00:00,0.74774,0.75907,0.74696,0.75866,21116
2016-04-21 04:00:00,0.75869,0.7597,0.75277,0.7539,29809
2016-04-22 04:00:00,0.75393,0.75734,0.75281,0.75361,20168
2016-04-24 04:00:00,0.75286,0.75454,0.75144,0.75235,3577
2016-04-25 04:00:00,0.75239,0.75451,0.75045,0.75135,16597
2016-04-26 04:00:00,0.75132,0.75543,0.74254,0.7433,23001
2016-04-27 04:00:00,0.74334,0.74384,0.73494,0.73721,32111
2016-04-28 04:00:00,0.73721,0.74082,0.73466,0.73745,26205
2016-04-29 04:00:00,0.73749,0.73853,0.7282,0.72897,20288
2016-05-01 04:00:00,0.72751,0.73044,0.72616,0.72908,3813
2016-05-02 04:00:00,0.72911,0.73543,0.72676,0.73503,18381
2016-05-03 04:00:00,0.73499,0.73635,0.71299,0.71658,30437
2016-05-04 04:00:00,0.71662,0.71792,0.71282,0.71766,26824
2016-05-05 04:00:00,0.71763,0.72413,0.71478,0.71503,22652
2016-05-06 04:00:00,0.71507,0.71668,0.71087,0.71613,22961
2016-05-08 04:00:00,0.71442,0.71784,0.71437,0.71622,3595
2016-05-09 04:00:00,0.71619,0.71657,0.70874,0.71196,19221
2016-05-10 04:00:00,0.71202,0.72045,0.71078,0.71581,20391
2016-05-11 04:00:00,0.71586,0.71793,0.71137,0.71212,18481
2016-05-12 04:00:00,0.71208,0.71354,0.70757,0.70959,18812
2016-05-13 04:00:00,0.70963,0.71037,0.70652,0.70816,17766
2016-05-15 04:00:00,0.70625,0.71215,0.70615,0.71179,3368
2016-05-16 04:00:00,0.71184,0.71987,0.71038,0.71822,15739
2016-05-17 04:00:00,0.71825,0.71977,0.71427,0.71506,18157
2016-05-18 04:00:00,0.71511,0.71717,0.71175,0.71212,23256
2016-05-19 04:00:00,0.71212,0.71741,0.71038,0.71612,21628
2016-05-20 04:00:00,0.71608,0.71827,0.71454,0.7148,12739
2016-05-22 04:00:00,0.71502,0.71755,0.71478,0.71717,2671
2016-05-23 04:00:00,0.71717,0.71811,0.71195,0.71281,16315
2016-05-24 04:00:00,0.71285,0.71536,0.70869,0.71459,17957
2016-05-25 04:00:00,0.71456,0.71608,0.70839,0.7123,18516
2016-05-26 04:00:00,0.71233,0.71633,0.71178,0.71464,16199
2016-05-27 04:00:00,0.7146,0.71583,0.71278,0.71421,13551
2016-05-29 04:00:00,0.71335,0.71482,0.71119,0.71299,3045
2016-05-30 04:00:00,0.71304,0.71902,0.71135,0.71852,8678
2016-05-31 04:00:00,0.71848,0.72547,0.71615,0.72335,18722
2016-06-01 04:00:00,0.72331,0.72432,0.7136,0.71442,21221
2016-06-02 04:00:00,0.71446,0.71676,0.7109,0.71618,18428
2016-06-03 04:00:00,0.71612,0.71936,0.71448,0.71832,24197
2016-06-05 04:00:00,0.71894,0.71935,0.71428,0.71624,3832
2016-06-06 04:00:00,0.7162,0.71902,0.71363,0.71528,19913
2016-06-07 04:00:00,0.71524,0.72208,0.71466,0.71879,17147
2016-06-08 04:00:00,0.71875,0.71968,0.71537,0.71583,18514
2016-06-09 04:00:00,0.7158,0.7175,0.71381,0.71481,18517
2016-06-10 04:00:00,0.71486,0.71542,0.71007,0.71067,15683
2016-06-12 04:00:00,0.71058,0.71242,0.71001,0.71211,3928
2016-06-13 04:00:00,0.71207,0.71597,0.70995,0.71178,18656
2016-06-14 04:00:00,0.71175,0.7142,0.70653,0.70985,21964
2016-06-15 04:00:00,0.7098,0.71504,0.70904,0.70959,25569
2016-06-16 04:00:00,0.70954,0.71391,0.70308,0.71184,31680
2016-06-17 04:00:00,0.71189,0.71322,0.70846,0.70887,17107
2016-06-19 04:00:00,0.71247,0.71568,0.71124,0.71331,5163
2016-06-20 04:00:00,0.71335,0.71998,0.71291,0.71755,18574
2016-06-21 04:00:00,0.7175,0.72068,0.71436,0.71756,19002
2016-06-22 04:00:00,0.71759,0.72172,0.71672,0.72092,21440
2016-06-23 04:00:00,0.72097,0.73623,0.70959,0.71535,96618
2016-06-24 04:00:00,0.71538,0.73034,0.71051,0.72511,77814
2016-06-26 04:00:00,0.72219,0.72435,0.71967,0.72184,14732
2016-06-27 04:00:00,0.72181,0.72522,0.71596,0.72254,38734
2016-06-28 04:00:00,0.7225,0.72746,0.72042,0.72653,25397
2016-06-29 04:00:00,0.72656,0.73163,0.72401,0.72861,24509
2016-06-30 04:00:00,0.72864,0.7292,0.72309,0.72848,32643
2016-07-01 04:00:00,0.72853,0.73057,0.72688,0.72853,17597
2016-07-03 04:00:00,0.72477,0.73022,0.72395,0.72873,3694
2016-07-04 04:00:00,0.72879,0.73389,0.72788,0.73009,11978
2016-07-05 04:00:00,0.73005,0.73249,0.72432,0.72632,24104
2016-07-06 04:00:00,0.72636,0.73486,0.72516,0.73152,26832
2016-07-07 04:00:00,0.73148,0.73665,0.73062,0.73333,21739
2016-07-08 04:00:00,0.73337,0.74441,0.7312,0.74326,23025
2016-07-10 04:00:00,0.74224,0.74396,0.74083,0.74265,3721
2016-07-11 04:00:00,0.74268,0.7458,0.73939,0.74521,20474
2016-07-12 04:00:00,0.74517,0.75506,0.74488,0.75177,23716
2016-07-13 04:00:00,0.75181,0.75218,0.74694,0.74911,22224
2016-07-14 04:00:00,0.74906,0.75258,0.74583,0.74941,23683
2016-07-15 04:00:00,0.74938,0.75004,0.74226,0.7436,18177
2016-07-17 04:00:00,0.74543,0.74735,0.7445,0.7467,5816
2016-07-18 04:00:00,0.74674,0.74831,0.73813,0.7399,16516
2016-07-19 04:00:00,0.73993,0.74094,0.7357,0.73934,17177
2016-07-20 04:00:00,0.73939,0.74125,0.7354,0.73785,17762
2016-07-21 04:00:00,0.73781,0.74195,0.7351,0.73616,21993
2016-07-22 04:00:00,0.73613,0.73804,0.7345,0.73604,11662
2016-07-24 04:00:00,0.73615,0.73908,0.73548,0.73783,3351
2016-07-25 04:00:00,0.73785,0.73984,0.73532,0.73809,11172
2016-07-26 04:00:00,0.73815,0.75018,0.73805,0.7406,19610
2016-07-27 04:00:00,0.74055,0.74489,0.73725,0.74132,22711
2016-07-28 04:00:00,0.74134,0.74276,0.73487,0.73704,16960
2016-07-29 04:00:00,0.73705,0.73788,0.73096,0.73599,18681
2016-07-31 04:00:00,0.73548,0.73803,0.73476,0.73671,5199
2016-08-01 04:00:00,0.73673,0.73804,0.72809,0.72915,14285
2016-08-02 04:00:00,0.72921,0.73669,0.72442,0.73377,20566
2016-08-03 04:00:00,0.73382,0.74169,0.73163,0.74013,15856
2016-08-04 04:00:00,0.74016,0.74601,0.73896,0.74579,14297
2016-08-05 04:00:00,0.74574,0.74894,0.74368,0.74637,13228
2016-08-07 04:00:00,0.74557,0.747,0.74418,0.74473,4103
2016-08-08 04:00:00,0.74468,0.7542,0.74468,0.74986,10596
2016-08-09 04:00:00,0.74982,0.75489,0.7495,0.75333,13493
2016-08-10 04:00:00,0.75328,0.75691,0.74901,0.74998,15761
2016-08-11 04:00:00,0.75001,0.75294,0.74803,0.7491,12719
2016-08-12 04:00:00,0.74906,0.75067,0.74494,0.74494,11784
2016-08-14 04:00:00,0.74534,0.74687,0.74456,0.74614,2478
2016-08-15 04:00:00,0.74617,0.74862,0.74484,0.74649,10844
2016-08-16 04:00:00,0.74653,0.74736,0.73827,0.7388,21942
2016-08-17 04:00:00,0.73885,0.74044,0.73333,0.73996,23820
2016-08-18 04:00:00,0.73991,0.74084,0.72864,0.72951,19686
2016-08-19 04:00:00,0.7295,0.73203,0.72761,0.73173,13111
2016-08-21 04:00:00,0.73107,0.73228,0.72973,0.73129,5515
2016-08-22 04:00:00,0.73126,0.73519,0.73101,0.73407,15272
2016-08-23 04:00:00,0.73407,0.73573,0.73261,0.73334,14309
2016-08-24 04:00:00,0.73342,0.73779,0.73142,0.73708,16047
2016-08-25 04:00:00,0.73711,0.73822,0.73435,0.73788,12776
2016-08-26 04:00:00,0.73793,0.74336,0.73637,0.739,29842
2016-08-28 04:00:00,0.73899,0.73927,0.7361,0.7375,4072
2016-08-29 04:00:00,0.73746,0.74238,0.7369,0.74231,16577
2016-08-30 04:00:00,0.74226,0.74263,0.7372,0.73918,15642
2016-08-31 04:00:00,0.73922,0.74198,0.73745,0.74108,19132
2016-09-01 04:00:00,0.74113,0.74376,0.73793,0.74033,18755
2016-09-02 04:00:00,0.74028,0.74282,0.73871,0.74178,25023
2016-09-04 04:00:00,0.74167,0.74407,0.741,0.74348,2632
2016-09-05 04:00:00,0.74343,0.74805,0.74233,0.74791,10367
2016-09-06 04:00:00,0.74787,0.74989,0.74253,0.74323,20954
2016-09-07 04:00:00,0.74327,0.74505,0.74165,0.74388,14630
2016-09-08 04:00:00,0.74384,0.74896,0.74194,0.74302,24535
2016-09-09 04:00:00,0.74306,0.74383,0.73456,0.73481,17503
2016-09-11 04:00:00,0.73414,0.73562,0.73354,0.73481,3699
2016-09-12 04:00:00,0.73476,0.73541,0.73063,0.73307,24924
2016-09-13 04:00:00,0.73312,0.7333,0.72566,0.73096,24816
2016-09-14 04:00:00,0.73092,0.7325,0.72462,0.72586,21932
2016-09-15 04:00:00,0.72587,0.73116,0.72572,0.73016,25430
2016-09-16 04:00:00,0.73017,0.7346,0.72948,0.73382,17075
2016-09-18 04:00:00,0.73267,0.73779,0.73229,0.73748,3616
2016-09-19 04:00:00,0.73744,0.74155,0.7369,0.73938,11274
2016-09-20 04:00:00,0.73936,0.74032,0.7372,0.73962,14469
2016-09-21 04:00:00,0.73964,0.74418,0.73897,0.74297,31407
2016-09-22 04:00:00,0.74293,0.7438,0.73908,0.74048,17580
2016-09-23 04:00:00,0.74044,0.74226,0.73752,0.73876,12214
2016-09-25 04:00:00,0.73812,0.73942,0.73725,0.73886,2431
2016-09-26 04:00:00,0.73883,0.74343,0.73603,0.74318,15095
2016-09-27 04:00:00,0.74314,0.74565,0.74123,0.74478,17088
2016-09-28 04:00:00,0.74475,0.74834,0.74242,0.74661,16043
2016-09-29 04:00:00,0.74659,0.74683,0.73579,0.73705,19695
2016-09-30 04:00:00,0.73708,0.74532,0.73422,0.74347,19456
