Date,CURRFX.GBPCHF.1
2015-03-06,1.47518
2015-03-05,1.47441
2015-03-04,1.47324
2015-03-03,1.47192
2015-03-02,1.47206
2015-02-27,1.47135
2015-02-26,1.46923
2015-02-25,1.46349
2015-02-24,1.45206
2015-02-23,1.44984
2015-02-20,1.45316
2015-02-19,1.44106
2015-02-18,1.43334
2015-02-17,1.43392
2015-02-16,1.43029
2015-02-13,1.41864
2015-02-12,1.41228
2015-02-11,1.41041
2015-02-10,1.41041
2015-02-09,1.41141
2015-02-06,1.40761
2015-02-05,1.40071
2015-02-04,1.39514
2015-02-03,1.39239
2015-02-02,1.38581
2015-01-30,1.37827
2015-01-29,1.36907
2015-01-28,1.35261
2015-01-27,1.32792
2015-01-26,1.31418
2015-01-23,1.30811
2015-01-22,1.31821
2015-01-21,1.32198
2015-01-20,1.30789
2015-01-19,1.3629
2015-01-16,1.49256
2015-01-15,1.54586
2015-01-14,1.54014
2015-01-13,1.53776
2015-01-12,1.5364
2015-01-09,1.53374
2015-01-08,1.53232
2015-01-07,1.53427
2015-01-06,1.53619
2015-01-05,1.54022
2015-01-02,1.5458
2015-01-01,1.54042
2014-12-31,1.5365
2014-12-30,1.53599
2014-12-29,1.53569
2014-12-26,1.53351
2014-12-25,1.53253
2014-12-24,1.53345
2014-12-23,1.53626
2014-12-22,1.53357
2014-12-19,1.52114
2014-12-18,1.51192
2014-12-17,1.51159
2014-12-16,1.51434
2014-12-15,1.51605
2014-12-12,1.51974
2014-12-11,1.52249
2014-12-10,1.52491
2014-12-09,1.52588
2014-12-08,1.52692
2014-12-05,1.52845
2014-12-04,1.52363
2014-12-03,1.51689
2014-12-02,1.51228
2014-12-01,1.51307
2014-11-28,1.51709
2014-11-27,1.51649
2014-11-26,1.51783
2014-11-25,1.51893
2014-11-24,1.51238
2014-11-21,1.50123
2014-11-20,1.50125
2014-11-19,1.5047
2014-11-18,1.5042
2014-11-17,1.50895
2014-11-14,1.52506
2014-11-13,1.53313
2014-11-12,1.53417
2014-11-11,1.53508
2014-11-10,1.53508
2014-11-07,1.53775
2014-11-06,1.53787
2014-11-05,1.54097
2014-11-04,1.5415
2014-11-03,1.53608
2014-10-31,1.52886
2014-10-30,1.52829
2014-10-29,1.53019
2014-10-28,1.5309
2014-10-27,1.53085
2014-10-24,1.52923
2014-10-23,1.52751
2014-10-22,1.52511
2014-10-21,1.52356
2014-10-20,1.51794
2014-10-17,1.51155
2014-10-16,1.51751
2014-10-15,1.5273
2014-10-14,1.53585
2014-10-13,1.53882
2014-10-10,1.53889
2014-10-09,1.54071
2014-10-08,1.54315
2014-10-07,1.54442
2014-10-06,1.54472
2014-10-03,1.54636
2014-10-02,1.54869
2014-10-01,1.54666
2014-09-30,1.54535
2014-09-29,1.54574
2014-09-26,1.5443
2014-09-25,1.54023
2014-09-24,1.53668
2014-09-23,1.5345
2014-09-22,1.53206
2014-09-19,1.52794
2014-09-18,1.52005
2014-09-17,1.51664
2014-09-16,1.51469
2014-09-15,1.51469
2014-09-12,1.51469
2014-09-11,1.50743
2014-09-10,1.50634
2014-09-09,1.5123
2014-09-08,1.51848
2014-09-05,1.51466
2014-09-04,1.51639
2014-09-03,1.52393
2014-09-02,1.52567
2014-09-01,1.52149
2014-08-29,1.5172
2014-08-28,1.51789
2014-08-27,1.51651
2014-08-26,1.51651
2014-08-25,1.51435
2014-08-22,1.51402
2014-08-21,1.51363
2014-08-20,1.51312
2014-08-19,1.51074
2014-08-18,1.50903
2014-08-15,1.51576
2014-08-14,1.52237
2014-08-13,1.52299
2014-08-12,1.5201
2014-08-11,1.52307
2014-08-08,1.53121
2014-08-07,1.53262
2014-08-06,1.52953
2014-08-05,1.52497
2014-08-04,1.52823
2014-08-01,1.53604
2014-07-31,1.53647
2014-07-30,1.53568
2014-07-29,1.53604
2014-07-28,1.53579
2014-07-25,1.53658
2014-07-24,1.53802
2014-07-23,1.53545
2014-07-22,1.53441
2014-07-21,1.53592
2014-07-18,1.53731
2014-07-17,1.53408
2014-07-16,1.52762
2014-07-15,1.52611
2014-07-14,1.52727
2014-07-11,1.52823
2014-07-10,1.52928
2014-07-09,1.53121
2014-07-08,1.53358
2014-07-07,1.53214
2014-07-04,1.52647
2014-07-03,1.52214
2014-07-02,1.51847
2014-07-01,1.51731
2014-06-30,1.51815
2014-06-27,1.51808
2014-06-26,1.51809
2014-06-25,1.52192
2014-06-24,1.52337
2014-06-23,1.52253
2014-06-20,1.52273
2014-06-19,1.5241
2014-06-18,1.52545
2014-06-17,1.52676
2014-06-16,1.52148
2014-06-13,1.51128
2014-06-12,1.50877
2014-06-11,1.50666
2014-06-10,1.50311
2014-06-09,1.50172
2014-06-06,1.50177
2014-06-05,1.50203
2014-06-04,1.50311
2014-06-03,1.50163
2014-06-02,1.50034
2014-05-30,1.50198
2014-05-29,1.50595
2014-05-28,1.50784
2014-05-27,1.5081
2014-05-26,1.50855
2014-05-23,1.50753
2014-05-22,1.50402
2014-05-21,1.50095
2014-05-20,1.50042
2014-05-19,1.49879
2014-05-16,1.49483
2014-05-15,1.49622
2014-05-14,1.49723
2014-05-13,1.49549
2014-05-12,1.49079
2014-05-09,1.48534
2014-05-08,1.48362
2014-05-07,1.48169
2014-05-06,1.48098
2014-05-05,1.48288
2014-05-02,1.48532
2014-05-01,1.48417
2014-04-30,1.48139
2014-04-29,1.48042
2014-04-28,1.48142
2014-04-25,1.48288
2014-04-24,1.48545
2014-04-23,1.48633
2014-04-22,1.48386
2014-04-21,1.48244
2014-04-18,1.47917
2014-04-17,1.47467
2014-04-16,1.47102
2014-04-15,1.46779
2014-04-14,1.46884
2014-04-11,1.47612
2014-04-10,1.47836
2014-04-09,1.47709
2014-04-08,1.47744
2014-04-07,1.47778
2014-04-04,1.47435
2014-04-03,1.47134
2014-04-02,1.47246
2014-04-01,1.4747
2014-03-31,1.47341
2014-03-28,1.46758
2014-03-27,1.46058
2014-03-26,1.45631
2014-03-25,1.45628
2014-03-24,1.45679
2014-03-21,1.45664
2014-03-20,1.45203
2014-03-19,1.45187
2014-03-18,1.45268
2014-03-17,1.45297
2014-03-14,1.45474
2014-03-13,1.45824
2014-03-12,1.46239
2014-03-11,1.46545
2014-03-10,1.47263
2014-03-07,1.48126
2014-03-06,1.47872
2014-03-05,1.47385
2014-03-04,1.4729
2014-03-03,1.47749
2014-02-28,1.48253
2014-02-27,1.48113
2014-02-26,1.47944
2014-02-25,1.47666
2014-02-24,1.4775
2014-02-21,1.48392
2014-02-20,1.48392
2014-02-19,1.48979
2014-02-18,1.49384
2014-02-17,1.49325
2014-02-14,1.48823
2014-02-13,1.47977
2014-02-12,1.47255
2014-02-11,1.47307
2014-02-10,1.47318
2014-02-07,1.47341
2014-02-06,1.47395
2014-02-05,1.47664
2014-02-04,1.48508
2014-02-03,1.48785
2014-01-31,1.48576
2014-01-30,1.4882
2014-01-29,1.48557
2014-01-28,1.47821
2014-01-27,1.48465
2014-01-24,1.50357
2014-01-23,1.50221
2014-01-22,1.49774
2014-01-21,1.49537
2014-01-20,1.49107
2014-01-17,1.48526
2014-01-16,1.4837
2014-01-15,1.48028
2014-01-14,1.48485
2014-01-13,1.49128
2014-01-10,1.49648
2014-01-09,1.49138
2014-01-08,1.48548
2014-01-07,1.4843
2014-01-06,1.48415
2014-01-03,1.47783
2014-01-02,1.47098
2014-01-01,1.46862
2013-12-31,1.46853
2013-12-30,1.46906
2013-12-27,1.46815
2013-12-26,1.46562
2013-12-25,1.46393
2013-12-24,1.46384
2013-12-23,1.4649
2013-12-20,1.45914
2013-12-19,1.44675
2013-12-18,1.44612
2013-12-17,1.44874
2013-12-16,1.45094
2013-12-13,1.45408
2013-12-12,1.45813
2013-12-11,1.46085
2013-12-10,1.45929
2013-12-09,1.46412
2013-12-06,1.47642
2013-12-05,1.48267
2013-12-04,1.48624
2013-12-03,1.48551
2013-12-02,1.48201
2013-11-29,1.47716
2013-11-28,1.47246
2013-11-27,1.47192
2013-11-26,1.47261
2013-11-25,1.47329
2013-11-22,1.47442
2013-11-21,1.47033
2013-11-20,1.47062
2013-11-19,1.47324
2013-11-18,1.47263
2013-11-15,1.4667
2013-11-14,1.46316
2013-11-13,1.46858
2013-11-12,1.47437
2013-11-11,1.47326
2013-11-08,1.46824
2013-11-07,1.46352
2013-11-06,1.45713
2013-11-05,1.45357
2013-11-04,1.45087
2013-11-01,1.44532
2013-10-31,1.44276
2013-10-30,1.44396
2013-10-29,1.44461
2013-10-28,1.44474
2013-10-25,1.44474
2013-10-24,1.45048
2013-10-23,1.4567
2013-10-22,1.45849
2013-10-21,1.45753
2013-10-20,1.45851
2013-10-19,1.45835
2013-10-18,1.45785
2013-10-17,1.45903
2013-10-16,1.45634
2013-10-15,1.45411
2013-10-14,1.45405
2013-10-13,1.4542
2013-10-12,1.45336
2013-10-11,1.45337
2013-10-10,1.45411
2013-10-09,1.45375
2013-10-08,1.45234
2013-10-07,1.45521
2013-10-06,1.45226
2013-10-05,1.45493
2013-10-04,1.46227
2013-10-03,1.46604
2013-10-02,1.46538
2013-10-01,1.46267
2013-09-30,1.46184
2013-09-29,1.46132
2013-09-28,1.4605
2013-09-27,1.46121
2013-09-26,1.46035
2013-09-25,1.45991
2013-09-24,1.4594
2013-09-23,1.46074
2013-09-22,1.45809
2013-09-21,1.46215
2013-09-20,1.46996
2013-09-19,1.47455
2013-09-18,1.47414
2013-09-17,1.47516
2013-09-16,1.47408
2013-09-15,1.47505
2013-09-14,1.47289
2013-09-13,1.47149
2013-09-12,1.47001
2013-09-11,1.46673
2013-09-10,1.4663
2013-09-09,1.4663
2013-09-08,1.46768
2013-09-07,1.46944
2013-09-06,1.46468
2013-09-05,1.45881
2013-09-04,1.45358
2013-09-03,1.44715
2013-09-02,1.44031
2013-09-01,1.442
2013-08-31,1.44078
2013-08-30,1.43379
2013-08-29,1.42881
2013-08-28,1.43332
2013-08-27,1.4362
2013-08-26,1.43765
2013-08-25,1.4366
2013-08-24,1.44012
2013-08-23,1.44132
2013-08-22,1.44115
2013-08-21,1.44458
2013-08-20,1.44799
2013-08-19,1.44907
2013-08-18,1.44794
2013-08-17,1.44942
2013-08-16,1.44956
2013-08-15,1.44285
2013-08-14,1.43494
2013-08-13,1.43134
2013-08-12,1.42932
2013-08-11,1.42974
2013-08-10,1.4294
2013-08-09,1.42686
2013-08-08,1.42382
2013-08-07,1.42369
2013-08-06,1.42298
2013-08-05,1.41752
2013-08-04,1.42017
2013-08-03,1.41605
2013-08-02,1.41199
2013-08-01,1.41681
2013-07-31,1.42578
2013-07-30,1.42849
2013-07-29,1.43062
2013-07-28,1.42881
2013-07-27,1.43122
2013-07-26,1.43524
2013-07-25,1.43781
2013-07-24,1.43826
2013-07-23,1.43695
2013-07-22,1.43582
2013-07-21,1.43657
2013-07-20,1.4359
2013-07-19,1.43175
2013-07-18,1.42706
2013-07-17,1.42922
2013-07-16,1.43116
2013-07-15,1.43171
2013-07-14,1.43182
2013-07-13,1.43499
2013-07-12,1.43853
2013-07-11,1.44389
2013-07-10,1.44064
2013-07-09,1.43691
2013-07-08,1.43834
2013-07-07,1.43597
2013-07-06,1.43993
2013-07-05,1.44411
2013-07-04,1.44267
2013-07-03,1.43928
2013-07-02,1.43848
2013-07-01,1.43951
2013-06-30,1.43826
2013-06-29,1.44118
2013-06-28,1.44422
2013-06-27,1.44515
2013-06-26,1.4422
2013-06-25,1.43994
2013-06-24,1.43971
2013-06-23,1.43959
2013-06-22,1.43781
2013-06-21,1.43843
2013-06-20,1.44075
2013-06-19,1.44658
2013-06-18,1.44938
2013-06-17,1.44546
2013-06-16,1.44703
2013-06-15,1.44621
2013-06-14,1.44499
2013-06-13,1.44806
2013-06-12,1.45132
2013-06-11,1.45578
2013-06-10,1.45465
2013-06-09,1.4537
2013-06-08,1.45033
2013-06-07,1.45193
2013-06-06,1.45193
2013-06-05,1.45327
2013-06-04,1.45419
2013-06-03,1.45247
2013-06-02,1.45217
2013-06-01,1.45341
2013-05-31,1.45666
2013-05-30,1.46175
2013-05-29,1.45954
2013-05-28,1.45494
2013-05-27,1.45831
2013-05-26,1.45578
2013-05-25,1.46097
2013-05-24,1.46721
2013-05-23,1.47115
2013-05-22,1.47278
2013-05-21,1.47415
2013-05-20,1.47399
2013-05-19,1.47508
2013-05-18,1.47337
2013-05-17,1.47189
2013-05-16,1.46893
2013-05-15,1.46557
2013-05-14,1.46958
2013-05-13,1.4647
2013-05-12,1.46948
2013-05-11,1.46383
2013-05-10,1.45571
2013-05-09,1.45595
2013-05-08,1.45783
2013-05-07,1.45734
2013-05-06,1.45281
2013-05-05,1.45517
2013-05-04,1.45051
2013-05-03,1.44553
2013-05-02,1.44602
2013-05-01,1.45226
2013-04-30,1.45787
2013-04-29,1.45709
2013-04-28,1.45882
2013-04-27,1.4567
2013-04-26,1.45
2013-04-25,1.43935
2013-04-24,1.42943
2013-04-23,1.42316
2013-04-22,1.42232
2013-04-21,1.42336
2013-04-20,1.42347
2013-04-19,1.4198
2013-04-18,1.41801
2013-04-17,1.4223
2013-04-16,1.42395
2013-04-15,1.42564
2013-04-14,1.42554
2013-04-13,1.43041
2013-04-12,1.42969
2013-04-11,1.42806
2013-04-10,1.42891
2013-04-09,1.43165
2013-04-08,1.43283
2013-04-07,1.43275
2013-04-06,1.43167
2013-04-05,1.43223
2013-04-04,1.43499
2013-04-03,1.44018
2013-04-02,1.44336
2013-04-01,1.44281
2013-03-31,1.44293
2013-03-30,1.44269
2013-03-29,1.44147
2013-03-28,1.43952
2013-03-27,1.43727
2013-03-26,1.4336
2013-03-25,1.43249
2013-03-24,1.43385
2013-03-23,1.43424
2013-03-22,1.43104
2013-03-21,1.42926
2013-03-20,1.4283
2013-03-19,1.42396
2013-03-18,1.4212
2013-03-17,1.42149
2013-03-16,1.42579
2013-03-15,1.42186
2013-03-14,1.41419
2013-03-13,1.41376
2013-03-12,1.41858
2013-03-11,1.42022
2013-03-10,1.41945
2013-03-09,1.41925
2013-03-08,1.42214
2013-03-07,1.4243
2013-03-06,1.42188
2013-03-05,1.41813
2013-03-04,1.41584
2013-03-03,1.41819
2013-03-02,1.41633
2013-03-01,1.41109
2013-02-28,1.41035
2013-02-27,1.41007
2013-02-26,1.40753
2013-02-25,1.41188
2013-02-24,1.41376
2013-02-23,1.41876
2013-02-22,1.41657
2013-02-21,1.42147
2013-02-20,1.4286
2013-02-19,1.43004
2013-02-18,1.42951
2013-02-17,1.43042
2013-02-16,1.42916
2013-02-15,1.42976
2013-02-14,1.43467
2013-02-13,1.43992
2013-02-12,1.4468
2013-02-11,1.44259
2013-02-10,1.44833
2013-02-09,1.43937
2013-02-08,1.42804
2013-02-07,1.4268
2013-02-06,1.42968
2013-02-05,1.42765
2013-02-04,1.43089
2013-02-03,1.42919
2013-02-02,1.43754
2013-02-01,1.4431
2013-01-31,1.44983
2013-01-30,1.45563
2013-01-29,1.46104
2013-01-28,1.46642
2013-01-27,1.46391
2013-01-26,1.46691
2013-01-25,1.47138
2013-01-24,1.4735
2013-01-23,1.47692
2013-01-22,1.48085
2013-01-21,1.48583
2013-01-20,1.48524
2013-01-19,1.49058
2013-01-18,1.49184
2013-01-17,1.49073
2013-01-16,1.48317
2013-01-15,1.47452
2013-01-14,1.47657
2013-01-13,1.47478
2013-01-12,1.47811
2013-01-11,1.48185
2013-01-10,1.48367
2013-01-09,1.48479
2013-01-08,1.48621
2013-01-07,1.48815
2013-01-06,1.48725
2013-01-05,1.49037
2013-01-04,1.49011
2013-01-03,1.48673
2013-01-02,1.48367
2013-01-01,1.47859
2012-12-31,1.47484
2012-12-30,1.47502
2012-12-29,1.47302
2012-12-28,1.47385
2012-12-27,1.47612
2012-12-26,1.47779
2012-12-25,1.47979
2012-12-24,1.48171
2012-12-23,1.48182
2012-12-22,1.48429
2012-12-21,1.48392
2012-12-20,1.48454
2012-12-19,1.4855
2012-12-18,1.4855
2012-12-17,1.48764
2012-12-16,1.48559
2012-12-15,1.48956
2012-12-14,1.49559
2012-12-13,1.50076
2012-12-12,1.50098
2012-12-11,1.49982
2012-12-10,1.49743
2012-12-09,1.49893
2012-12-08,1.49641
2012-12-07,1.49321
2012-12-06,1.49212
2012-12-05,1.4897
2012-12-04,1.48639
2012-12-03,1.48678
2012-12-02,1.48673
2012-12-01,1.48673
2012-11-30,1.48879
2012-11-29,1.49012
2012-11-28,1.48872
2012-11-27,1.48792
2012-11-26,1.49006
2012-11-25,1.48828
2012-11-24,1.49131
2012-11-23,1.49596
2012-11-22,1.49819
2012-11-21,1.49871
2012-11-20,1.5008
2012-11-19,1.49948
2012-11-18,1.50047
2012-11-17,1.49766
2012-11-16,1.49792
2012-11-15,1.50314
2012-11-14,1.50656
2012-11-13,1.50714
2012-11-12,1.50929
2012-11-11,1.50915
2012-11-10,1.51095
2012-11-09,1.51018
2012-11-08,1.50833
2012-11-07,1.50795
2012-11-06,1.50726
2012-11-05,1.50566
2012-11-04,1.5063
2012-11-03,1.50477
2012-11-02,1.50206
2012-11-01,1.49937
2012-10-31,1.50131
2012-10-30,1.50435
2012-10-29,1.50337
2012-10-28,1.50593
2012-10-27,1.50449
2012-10-26,1.49685
2012-10-25,1.48975
2012-10-24,1.48585
2012-10-23,1.48534
2012-10-22,1.48672
2012-10-21,1.48541
2012-10-20,1.48688
2012-10-19,1.48933
2012-10-18,1.49246
2012-10-17,1.49771
2012-10-16,1.50007
2012-10-15,1.50096
2012-10-14,1.49974
2012-10-13,1.50025
2012-10-12,1.50317
2012-10-11,1.50309
2012-10-10,1.49988
2012-10-09,1.49955
2012-10-08,1.50298
2012-10-07,1.50203
2012-10-06,1.50662
2012-10-05,1.509
2012-10-04,1.51125
2012-10-03,1.51412
2012-10-02,1.51759
2012-10-01,1.51993
2012-09-30,1.51911
2012-09-29,1.51957
2012-09-28,1.52018
2012-09-27,1.51889
2012-09-26,1.51785
2012-09-25,1.51598
2012-09-24,1.51241
2012-09-23,1.51437
2012-09-22,1.51257
2012-09-21,1.50814
2012-09-20,1.50669
2012-09-19,1.50622
2012-09-18,1.50415
2012-09-17,1.50621
2012-09-16,1.50521
2012-09-15,1.50933
2012-09-14,1.51026
2012-09-13,1.51015
2012-09-12,1.51213
2012-09-11,1.51252
2012-09-10,1.5148
2012-09-09,1.51449
2012-09-08,1.51945
2012-09-07,1.51996
2012-09-06,1.51817
2012-09-05,1.51549
2012-09-04,1.51562
2012-09-03,1.51572
2012-09-02,1.51488
2012-09-01,1.51519
2012-08-31,1.51569
2012-08-30,1.51454
2012-08-29,1.51549
2012-08-28,1.51728
2012-08-27,1.5184
2012-08-26,1.51739
2012-08-25,1.51817
2012-08-24,1.52034
2012-08-23,1.52242
2012-08-22,1.52613
2012-08-21,1.52992
2012-08-20,1.52992
2012-08-19,1.52876
2012-08-18,1.52998
2012-08-17,1.53128
2012-08-16,1.52892
2012-08-15,1.52778
2012-08-14,1.5307
2012-08-13,1.52936
2012-08-12,1.53089
2012-08-11,1.52643
2012-08-10,1.52145
2012-08-09,1.51561
2012-08-08,1.51282
2012-08-07,1.51479
2012-08-06,1.52087
2012-08-05,1.52054
2012-08-04,1.52614
2012-08-03,1.5272
2012-08-02,1.53031
2012-08-01,1.53565
2012-07-31,1.5366
2012-07-30,1.53446
2012-07-29,1.53475
2012-07-28,1.53292
2012-07-27,1.53424
2012-07-26,1.53848
2012-07-25,1.54062
2012-07-24,1.54246
2012-07-23,1.53978
2012-07-22,1.54219
2012-07-21,1.53763
2012-07-20,1.53246
2012-07-19,1.53033
2012-07-18,1.52952
2012-07-17,1.52836
2012-07-16,1.52469
2012-07-15,1.52516
2012-07-14,1.52151
2012-07-13,1.52104
2012-07-12,1.51986
2012-07-11,1.51563
2012-07-10,1.51424
2012-07-09,1.50874
2012-07-08,1.5121
2012-07-07,1.50515
2012-07-06,1.49774
2012-07-05,1.49557
2012-07-04,1.49526
2012-07-03,1.49166
2012-07-02,1.49313
2012-07-01,1.49047
2012-06-30,1.49465
2012-06-29,1.49998
2012-06-28,1.50058
2012-06-27,1.49759
2012-06-26,1.49253
2012-06-25,1.48895
2012-06-24,1.49037
2012-06-23,1.49094
2012-06-22,1.48863
2012-06-21,1.48981
2012-06-20,1.4911
2012-06-19,1.49054
2012-06-18,1.48897
2012-06-17,1.48912
2012-06-16,1.48181
2012-06-15,1.48545
2012-06-14,1.4914
2012-06-13,1.48862
2012-06-12,1.48344
2012-06-11,1.48291
2012-06-10,1.48492
2012-06-09,1.48401
2012-06-08,1.48239
2012-06-07,1.48237
2012-06-06,1.48164
2012-06-05,1.48412
2012-06-04,1.49002
2012-06-03,1.4871
2012-06-02,1.49525
2012-06-01,1.50164
2012-05-31,1.5035
2012-05-30,1.50225
2012-05-29,1.50151
2012-05-28,1.50139
2012-05-27,1.50229
2012-05-26,1.50029
2012-05-25,1.49761
2012-05-24,1.49174
2012-05-23,1.48646
2012-05-22,1.48681
2012-05-21,1.49164
2012-05-20,1.48916
2012-05-19,1.4951
2012-05-18,1.50127
2012-05-17,1.50561
2012-05-16,1.50381
2012-05-15,1.4984
2012-05-14,1.49557
2012-05-13,1.49502
2012-05-12,1.49672
2012-05-11,1.49616
2012-05-10,1.4927
2012-05-09,1.48787
2012-05-08,1.48787
2012-05-07,1.48162
2012-05-06,1.48165
2012-05-05,1.47955
2012-05-04,1.47826
2012-05-03,1.47499
2012-05-02,1.47317
2012-05-01,1.47537
2012-04-30,1.47269
2012-04-29,1.47381
2012-04-28,1.47212
2012-04-27,1.46947
2012-04-26,1.46976
2012-04-25,1.47171
2012-04-24,1.46909
2012-04-23,1.46704
2012-04-22,1.46637
2012-04-21,1.4684
2012-04-20,1.46742
2012-04-19,1.4614
2012-04-18,1.45818
2012-04-17,1.45904
2012-04-16,1.4575
2012-04-15,1.45675
2012-04-14,1.45671
2012-04-13,1.45751
2012-04-12,1.45696
2012-04-11,1.45745
2012-04-10,1.45717
2012-04-09,1.45561
2012-04-08,1.45603
2012-04-07,1.45675
2012-04-06,1.4543
2012-04-05,1.44938
2012-04-04,1.44591
2012-04-03,1.4457
2012-04-02,1.4435
2012-04-01,1.44473
2012-03-31,1.44296
2012-03-30,1.44089
2012-03-29,1.44135
2012-03-28,1.44246
2012-03-27,1.44159
2012-03-26,1.4433
2012-03-25,1.44186
2012-03-24,1.44454
2012-03-23,1.44617
2012-03-22,1.44596
2012-03-21,1.44888
2012-03-20,1.45128
2012-03-19,1.45218
2012-03-18,1.45132
2012-03-17,1.45194
2012-03-16,1.45371
2012-03-15,1.44825
2012-03-14,1.43887
2012-03-13,1.4395
2012-03-12,1.44041
2012-03-11,1.43996
2012-03-10,1.43995
2012-03-09,1.44169
2012-03-08,1.44481
2012-03-07,1.44665
2012-03-06,1.44679
2012-03-05,1.44502
2012-03-04,1.44723
2012-03-03,1.44482
2012-03-02,1.4368
2012-03-01,1.42629
2012-02-29,1.42249
2012-02-28,1.42281
2012-02-27,1.42292
2012-02-26,1.42145
2012-02-25,1.42145
2012-02-24,1.42829
2012-02-23,1.43788
2012-02-22,1.44514
2012-02-21,1.45153
2012-02-20,1.45489
2012-02-19,1.4549
2012-02-18,1.45332
2012-02-17,1.45024
2012-02-16,1.44362
2012-02-15,1.44262
2012-02-14,1.44311
2012-02-13,1.4439
2012-02-12,1.44382
2012-02-11,1.44348
2012-02-10,1.44572
2012-02-09,1.45051
2012-02-08,1.45398
2012-02-07,1.45405
2012-02-06,1.45159
2012-02-05,1.45165
2012-02-04,1.45068
2012-02-03,1.45008
2012-02-02,1.44719
2012-02-01,1.44123
2012-01-31,1.43754
2012-01-30,1.43827
2012-01-29,1.43838
2012-01-28,1.44259
2012-01-27,1.44478
2012-01-26,1.4476
2012-01-25,1.44726
2012-01-24,1.45274
2012-01-23,1.45285
2012-01-22,1.45246
2012-01-21,1.44732
2012-01-20,1.44968
2012-01-19,1.455
2012-01-18,1.45994
2012-01-17,1.46022
2012-01-16,1.45773
2012-01-15,1.45606
2012-01-14,1.4535
2012-01-13,1.46073
2012-01-12,1.46814
2012-01-11,1.46944
2012-01-10,1.47279
2012-01-09,1.47339
2012-01-08,1.47433
2012-01-07,1.47444
2012-01-06,1.46925
2012-01-05,1.46189
2012-01-04,1.45783
2012-01-03,1.45758
2012-01-02,1.45721
2012-01-01,1.45618
2011-12-31,1.45329
2011-12-30,1.45745
2011-12-29,1.46204
2011-12-28,1.46267
2011-12-27,1.46124
2011-12-26,1.46263
2011-12-25,1.46225
2011-12-24,1.46668
2011-12-23,1.46499
2011-12-22,1.45902
2011-12-21,1.45463
2011-12-20,1.45382
2011-12-19,1.45981
2011-12-18,1.45584
2011-12-17,1.46063
2011-12-16,1.46668
2011-12-15,1.4649
2011-12-14,1.45799
2011-12-13,1.45014
2011-12-12,1.44829
2011-12-11,1.44653
2011-12-10,1.44811
2011-12-09,1.44946
2011-12-08,1.44586
2011-12-07,1.44224
2011-12-06,1.43841
2011-12-05,1.43555
2011-12-04,1.43683
2011-12-03,1.43536
2011-12-02,1.43388
2011-12-01,1.43439
2011-11-30,1.43381
2011-11-29,1.43528
2011-11-28,1.43261
2011-11-27,1.43372
2011-11-26,1.42938
2011-11-25,1.4277
2011-11-24,1.42993
2011-11-23,1.43522
2011-11-22,1.44411
2011-11-21,1.44852
2011-11-20,1.44845
2011-11-19,1.44845
2011-11-18,1.44828
2011-11-17,1.4486
2011-11-16,1.44713
2011-11-15,1.4447
2011-11-14,1.44622
2011-11-13,1.44522
2011-11-12,1.44503
2011-11-11,1.44542
2011-11-10,1.44425
2011-11-09,1.44253
2011-11-08,1.42946
2011-11-07,1.41556
2011-11-06,1.41672
2011-11-05,1.41266
2011-11-04,1.41139
2011-11-03,1.41417
2011-11-02,1.40904
2011-11-01,1.39548
2011-10-31,1.39427
2011-10-30,1.39085
2011-10-29,1.39163
2011-10-28,1.40038
2011-10-27,1.406
2011-10-26,1.40865
2011-10-25,1.40924
2011-10-24,1.41167
2011-10-23,1.40814
2011-10-22,1.41223
2011-10-21,1.41825
2011-10-20,1.41688
2011-10-19,1.41459
2011-10-18,1.41226
2011-10-17,1.41142
2011-10-16,1.41209
2011-10-15,1.41359
2011-10-14,1.41276
2011-10-13,1.41467
2011-10-12,1.42072
2011-10-11,1.43379
2011-10-10,1.4359
2011-10-09,1.43733
2011-10-08,1.42709
2011-10-07,1.42418
2011-10-06,1.42206
2011-10-05,1.4183
2011-10-04,1.41544
2011-10-03,1.41046
2011-10-02,1.41181
2011-10-01,1.40503
2011-09-30,1.40221
2011-09-29,1.4031
2011-09-28,1.40441
2011-09-27,1.40261
2011-09-26,1.39814
2011-09-25,1.3975
2011-09-24,1.39681
2011-09-23,1.39754
2011-09-22,1.3945
2011-09-21,1.38846
2011-09-20,1.38506
2011-09-19,1.382
2011-09-18,1.38153
2011-09-17,1.37956
2011-09-16,1.38259
2011-09-15,1.38961
2011-09-14,1.39771
2011-09-13,1.40344
2011-09-12,1.39525
2011-09-11,1.4017
2011-09-10,1.39181
2011-09-09,1.37742
2011-09-08,1.35314
2011-09-07,1.30275
2011-09-06,1.27353
2011-09-05,1.28579
2011-09-04,1.2779
2011-09-03,1.28522
2011-09-02,1.30872
2011-09-01,1.32837
2011-08-31,1.33585
2011-08-30,1.32791
2011-08-29,1.31223
2011-08-28,1.31239
2011-08-27,1.29976
2011-08-26,1.30162
2011-08-25,1.30346
2011-08-24,1.30045
2011-08-23,1.29611
2011-08-22,1.29828
2011-08-21,1.29662
2011-08-20,1.30612
2011-08-19,1.30653
2011-08-18,1.298
2011-08-17,1.28686
2011-08-16,1.27907
2011-08-15,1.24179
2011-08-14,1.25856
2011-08-13,1.22852
2011-08-12,1.19139
2011-08-11,1.19109
2011-08-10,1.22355
2011-08-09,1.24866
2011-08-08,1.25867
2011-08-07,1.25366
2011-08-06,1.25442
2011-08-05,1.26095
2011-08-04,1.26032
2011-08-03,1.27588
2011-08-02,1.2911
2011-08-01,1.29872
2011-07-31,1.29559
2011-07-30,1.30593
2011-07-29,1.3111
2011-07-28,1.31349
2011-07-27,1.31489
2011-07-26,1.32397
2011-07-25,1.3324
2011-07-24,1.33485
2011-07-23,1.33246
2011-07-22,1.3282
2011-07-21,1.32361
2011-07-20,1.31593
2011-07-19,1.312
2011-07-18,1.31435
2011-07-17,1.31566
2011-07-16,1.31569
2011-07-15,1.31795
2011-07-14,1.32418
2011-07-13,1.32988
2011-07-12,1.33873
2011-07-11,1.34422
2011-07-10,1.34516
2011-07-09,1.34717
2011-07-08,1.3462
2011-07-07,1.35196
2011-07-06,1.36141
2011-07-05,1.36332
2011-07-04,1.35424
2011-07-03,1.35949
2011-07-02,1.35036
2011-07-01,1.33921
2011-06-30,1.33337
2011-06-29,1.33255
2011-06-28,1.33251
2011-06-27,1.33615
2011-06-26,1.33407
2011-06-25,1.34243
2011-06-24,1.35085
2011-06-23,1.36203
2011-06-22,1.36844
2011-06-21,1.37183
2011-06-20,1.37513
2011-06-19,1.37347
2011-06-18,1.37205
2011-06-17,1.37789
2011-06-16,1.38076
2011-06-15,1.37349
2011-06-14,1.36839
2011-06-13,1.37109
2011-06-12,1.36975
2011-06-11,1.3734
2011-06-10,1.37412
2011-06-09,1.37136
2011-06-08,1.37061
2011-06-07,1.37041
2011-06-06,1.37268
2011-06-05,1.37159
2011-06-04,1.37591
2011-06-03,1.38312
2011-06-02,1.39706
2011-06-01,1.40373
2011-05-31,1.40249
2011-05-30,1.40825
2011-05-29,1.40501
2011-05-28,1.41378
2011-05-27,1.42031
2011-05-26,1.42255
2011-05-25,1.42414
2011-05-24,1.42438
2011-05-23,1.42534
2011-05-22,1.4262
2011-05-21,1.42789
2011-05-20,1.42663
2011-05-19,1.42997
2011-05-18,1.43663
2011-05-17,1.44187
2011-05-16,1.44623
2011-05-15,1.44426
2011-05-14,1.44291
2011-05-13,1.44599
2011-05-12,1.44183
2011-05-11,1.4341
2011-05-10,1.43511
2011-05-09,1.43249
2011-05-08,1.43603
2011-05-07,1.4277
2011-05-06,1.42142
2011-05-05,1.42492
2011-05-04,1.43579
2011-05-03,1.4454
2011-05-02,1.44918
2011-05-01,1.44703
2011-04-30,1.4511
2011-04-29,1.45137
2011-04-28,1.44782
2011-04-27,1.45306
2011-04-26,1.46003
2011-04-25,1.46183
2011-04-24,1.46328
2011-04-23,1.46194
2011-04-22,1.46104
2011-04-21,1.46274
2011-04-20,1.45984
2011-04-19,1.45718
2011-04-18,1.45751
2011-04-17,1.45773
2011-04-16,1.45907
2011-04-15,1.45892
2011-04-14,1.46293
2011-04-13,1.47554
2011-04-12,1.48564
2011-04-11,1.48988
2011-04-10,1.48823
2011-04-09,1.49474
2011-04-08,1.49949
2011-04-07,1.50052
2011-04-06,1.4937
2011-04-05,1.48937
2011-04-04,1.48352
2011-04-03,1.48585
2011-04-02,1.47904
2011-04-01,1.47562
2011-03-31,1.47441
2011-03-30,1.46983
2011-03-29,1.47303
2011-03-28,1.47418
2011-03-27,1.47299
2011-03-26,1.46942
2011-03-25,1.47259
2011-03-24,1.47541
2011-03-23,1.4746
2011-03-22,1.467
2011-03-21,1.45704
2011-03-20,1.46105
2011-03-19,1.45581
2011-03-18,1.45664
2011-03-17,1.47493
2011-03-16,1.4867
2011-03-15,1.49391
2011-03-14,1.49804
2011-03-13,1.49485
2011-03-12,1.49824
2011-03-11,1.506
2011-03-10,1.50798
2011-03-09,1.5055
2011-03-08,1.50453
2011-03-07,1.50662
2011-03-06,1.50793
2011-03-05,1.51195
2011-03-04,1.5094
2011-03-03,1.51011
2011-03-02,1.50886
2011-03-01,1.49907
2011-02-28,1.49855
2011-02-27,1.49529
2011-02-26,1.49693
2011-02-25,1.5076
2011-02-24,1.52035
2011-02-23,1.52973
2011-02-22,1.53575
2011-02-21,1.53765
2011-02-20,1.53668
2011-02-19,1.53981
2011-02-18,1.5464
2011-02-17,1.55608
2011-02-16,1.55848
2011-02-15,1.55802
2011-02-14,1.55455
2011-02-13,1.55404
2011-02-12,1.55404
2011-02-11,1.54798
2011-02-10,1.54453
2011-02-09,1.54064
2011-02-08,1.54057
2011-02-07,1.53405
2011-02-06,1.53584
2011-02-05,1.5291
2011-02-04,1.52176
2011-02-03,1.51434
2011-02-02,1.5078
2011-02-01,1.49645
2011-01-31,1.4969
2011-01-30,1.49627
2011-01-29,1.5016
2011-01-28,1.4998
2011-01-27,1.49812
2011-01-26,1.51317
2011-01-25,1.52978
2011-01-24,1.5315
2011-01-23,1.53423
2011-01-22,1.53311
2011-01-21,1.53097
2011-01-20,1.53374
2011-01-19,1.53374
2011-01-18,1.5308
2011-01-17,1.52849
2011-01-16,1.52836
2011-01-15,1.52836
2011-01-14,1.52558
2011-01-13,1.51796
2011-01-12,1.50787
2011-01-11,1.50298
2011-01-10,1.50158
2011-01-09,1.50035
2011-01-08,1.49534
2011-01-07,1.49311
2011-01-06,1.47635
2011-01-05,1.45847
2011-01-04,1.45424
2011-01-03,1.45825
2011-01-02,1.45698
2011-01-01,1.45206
2010-12-31,1.45874
2010-12-30,1.46721
2010-12-29,1.47518
2010-12-28,1.4832
2010-12-27,1.47966
2010-12-26,1.48352
2010-12-25,1.47848
2010-12-24,1.47273
2010-12-23,1.48073
2010-12-22,1.49469
2010-12-21,1.50284
2010-12-20,1.50622
2010-12-19,1.50354
2010-12-18,1.50407
2010-12-17,1.50897
2010-12-16,1.51699
2010-12-15,1.53418
2010-12-14,1.547
2010-12-13,1.55199
2010-12-12,1.55052
2010-12-11,1.55272
2010-12-10,1.55576
2010-12-09,1.55308
2010-12-08,1.54382
2010-12-07,1.53851
2010-12-06,1.5443
2010-12-05,1.53942
2010-12-04,1.55156
2010-12-03,1.56166
2010-12-02,1.5606
2010-12-01,1.55702
2010-11-30,1.56209
2010-11-29,1.5676
2010-11-28,1.56674
2010-11-27,1.57228
2010-11-26,1.57314
2010-11-25,1.5733
2010-11-24,1.57877
2010-11-23,1.58515
2010-11-22,1.58417
2010-11-21,1.58901
2010-11-20,1.58934
2010-11-19,1.58115
2010-11-18,1.58015
2010-11-17,1.57962
2010-11-16,1.58034
2010-11-15,1.57545
2010-11-14,1.57736
2010-11-13,1.57003
2010-11-12,1.56336
2010-11-11,1.55562
2010-11-10,1.55563
2010-11-09,1.55768
2010-11-08,1.56087
2010-11-07,1.55746
2010-11-06,1.55988
2010-11-05,1.56837
2010-11-04,1.57593
2010-11-03,1.58242
2010-11-02,1.58127
2010-11-01,1.5714
2010-10-31,1.57451
2010-10-30,1.5693
2010-10-29,1.56336
2010-10-28,1.55685
2010-10-27,1.54006
2010-10-26,1.52909
2010-10-25,1.52713
2010-10-24,1.53084
2010-10-23,1.52584
2010-10-22,1.52064
2010-10-21,1.52203
2010-10-20,1.52458
2010-10-19,1.52841
2010-10-18,1.52931
2010-10-17,1.53291
2010-10-16,1.52869
2010-10-15,1.52153
2010-10-14,1.52035
2010-10-13,1.52719
2010-10-12,1.53437
2010-10-11,1.53457
2010-10-10,1.53569
2010-10-09,1.53336
2010-10-08,1.53216
2010-10-07,1.53404
2010-10-06,1.53853
2010-10-05,1.54087
2010-10-04,1.54208
2010-10-03,1.5422
2010-10-02,1.54555
2010-10-01,1.54443
2010-09-30,1.54624
2010-09-29,1.55415
2010-09-28,1.55747
2010-09-27,1.55182
2010-09-26,1.55253
2010-09-25,1.54771
2010-09-24,1.54798
2010-09-23,1.55423
2010-09-22,1.56394
2010-09-21,1.57291
2010-09-20,1.57683
2010-09-19,1.58138
2010-09-18,1.58169
2010-09-17,1.56861
2010-09-16,1.5546
2010-09-15,1.55202
2010-09-14,1.56317
2010-09-13,1.56531
2010-09-12,1.56822
2010-09-11,1.56855
2010-09-10,1.56244
2010-09-09,1.55795
2010-09-08,1.55633
2010-09-07,1.56588
2010-09-06,1.56683
2010-09-05,1.56977
2010-09-04,1.56508
2010-09-03,1.56173
2010-09-02,1.56585
2010-09-01,1.57715
2010-08-31,1.59463
2010-08-30,1.59616
2010-08-29,1.59427
2010-08-28,1.59269
2010-08-27,1.59339
2010-08-26,1.59307
2010-08-25,1.60432
2010-08-24,1.60972
2010-08-23,1.61035
2010-08-22,1.60645
2010-08-21,1.61078
2010-08-20,1.62044
2010-08-19,1.62613
2010-08-18,1.62755
2010-08-17,1.63155
2010-08-16,1.64113
2010-08-15,1.63976
2010-08-14,1.64289
2010-08-13,1.6503
2010-08-12,1.66073
2010-08-11,1.66387
2010-08-10,1.66059
2010-08-09,1.65924
2010-08-08,1.6578
2010-08-07,1.6615
2010-08-06,1.66406
2010-08-05,1.65983
2010-08-04,1.6517
2010-08-03,1.64314
2010-08-02,1.63331
2010-08-01,1.6309
2010-07-31,1.63016
2010-07-30,1.6402
2010-07-29,1.64737
2010-07-28,1.63609
2010-07-27,1.6267
2010-07-26,1.61383
2010-07-25,1.6215
2010-07-24,1.60402
2010-07-23,1.59536
2010-07-22,1.60222
2010-07-21,1.60341
2010-07-20,1.60566
2010-07-19,1.60675
2010-07-18,1.60707
2010-07-17,1.60651
2010-07-16,1.60778
2010-07-15,1.60587
2010-07-14,1.59674
2010-07-13,1.59412
2010-07-12,1.59387
2010-07-11,1.5944
2010-07-10,1.59535
2010-07-09,1.59733
2010-07-08,1.60455
2010-07-07,1.61002
2010-07-06,1.61292
2010-07-05,1.6114
2010-07-04,1.61532
2010-07-03,1.61161
2010-07-02,1.61109
2010-07-01,1.62556
2010-06-30,1.63677
2010-06-29,1.64245
2010-06-28,1.64877
2010-06-27,1.6457
2010-06-26,1.64635
2010-06-25,1.65095
2010-06-24,1.64543
2010-06-23,1.64024
2010-06-22,1.64349
2010-06-21,1.64562
2010-06-20,1.64404
2010-06-19,1.6476
2010-06-18,1.65903
2010-06-17,1.67544
2010-06-16,1.67976
2010-06-15,1.67604
2010-06-14,1.67327
2010-06-13,1.67431
2010-06-12,1.67539
2010-06-11,1.67126
2010-06-10,1.66775
2010-06-09,1.67437
2010-06-08,1.68184
2010-06-07,1.68419
2010-06-06,1.68217
2010-06-05,1.6876
2010-06-04,1.69301
2010-06-03,1.69393
2010-06-02,1.68515
2010-06-01,1.67618
2010-05-31,1.67509
2010-05-30,1.6756
2010-05-29,1.67631
2010-05-28,1.67238
2010-05-27,1.66701
2010-05-26,1.66786
2010-05-25,1.66705
2010-05-24,1.65831
2010-05-23,1.66071
2010-05-22,1.65554
2010-05-21,1.65102
2010-05-20,1.64546
2010-05-19,1.63807
2010-05-18,1.64223
2010-05-17,1.64552
2010-05-16,1.64449
2010-05-15,1.63933
2010-05-14,1.64596
2010-05-13,1.65176
2010-05-12,1.64794
2010-05-11,1.6435
2010-05-10,1.65
2010-05-09,1.63787
2010-05-08,1.64822
2010-05-07,1.67277
2010-05-06,1.67273
2010-05-05,1.65806
2010-05-04,1.65059
2010-05-03,1.64896
2010-05-02,1.64873
2010-05-01,1.65243
2010-04-30,1.65243
2010-04-29,1.6531
2010-04-28,1.65793
2010-04-27,1.65765
2010-04-26,1.65147
2010-04-25,1.65142
2010-04-24,1.65419
2010-04-23,1.65097
2010-04-22,1.64287
2010-04-21,1.63252
2010-04-20,1.62806
2010-04-19,1.63219
2010-04-18,1.63216
2010-04-17,1.63462
2010-04-16,1.63135
2010-04-15,1.62587
2010-04-14,1.62826
2010-04-13,1.63441
2010-04-12,1.6375
2010-04-11,1.63966
2010-04-10,1.64001
2010-04-09,1.63512
2010-04-08,1.62954
2010-04-07,1.62391
2010-04-06,1.61869
2010-04-05,1.61123
2010-04-04,1.61362
2010-04-03,1.61002
2010-04-02,1.60445
2010-04-01,1.60305
2010-03-31,1.59915
2010-03-30,1.58998
2010-03-29,1.5893
2010-03-28,1.58701
2010-03-27,1.59059
2010-03-26,1.59484
2010-03-25,1.59416
2010-03-24,1.59276
2010-03-23,1.59343
2010-03-22,1.60193
2010-03-21,1.59597
2010-03-20,1.60609
2010-03-19,1.61485
2010-03-18,1.60843
2010-03-17,1.60089
2010-03-16,1.60278
2010-03-15,1.60792
2010-03-14,1.6081
2010-03-13,1.60736
2010-03-12,1.60629
2010-03-11,1.60748
2010-03-10,1.61561
2010-03-09,1.62229
2010-03-08,1.62228
2010-03-07,1.6245
2010-03-06,1.61985
2010-03-05,1.61493
2010-03-04,1.61296
2010-03-03,1.61582
2010-03-02,1.62546
2010-03-01,1.64342
2010-02-28,1.63713
2010-02-27,1.64611
2010-02-26,1.66076
2010-02-25,1.66786
2010-02-24,1.66754
2010-02-23,1.66522
2010-02-22,1.67236
2010-02-21,1.66671
2010-02-20,1.67618
2010-02-19,1.68591
2010-02-18,1.68603
2010-02-17,1.68588
2010-02-16,1.68854
2010-02-15,1.68176
2010-02-14,1.68726
2010-02-13,1.67857
2010-02-12,1.66939
2010-02-11,1.67003
2010-02-10,1.6723
2010-02-09,1.67652
2010-02-08,1.68069
2010-02-07,1.68107
2010-02-06,1.68306
2010-02-05,1.6841
2010-02-04,1.68609
2010-02-03,1.68658
2010-02-02,1.6909
2010-02-01,1.69818
2010-01-31,1.69587
2010-01-30,1.69826
2010-01-29,1.6986
2010-01-28,1.69137
2010-01-27,1.68568
2010-01-26,1.67927
2010-01-25,1.68434
2010-01-24,1.68003
2010-01-23,1.68866
2010-01-22,1.6954
2010-01-21,1.69132
2010-01-20,1.68075
2010-01-19,1.67188
2010-01-18,1.66532
2010-01-17,1.66843
2010-01-16,1.66574
2010-01-15,1.65727
2010-01-14,1.64809
2010-01-13,1.64047
2010-01-12,1.63997
2010-01-11,1.64272
2010-01-10,1.64419
2010-01-09,1.64838
2010-01-08,1.64799
2010-01-07,1.65246
2010-01-06,1.65928
2010-01-05,1.67018
2010-01-04,1.67129
2010-01-03,1.67404
2010-01-02,1.67142
2010-01-01,1.6618
2009-12-31,1.65314
2009-12-30,1.65354
2009-12-29,1.65298
2009-12-28,1.65334
2009-12-27,1.65544
2009-12-26,1.65469
2009-12-25,1.66161
2009-12-24,1.67183
2009-12-23,1.67854
2009-12-22,1.68173
2009-12-21,1.68835
2009-12-20,1.68523
2009-12-19,1.68939
2009-12-18,1.69465
2009-12-17,1.69147
2009-12-16,1.68376
2009-12-15,1.67998
2009-12-14,1.67813
2009-12-13,1.67941
2009-12-12,1.67278
2009-12-11,1.66991
2009-12-10,1.66954
2009-12-09,1.67189
2009-12-08,1.67311
2009-12-07,1.66933
2009-12-06,1.67044
2009-12-05,1.66268
2009-12-04,1.66229
2009-12-03,1.65996
2009-12-02,1.65534
2009-12-01,1.65702
2009-11-30,1.65976
2009-11-29,1.65849
2009-11-28,1.65787
2009-11-27,1.66447
2009-11-26,1.67361
2009-11-25,1.67525
2009-11-24,1.67773
2009-11-23,1.68491
2009-11-22,1.68193
2009-11-21,1.68723
2009-11-20,1.69551
2009-11-19,1.70135
2009-11-18,1.69678
2009-11-17,1.6881
2009-11-16,1.68247
2009-11-15,1.68792
2009-11-14,1.6837
2009-11-13,1.67641
2009-11-12,1.68199
2009-11-11,1.68743
2009-11-10,1.69051
2009-11-09,1.68726
2009-11-08,1.68872
2009-11-07,1.68506
2009-11-06,1.68433
2009-11-05,1.68394
2009-11-04,1.6783
2009-11-03,1.68155
2009-11-02,1.68653
2009-11-01,1.68767
2009-10-31,1.68556
2009-10-30,1.68016
2009-10-29,1.67099
2009-10-28,1.6592
2009-10-27,1.64616
2009-10-26,1.65457
2009-10-25,1.65051
2009-10-24,1.66392
2009-10-23,1.66941
2009-10-22,1.66406
2009-10-21,1.65912
2009-10-20,1.66161
2009-10-19,1.65496
2009-10-18,1.6638
2009-10-17,1.65281
2009-10-16,1.63386
2009-10-15,1.62409
2009-10-14,1.62391
2009-10-13,1.63068
2009-10-12,1.63953
2009-10-11,1.6384
2009-10-10,1.64679
2009-10-09,1.64493
2009-10-08,1.63851
2009-10-07,1.64199
2009-10-06,1.64895
2009-10-05,1.6543
2009-10-04,1.65131
2009-10-03,1.65541
2009-10-02,1.65961
2009-10-01,1.65426
2009-09-30,1.64409
2009-09-29,1.63787
2009-09-28,1.64898
2009-09-27,1.64139
2009-09-26,1.6528
2009-09-25,1.67044
2009-09-24,1.67627
2009-09-23,1.67361
2009-09-22,1.67423
2009-09-21,1.68414
2009-09-20,1.6783
2009-09-19,1.69033
2009-09-18,1.70207
2009-09-17,1.70805
2009-09-16,1.71703
2009-09-15,1.72509
2009-09-14,1.7281
2009-09-13,1.73039
2009-09-12,1.72893
2009-09-11,1.72537
2009-09-10,1.72808
2009-09-09,1.73281
2009-09-08,1.73676
2009-09-07,1.7354
2009-09-06,1.73795
2009-09-05,1.73414
2009-09-04,1.72779
2009-09-03,1.72392
2009-09-02,1.72237
2009-09-01,1.72307
2009-08-31,1.72656
2009-08-30,1.72417
2009-08-29,1.72684
2009-08-28,1.73162
2009-08-27,1.73501
2009-08-26,1.7413
2009-08-25,1.74691
2009-08-24,1.75246
2009-08-23,1.74848
2009-08-22,1.75433
2009-08-21,1.76383
2009-08-20,1.76958
2009-08-19,1.76839
2009-08-18,1.76844
2009-08-17,1.77476
2009-08-16,1.77327
2009-08-15,1.77479
2009-08-14,1.77824
2009-08-13,1.7821
2009-08-12,1.79074
2009-08-11,1.80054
2009-08-10,1.80169
2009-08-09,1.79901
2009-08-08,1.79398
2009-08-07,1.79929
2009-08-06,1.79929
2009-08-05,1.79581
2009-08-04,1.79012
2009-08-03,1.78693
2009-08-02,1.78775
2009-08-01,1.79068
2009-07-31,1.78254
2009-07-30,1.7688
2009-07-29,1.76418
2009-07-28,1.76201
2009-07-27,1.76147
2009-07-26,1.76264
2009-07-25,1.76408
2009-07-24,1.75842
2009-07-23,1.75499
2009-07-22,1.76079
2009-07-21,1.76144
2009-07-20,1.76136
2009-07-19,1.75941
2009-07-18,1.76203
2009-07-17,1.76768
2009-07-16,1.76942
2009-07-15,1.76357
2009-07-14,1.75967
2009-07-13,1.75899
2009-07-12,1.76203
2009-07-11,1.75995
2009-07-10,1.7543
2009-07-09,1.75616
2009-07-08,1.76298
2009-07-07,1.76992
2009-07-06,1.77432
2009-07-05,1.77554
2009-07-04,1.77562
2009-07-03,1.77611
2009-07-02,1.78569
2009-07-01,1.79354
2009-06-30,1.79199
2009-06-29,1.79209
2009-06-28,1.79066
2009-06-27,1.79263
2009-06-26,1.78667
2009-06-25,1.76946
2009-06-24,1.77006
2009-06-23,1.78313
2009-06-22,1.77781
2009-06-21,1.78196
2009-06-20,1.77477
2009-06-19,1.77091
2009-06-18,1.77862
2009-06-17,1.78028
2009-06-16,1.77697
2009-06-15,1.77348
2009-06-14,1.77411
2009-06-13,1.77292
2009-06-12,1.76812
2009-06-11,1.76026
2009-06-10,1.74956
2009-06-09,1.7374
2009-06-08,1.73663
2009-06-07,1.73185
2009-06-06,1.73163
2009-06-05,1.74805
2009-06-04,1.76022
2009-06-03,1.7517
2009-06-02,1.73723
2009-06-01,1.73039
2009-05-31,1.72799
2009-05-30,1.73178
2009-05-29,1.73638
2009-05-28,1.73229
2009-05-27,1.72517
2009-05-26,1.72611
2009-05-25,1.73027
2009-05-24,1.72916
2009-05-23,1.72943
2009-05-22,1.7276
2009-05-21,1.71881
2009-05-20,1.71271
2009-05-19,1.70545
2009-05-18,1.69373
2009-05-17,1.69652
2009-05-16,1.68415
2009-05-15,1.6796
2009-05-14,1.68158
2009-05-13,1.68089
2009-05-12,1.68096
2009-05-11,1.69348
2009-05-10,1.68751
2009-05-09,1.69832
2009-05-08,1.70792
2009-05-07,1.70481
2009-05-06,1.69806
2009-05-05,1.69436
2009-05-04,1.6904
2009-05-03,1.69245
2009-05-02,1.68643
2009-05-01,1.68054
2009-04-30,1.68019
2009-04-29,1.6814
2009-04-28,1.67341
2009-04-27,1.67901
2009-04-26,1.67326
2009-04-25,1.68333
2009-04-24,1.69427
2009-04-23,1.7027
2009-04-22,1.70683
2009-04-21,1.71746
2009-04-20,1.72004
2009-04-19,1.72224
2009-04-18,1.7168
2009-04-17,1.70983
2009-04-16,1.69943
2009-04-15,1.69187
2009-04-14,1.69243
2009-04-13,1.69215
2009-04-12,1.69518
2009-04-11,1.69348
2009-04-10,1.68722
2009-04-09,1.68145
2009-04-08,1.67786
2009-04-07,1.67919
2009-04-06,1.67331
2009-04-05,1.67683
2009-04-04,1.67058
2009-04-03,1.65619
2009-04-02,1.63752
2009-04-01,1.63244
2009-03-31,1.63488
2009-03-30,1.63728
2009-03-29,1.63584
2009-03-28,1.63269
2009-03-27,1.64136
2009-03-26,1.651
2009-03-25,1.64532
2009-03-24,1.63299
2009-03-23,1.63035
2009-03-22,1.62917
2009-03-21,1.62797
2009-03-20,1.63566
2009-03-19,1.65246
2009-03-18,1.66608
2009-03-17,1.66553
2009-03-16,1.64182
2009-03-15,1.65925
2009-03-14,1.641
2009-03-13,1.60637
2009-03-12,1.59703
2009-03-11,1.60554
2009-03-10,1.62577
2009-03-09,1.64284
2009-03-08,1.63689
2009-03-07,1.64931
2009-03-06,1.65862
2009-03-05,1.65571
2009-03-04,1.65559
2009-03-03,1.66732
2009-03-02,1.67151
2009-03-01,1.67158
2009-02-28,1.66563
2009-02-27,1.66976
2009-02-26,1.68078
2009-02-25,1.68486
2009-02-24,1.67481
2009-02-23,1.67319
2009-02-22,1.6728
2009-02-21,1.68015
2009-02-20,1.67605
2009-02-19,1.6674
2009-02-18,1.66397
2009-02-17,1.66138
2009-02-16,1.66312
2009-02-15,1.66774
2009-02-14,1.66665
2009-02-13,1.6642
2009-02-12,1.68984
2009-02-11,1.72131
2009-02-10,1.72056
2009-02-09,1.70579
2009-02-08,1.71752
2009-02-07,1.706
2009-02-06,1.67769
2009-02-05,1.65775
2009-02-04,1.65547
2009-02-03,1.67183
2009-02-02,1.6679
2009-02-01,1.67518
2009-01-31,1.64888
2009-01-30,1.63433
2009-01-29,1.61731
2009-01-28,1.59795
2009-01-27,1.59087
2009-01-26,1.59662
2009-01-25,1.59305
2009-01-24,1.59612
2009-01-23,1.59686
2009-01-22,1.59639
2009-01-21,1.62575
2009-01-20,1.64912
2009-01-19,1.64379
2009-01-18,1.65134
2009-01-17,1.64805
2009-01-16,1.63177
2009-01-15,1.63222
2009-01-14,1.65334
2009-01-13,1.67932
2009-01-12,1.67868
2009-01-11,1.68199
2009-01-10,1.66877
2009-01-09,1.66168
2009-01-08,1.65167
2009-01-07,1.62032
2009-01-06,1.58134
2009-01-05,1.56783
2009-01-04,1.56672
2009-01-03,1.56103
2009-01-02,1.55408
2009-01-01,1.53458
2008-12-31,1.53463
2008-12-30,1.55247
2008-12-29,1.57325
2008-12-28,1.57182
2008-12-27,1.585
2008-12-26,1.59019
2008-12-25,1.60258
2008-12-24,1.62171
2008-12-23,1.63973
2008-12-22,1.64726
2008-12-21,1.6452
2008-12-20,1.64211
2008-12-19,1.67362
2008-12-18,1.73858
2008-12-17,1.76341
2008-12-16,1.7622
2008-12-15,1.76712
2008-12-14,1.76211
2008-12-13,1.76866
2008-12-12,1.77804
2008-12-11,1.78349
2008-12-10,1.79393
2008-12-09,1.79584
2008-12-08,1.78714
2008-12-07,1.78371
2008-12-06,1.77155
2008-12-05,1.78329
2008-12-04,1.79433
2008-12-03,1.81146
2008-12-02,1.84552
2008-12-01,1.8579
2008-11-30,1.86098
2008-11-29,1.85121
2008-11-28,1.8417
2008-11-27,1.82632
2008-11-26,1.81703
2008-11-25,1.82068
2008-11-24,1.81941
2008-11-23,1.82095
2008-11-22,1.81362
2008-11-21,1.80921
2008-11-20,1.80488
2008-11-19,1.79011
2008-11-18,1.77017
2008-11-17,1.76484
2008-11-16,1.76188
2008-11-15,1.76484
2008-11-14,1.78689
2008-11-13,1.82222
2008-11-12,1.84307
2008-11-11,1.84902
2008-11-10,1.84667
2008-11-09,1.84452
2008-11-08,1.84745
2008-11-07,1.85379
2008-11-06,1.8573
2008-11-05,1.85942
2008-11-04,1.86502
2008-11-03,1.86353
2008-11-02,1.86421
2008-11-01,1.86584
2008-10-31,1.85852
2008-10-30,1.83395
2008-10-29,1.81132
2008-10-28,1.82908
2008-10-27,1.86837
2008-10-26,1.8402
2008-10-25,1.8536
2008-10-24,1.89458
2008-10-23,1.92945
2008-10-22,1.96893
2008-10-21,1.97025
2008-10-20,1.96279
2008-10-19,1.96531
2008-10-18,1.96276
2008-10-17,1.96756
2008-10-16,1.98223
2008-10-15,1.96967
2008-10-14,1.94574
2008-10-13,1.94338
2008-10-12,1.93013
2008-10-11,1.9264
2008-10-10,1.96081
2008-10-09,1.98786
2008-10-08,1.99929
2008-10-07,1.99996
2008-10-06,1.99951
2008-10-05,2.00148
2008-10-04,2.00118
2008-10-03,1.99613
2008-10-02,1.98913
2008-10-01,1.98637
2008-09-30,2.00055
2008-09-29,2.01164
2008-09-28,2.00793
2008-09-27,2.00499
2008-09-26,2.01288
2008-09-25,2.00973
2008-09-24,2.00715
2008-09-23,2.01888
2008-09-22,2.01597
2008-09-21,2.0238
2008-09-20,2.01486
2008-09-19,2.00174
2008-09-18,2.00011
2008-09-17,1.99952
2008-09-16,2.01555
2008-09-15,2.01392
2008-09-14,2.02055
2008-09-13,2.00289
2008-09-12,1.99176
2008-09-11,1.98969
2008-09-10,1.98969
2008-09-09,1.9866
2008-09-08,1.97289
2008-09-07,1.97048
2008-09-06,1.96211
2008-09-05,1.96724
2008-09-04,1.97354
2008-09-03,1.98082
2008-09-02,1.99335
2008-09-01,2.00637
2008-08-31,2.00589
2008-08-30,2.00702
2008-08-29,2.01263
2008-08-28,2.02309
2008-08-27,2.02913
2008-08-26,2.03253
2008-08-25,2.03801
2008-08-24,2.03535
2008-08-23,2.03908
2008-08-22,2.04161
2008-08-21,2.04165
2008-08-20,2.04414
2008-08-19,2.04562
2008-08-18,2.04122
2008-08-17,2.04459
2008-08-16,2.04022
2008-08-15,2.03975
2008-08-14,2.05795
2008-08-13,2.07251
2008-08-12,2.07577
2008-08-11,2.07243
2008-08-10,2.07507
2008-08-09,2.06606
2008-08-08,2.06126
2008-08-07,2.05978
2008-08-06,2.06082
2008-08-05,2.06783
2008-08-04,2.07399
2008-08-03,2.07387
2008-08-02,2.07492
2008-08-01,2.07405
2008-07-31,2.06888
2008-07-30,2.06234
2008-07-29,2.06177
2008-07-28,2.06504
2008-07-27,2.06284
2008-07-26,2.06337
2008-07-25,2.06501
2008-07-24,2.05391
2008-07-23,2.03997
2008-07-22,2.04083
2008-07-21,2.04127
2008-07-20,2.04232
2008-07-19,2.03792
2008-07-18,2.03189
2008-07-17,2.02388
2008-07-16,2.02466
2008-07-15,2.02428
2008-07-14,2.0268
2008-07-13,2.02416
2008-07-12,2.03266
2008-07-11,2.03679
2008-07-10,2.0333
2008-07-09,2.02972
2008-07-08,2.03246
2008-07-07,2.02885
2008-07-06,2.03287
2008-07-05,2.02962
2008-07-04,2.02539
2008-07-03,2.03035
2008-07-02,2.03155
2008-07-01,2.03076
2008-06-30,2.03618
2008-06-29,2.03202
2008-06-28,2.03603
2008-06-27,2.04598
2008-06-26,2.05075
2008-06-25,2.0496
2008-06-24,2.0477
2008-06-23,2.0453
2008-06-22,2.04716
2008-06-21,2.04635
2008-06-20,2.0409
2008-06-19,2.039
2008-06-18,2.04391
2008-06-17,2.04266
2008-06-16,2.03521
2008-06-15,2.03884
2008-06-14,2.03627
2008-06-13,2.03183
2008-06-12,2.03313
2008-06-11,2.02474
2008-06-10,2.01146
2008-06-09,2.01835
2008-06-08,2.01875
2008-06-07,2.02905
2008-06-06,2.03828
2008-06-05,2.03901
2008-06-04,2.04259
2008-06-03,2.05594
2008-06-02,2.06438
2008-06-01,2.06707
2008-05-31,2.0662
2008-05-30,2.05617
2008-05-29,2.04029
2008-05-28,2.03062
2008-05-27,2.02931
2008-05-26,2.02899
2008-05-25,2.02989
2008-05-24,2.03263
2008-05-23,2.03167
2008-05-22,2.03849
2008-05-21,2.04826
2008-05-20,2.05037
2008-05-19,2.05161
2008-05-18,2.05244
2008-05-17,2.05251
2008-05-16,2.05094
2008-05-15,2.04789
2008-05-14,2.04301
2008-05-13,2.03969
2008-05-12,2.04405
2008-05-11,2.03687
2008-05-10,2.04968
2008-05-09,2.06482
2008-05-08,2.07032
2008-05-07,2.07479
2008-05-06,2.08139
2008-05-05,2.07687
2008-05-04,2.08229
2008-05-03,2.07309
2008-05-02,2.05738
2008-05-01,2.04846
2008-04-30,2.05318
2008-04-29,2.05446
2008-04-28,2.04188
2008-04-27,2.05231
2008-04-26,2.03893
2008-04-25,2.01627
2008-04-24,2.00323
2008-04-23,2.00746
2008-04-22,2.02433
2008-04-21,2.01515
2008-04-20,2.02845
2008-04-19,2.00317
2008-04-18,1.97837
2008-04-17,1.97299
2008-04-16,1.9734
2008-04-15,1.97532
2008-04-14,1.97273
2008-04-13,1.97461
2008-04-12,1.97827
2008-04-11,1.98098
2008-04-10,1.99528
2008-04-09,2.00695
2008-04-08,2.01208
2008-04-07,2.00778
2008-04-06,2.00747
2008-04-05,2.01138
2008-04-04,2.00934
2008-04-03,1.99683
2008-04-02,1.98157
2008-04-01,1.981
2008-03-31,1.98834
2008-03-30,1.98689
2008-03-29,1.9918
2008-03-28,1.99926
2008-03-27,2.0121
2008-03-26,2.01788
2008-03-25,2.00948
2008-03-24,1.99712
2008-03-23,2.00044
2008-03-22,1.9976
2008-03-21,1.99417
2008-03-20,1.99127
2008-03-19,1.97972
2008-03-18,1.99241
2008-03-17,2.03039
2008-03-16,2.02739
2008-03-15,2.04994
2008-03-14,2.0603
2008-03-13,2.06298
2008-03-12,2.05601
2008-03-11,2.0616
2008-03-10,2.06386
2008-03-09,2.06221
2008-03-08,2.05989
2008-03-07,2.06215
2008-03-06,2.06161
2008-03-05,2.062
2008-03-04,2.06407
2008-03-03,2.08206
2008-03-02,2.0747
2008-03-01,2.09147
2008-02-29,2.11261
2008-02-28,2.13362
2008-02-27,2.14108
2008-02-26,2.13737
2008-02-25,2.13679
2008-02-24,2.13611
2008-02-23,2.1397
2008-02-22,2.13836
2008-02-21,2.1367
2008-02-20,2.14291
2008-02-19,2.14541
2008-02-18,2.15514
2008-02-17,2.14769
2008-02-16,2.16048
2008-02-15,2.17022
2008-02-14,2.15983
2008-02-13,2.14844
2008-02-12,2.14449
2008-02-11,2.14675
2008-02-10,2.14715
2008-02-09,2.14766
2008-02-08,2.14981
2008-02-07,2.1556
2008-02-06,2.15331
2008-02-05,2.14507
2008-02-04,2.14526
2008-02-03,2.14306
2008-02-02,2.14845
2008-02-01,2.16058
2008-01-31,2.17138
2008-01-30,2.16718
2008-01-29,2.16953
2008-01-28,2.15966
2008-01-27,2.16966
2008-01-26,2.15141
2008-01-25,2.13692
2008-01-24,2.14492
2008-01-23,2.15348
2008-01-22,2.15119
2008-01-21,2.15413
2008-01-20,2.15452
2008-01-19,2.16457
2008-01-18,2.15517
2008-01-17,2.14037
2008-01-16,2.1428
2008-01-15,2.15061
2008-01-14,2.1645
2008-01-13,2.15686
2008-01-12,2.16607
2008-01-11,2.18238
2008-01-10,2.19442
2008-01-09,2.19964
2008-01-08,2.19128
2008-01-07,2.19576
2008-01-06,2.18929
2008-01-05,2.1985
2008-01-04,2.2193
2008-01-03,2.24156
2008-01-02,2.25015
2008-01-01,2.24951
2007-12-31,2.26091
2007-12-30,2.25444
2007-12-29,2.27192
2007-12-28,2.28457
2007-12-27,2.2881
2007-12-26,2.28967
2007-12-25,2.29058
2007-12-24,2.29556
2007-12-23,2.29285
2007-12-22,2.29823
2007-12-21,2.30811
2007-12-20,2.31877
2007-12-19,2.32427
2007-12-18,2.32646
2007-12-17,2.3239
2007-12-16,2.32719
2007-12-15,2.32621
2007-12-14,2.31742
2007-12-13,2.31133
2007-12-12,2.30683
2007-12-11,2.29678
2007-12-10,2.29211
2007-12-09,2.2932
2007-12-08,2.29092
2007-12-07,2.28982
2007-12-06,2.301
2007-12-05,2.32116
2007-12-04,2.32608
2007-12-03,2.32013
2007-12-02,2.31963
2007-12-01,2.31113
2007-11-30,2.30401
2007-11-29,2.28818
2007-11-28,2.27749
2007-11-27,2.27661
2007-11-26,2.27392
2007-11-25,2.27158
2007-11-24,2.2706
2007-11-23,2.2765
2007-11-22,2.28291
2007-11-21,2.28972
2007-11-20,2.29419
2007-11-19,2.29927
2007-11-18,2.29498
2007-11-17,2.29656
2007-11-16,2.31259
2007-11-15,2.32651
2007-11-14,2.33031
2007-11-13,2.3398
2007-11-12,2.35815
2007-11-11,2.35401
2007-11-10,2.37075
2007-11-09,2.38115
2007-11-08,2.38763
2007-11-07,2.39819
2007-11-06,2.40576
2007-11-05,2.40985
2007-11-04,2.40725
2007-11-03,2.40793
2007-11-02,2.40828
2007-11-01,2.40157
2007-10-31,2.39899
2007-10-30,2.39197
2007-10-29,2.39175
2007-10-28,2.38931
2007-10-27,2.39238
2007-10-26,2.39932
2007-10-25,2.4017
2007-10-24,2.39373
2007-10-23,2.38859
2007-10-22,2.39503
2007-10-21,2.39334
2007-10-20,2.39617
2007-10-19,2.40056
2007-10-18,2.40495
2007-10-17,2.4084
2007-10-16,2.41025
2007-10-15,2.41057
2007-10-14,2.40908
2007-10-13,2.40534
2007-10-12,2.40988
2007-10-11,2.4127
2007-10-10,2.41034
2007-10-09,2.4075
2007-10-08,2.40249
2007-10-07,2.40311
2007-10-06,2.39763
2007-10-05,2.39675
2007-10-04,2.39541
2007-10-03,2.38954
2007-10-02,2.38389
2007-10-01,2.37626
2007-09-30,2.37977
2007-09-29,2.37179
2007-09-28,2.36243
2007-09-27,2.35767
2007-09-26,2.36431
2007-09-25,2.37043
2007-09-24,2.36581
2007-09-23,2.36609
2007-09-22,2.36116
2007-09-21,2.36516
2007-09-20,2.37117
2007-09-19,2.37177
2007-09-18,2.38163
2007-09-17,2.39432
2007-09-16,2.38991
2007-09-15,2.39713
2007-09-14,2.40651
2007-09-13,2.40956
2007-09-12,2.40795
2007-09-11,2.40898
2007-09-10,2.41974
2007-09-09,2.41574
2007-09-08,2.4268
2007-09-07,2.43398
2007-09-06,2.43739
2007-09-05,2.43855
2007-09-04,2.43733
2007-09-03,2.43162
2007-09-02,2.43421
2007-09-01,2.42529
2007-08-31,2.41725
2007-08-30,2.41119
2007-08-29,2.4161
2007-08-28,2.42113
2007-08-27,2.41633
2007-08-26,2.41729
2007-08-25,2.41439
2007-08-24,2.40693
2007-08-23,2.39418
2007-08-22,2.39113
2007-08-21,2.39327
2007-08-20,2.40175
2007-08-19,2.39512
2007-08-18,2.40481
2007-08-17,2.41752
2007-08-16,2.41971
2007-08-15,2.42187
2007-08-14,2.42403
2007-08-13,2.42737
2007-08-12,2.42308
2007-08-11,2.4232
2007-08-10,2.42829
2007-08-09,2.42146
2007-08-08,2.41646
2007-08-07,2.42101
2007-08-06,2.43608
2007-08-05,2.43697
2007-08-04,2.44742
2007-08-03,2.44339
2007-08-02,2.43932
2007-08-01,2.44254
2007-07-31,2.44179
2007-07-30,2.46032
2007-07-29,2.45161
2007-07-28,2.46919
2007-07-27,2.48375
2007-07-26,2.48456
2007-07-25,2.48013
2007-07-24,2.47248
2007-07-23,2.46724
2007-07-22,2.46898
2007-07-21,2.46667
2007-07-20,2.46271
2007-07-19,2.45842
2007-07-18,2.45113
2007-07-17,2.44702
2007-07-16,2.44624
2007-07-15,2.44542
2007-07-14,2.44444
2007-07-13,2.44417
2007-07-12,2.44397
2007-07-11,2.44932
2007-07-10,2.45033
2007-07-09,2.44961
2007-07-08,2.44967
2007-07-07,2.45128
2007-07-06,2.45128
2007-07-05,2.45067
2007-07-04,2.44722
2007-07-03,2.44929
2007-07-02,2.45555
2007-07-01,2.45673
2007-06-30,2.46083
2007-06-29,2.45685
2007-06-28,2.45412
2007-06-27,2.45555
2007-06-26,2.457
2007-06-25,2.46275
2007-06-24,2.46186
2007-06-23,2.46893
2007-06-22,2.46855
2007-06-21,2.46498
2007-06-20,2.46199
2007-06-19,2.45641
2007-06-18,2.45304
2007-06-17,2.45343
2007-06-16,2.45376
2007-06-15,2.45331
2007-06-14,2.45062
2007-06-13,2.44185
2007-06-12,2.43427
2007-06-11,2.43047
2007-06-10,2.43014
2007-06-09,2.42525
2007-06-08,2.42625
2007-06-07,2.42933
2007-06-06,2.43459
2007-06-05,2.43734
2007-06-04,2.43252
2007-06-03,2.43528
2007-06-02,2.42749
2007-06-01,2.42303
2007-05-31,2.42714
2007-05-30,2.43325
2007-05-29,2.43594
2007-05-28,2.43763
2007-05-27,2.43689
2007-05-26,2.43794
2007-05-25,2.4364
2007-05-24,2.42995
2007-05-23,2.42591
2007-05-22,2.42385
2007-05-21,2.42203
2007-05-20,2.42304
2007-05-19,2.42111
2007-05-18,2.41743
2007-05-17,2.41289
2007-05-16,2.41278
2007-05-15,2.41514
2007-05-14,2.41883
2007-05-13,2.41513
2007-05-12,2.41847
2007-05-11,2.42471
2007-05-10,2.42351
2007-05-09,2.41775
2007-05-08,2.41388
2007-05-07,2.41391
2007-05-06,2.41412
2007-05-05,2.41449
2007-05-04,2.41763
2007-05-03,2.42167
2007-05-02,2.41496
2007-05-01,2.40822
2007-04-30,2.40931
2007-04-29,2.40823
2007-04-28,2.4087
2007-04-27,2.40985
2007-04-26,2.41066
2007-04-25,2.41597
2007-04-24,2.41974
2007-04-23,2.41697
2007-04-22,2.41863
2007-04-21,2.41479
2007-04-20,2.41544
2007-04-19,2.4207
2007-04-18,2.41722
2007-04-17,2.41307
2007-04-16,2.41159
2007-04-15,2.41064
2007-04-14,2.40794
2007-04-13,2.40907
2007-04-12,2.40651
2007-04-11,2.40305
2007-04-10,2.40222
2007-04-09,2.40286
2007-04-08,2.40035
2007-04-07,2.40038
2007-04-06,2.40712
2007-04-05,2.40938
2007-04-04,2.40279
2007-04-03,2.39461
2007-04-02,2.39077
2007-04-01,2.39106
2007-03-31,2.38911
2007-03-30,2.3858
2007-03-29,2.38472
2007-03-28,2.39098
2007-03-27,2.39176
2007-03-26,2.38764
2007-03-25,2.38942
2007-03-24,2.38527
2007-03-23,2.38117
2007-03-22,2.37411
2007-03-21,2.36042
2007-03-20,2.34812
2007-03-19,2.34896
2007-03-18,2.34622
2007-03-17,2.35156
2007-03-16,2.3525
2007-03-15,2.35233
2007-03-14,2.3689
2007-03-13,2.38197
2007-03-12,2.37476
2007-03-11,2.38104
2007-03-10,2.36712
2007-03-09,2.35913
2007-03-08,2.35816
2007-03-07,2.35183
2007-03-06,2.35649
2007-03-05,2.37871
2007-03-04,2.36731
2007-03-03,2.38812
2007-03-02,2.39211
2007-03-01,2.39821
2007-02-28,2.41132
2007-02-27,2.41838
2007-02-26,2.42075
2007-02-25,2.42166
2007-02-24,2.42294
2007-02-23,2.42005
2007-02-22,2.41527
2007-02-21,2.40938
2007-02-20,2.40717
2007-02-19,2.41472
2007-02-18,2.40836
2007-02-17,2.41591
2007-02-16,2.42736
2007-02-15,2.43116
2007-02-14,2.43546
2007-02-13,2.4351
2007-02-12,2.43772
2007-02-11,2.43428
2007-02-10,2.44166
2007-02-09,2.44634
2007-02-08,2.44538
2007-02-07,2.44893
2007-02-06,2.45185
2007-02-05,2.45034
2007-02-04,2.45156
2007-02-03,2.44691
2007-02-02,2.44775
2007-02-01,2.45467
2007-01-31,2.45785
2007-01-30,2.45646
2007-01-29,2.45533
2007-01-28,2.45612
2007-01-27,2.45493
2007-01-26,2.45612
2007-01-25,2.46336
2007-01-24,2.46773
2007-01-23,2.46565
2007-01-22,2.46306
2007-01-21,2.46394
2007-01-20,2.46207
2007-01-19,2.45738
2007-01-18,2.45143
2007-01-17,2.4488
2007-01-16,2.44567
2007-01-15,2.43262
2007-01-14,2.44001
2007-01-13,2.42761
2007-01-12,2.4125
2007-01-11,2.40637
2007-01-10,2.39776
2007-01-09,2.38743
2007-01-08,2.3883
2007-01-07,2.38676
2007-01-06,2.39026
2007-01-05,2.39326
2007-01-04,2.39262
2007-01-03,2.38938
2007-01-02,2.39144
2007-01-01,2.39144
2006-12-31,2.39049
2006-12-30,2.39571
2006-12-29,2.39523
2006-12-28,2.39074
2006-12-27,2.38953
2006-12-26,2.38972
2006-12-25,2.38981
2006-12-24,2.38825
2006-12-23,2.38791
2006-12-22,2.39101
2006-12-21,2.38913
2006-12-20,2.38465
2006-12-19,2.38418
2006-12-18,2.38131
2006-12-17,2.38399
2006-12-16,2.38035
2006-12-15,2.37242
2006-12-14,2.36399
2006-12-13,2.35656
2006-12-12,2.35449
2006-12-11,2.3535
2006-12-10,2.35247
2006-12-09,2.34817
2006-12-08,2.35047
2006-12-07,2.35461
2006-12-06,2.36095
2006-12-05,2.36369
2006-12-04,2.36085
2006-12-03,2.36174
2006-12-02,2.35785
2006-12-01,2.35469
2006-11-30,2.34851
2006-11-29,2.34146
2006-11-28,2.33798
2006-11-27,2.34045
2006-11-26,2.33863
2006-11-25,2.34312
2006-11-24,2.3492
2006-11-23,2.35677
2006-11-22,2.35853
2006-11-21,2.35657
2006-11-20,2.3563
2006-11-19,2.35746
2006-11-18,2.35699
2006-11-17,2.35595
2006-11-16,2.35969
2006-11-15,2.36485
2006-11-14,2.36911
2006-11-13,2.37461
2006-11-12,2.37085
2006-11-11,2.37176
2006-11-10,2.37916
2006-11-09,2.38102
2006-11-08,2.3827
2006-11-07,2.38366
2006-11-06,2.38082
2006-11-05,2.38174
2006-11-04,2.37792
2006-11-03,2.37533
2006-11-02,2.37402
2006-11-01,2.37337
2006-10-31,2.37123
2006-10-30,2.37075
2006-10-29,2.37004
2006-10-28,2.37083
2006-10-27,2.37281
2006-10-26,2.37376
2006-10-25,2.3724
2006-10-24,2.37106
2006-10-23,2.36988
2006-10-22,2.36861
2006-10-21,2.36625
2006-10-20,2.37002
2006-10-19,2.37103
2006-10-18,2.36638
2006-10-17,2.36386
2006-10-16,2.36123
2006-10-15,2.36207
2006-10-14,2.36062
2006-10-13,2.35848
2006-10-12,2.35654
2006-10-11,2.35524
2006-10-10,2.35609
2006-10-09,2.35646
2006-10-08,2.35642
2006-10-07,2.35467
2006-10-06,2.35417
2006-10-05,2.35133
2006-10-04,2.34543
2006-10-03,2.34124
2006-10-02,2.34224
2006-10-01,2.34096
2006-09-30,2.34169
2006-09-29,2.34745
2006-09-28,2.35408
2006-09-27,2.35326
2006-09-26,2.3497
2006-09-25,2.35464
2006-09-24,2.35163
2006-09-23,2.35945
2006-09-22,2.36185
2006-09-21,2.357
2006-09-20,2.35617
2006-09-19,2.35888
2006-09-18,2.35753
2006-09-17,2.3622
2006-09-16,2.35859
2006-09-15,2.34922
2006-09-14,2.33979
2006-09-13,2.32652
2006-09-12,2.3249
2006-09-11,2.32752
2006-09-10,2.3279
2006-09-09,2.32879
2006-09-08,2.33
2006-09-07,2.33634
2006-09-06,2.34171
2006-09-05,2.34309
2006-09-04,2.34242
2006-09-03,2.34419
2006-09-02,2.34277
2006-09-01,2.33833
2006-08-31,2.33691
2006-08-30,2.33911
2006-08-29,2.3384
2006-08-28,2.3384
2006-08-27,2.33855
2006-08-26,2.33716
2006-08-25,2.33568
2006-08-24,2.32985
2006-08-23,2.32155
2006-08-22,2.31876
2006-08-21,2.32292
2006-08-20,2.32092
2006-08-19,2.32412
2006-08-18,2.33115
2006-08-17,2.34054
2006-08-16,2.34514
2006-08-15,2.34682
2006-08-14,2.34394
2006-08-13,2.34667
2006-08-12,2.33924
2006-08-11,2.33518
2006-08-10,2.33641
2006-08-09,2.33507
2006-08-08,2.33275
2006-08-07,2.32736
2006-08-06,2.33169
2006-08-05,2.32329
2006-08-04,2.31197
2006-08-03,2.30281
2006-08-02,2.29971
2006-08-01,2.29718
2006-07-31,2.29821
2006-07-30,2.29828
2006-07-29,2.30093
2006-07-28,2.30253
2006-07-27,2.30489
2006-07-26,2.30428
2006-07-25,2.30192
2006-07-24,2.29882
2006-07-23,2.29846
2006-07-22,2.29926
2006-07-21,2.29712
2006-07-20,2.28698
2006-07-19,2.27457
2006-07-18,2.26936
2006-07-17,2.2674
2006-07-16,2.26864
2006-07-15,2.26646
2006-07-14,2.26436
2006-07-13,2.26449
2006-07-12,2.26441
2006-07-11,2.26376
2006-07-10,2.26231
2006-07-09,2.26218
2006-07-08,2.25968
2006-07-07,2.26035
2006-07-06,2.2602
2006-07-05,2.25921
2006-07-04,2.25984
2006-07-03,2.26183
2006-07-02,2.26074
2006-07-01,2.26212
2006-06-30,2.26451
2006-06-29,2.26585
2006-06-28,2.26709
2006-06-27,2.26915
2006-06-26,2.27207
2006-06-25,2.27117
2006-06-24,2.27332
2006-06-23,2.27647
2006-06-22,2.28099
2006-06-21,2.28322
2006-06-20,2.28072
2006-06-19,2.27672
2006-06-18,2.27867
2006-06-17,2.27609
2006-06-16,2.27247
2006-06-15,2.27186
2006-06-14,2.27212
2006-06-13,2.26955
2006-06-12,2.26644
2006-06-11,2.26766
2006-06-10,2.26927
2006-06-09,2.26655
2006-06-08,2.26433
2006-06-07,2.26454
2006-06-06,2.27037
2006-06-05,2.27587
2006-06-04,2.27467
2006-06-03,2.2773
2006-06-02,2.27905
2006-06-01,2.27796
2006-05-31,2.27727
2006-05-30,2.27825
2006-05-29,2.27788
2006-05-28,2.27854
2006-05-27,2.278
2006-05-26,2.27579
2006-05-25,2.27347
2006-05-24,2.27519
2006-05-23,2.28203
2006-05-22,2.28496
2006-05-21,2.28624
2006-05-20,2.28594
2006-05-19,2.28496
2006-05-18,2.28091
2006-05-17,2.27629
2006-05-16,2.27141
2006-05-15,2.27216
2006-05-14,2.27566
2006-05-13,2.27848
2006-05-12,2.27672
2006-05-11,2.27692
2006-05-10,2.28042
2006-05-09,2.27911
2006-05-08,2.27911
2006-05-07,2.27835
2006-05-06,2.27639
2006-05-05,2.27649
2006-05-04,2.27271
2006-05-03,2.2662
2006-05-02,2.26194
2006-05-01,2.26405
2006-04-30,2.26325
2006-04-29,2.26697
2006-04-28,2.2682
2006-04-27,2.26734
2006-04-26,2.2689
2006-04-25,2.27187
2006-04-24,2.27269
2006-04-23,2.2739
2006-04-22,2.27375
2006-04-21,2.26985
2006-04-20,2.26544
2006-04-19,2.26645
2006-04-18,2.27086
2006-04-17,2.27392
2006-04-16,2.27392
2006-04-15,2.27339
2006-04-14,2.27339
2006-04-13,2.2711
2006-04-12,2.26944
2006-04-11,2.26807
2006-04-10,2.26248
2006-04-09,2.26592
2006-04-08,2.2605
2006-04-07,2.25621
2006-04-06,2.26189
2006-04-05,2.26683
2006-04-04,2.26584
2006-04-03,2.26693
2006-04-02,2.26562
2006-04-01,2.26728
2006-03-31,2.27252
2006-03-30,2.27935
2006-03-29,2.28329
2006-03-28,2.2846
2006-03-27,2.28248
2006-03-26,2.28256
2006-03-25,2.28256
2006-03-24,2.27839
2006-03-23,2.27296
2006-03-22,2.26804
2006-03-21,2.26608
2006-03-20,2.26558
2006-03-19,2.26554
2006-03-18,2.26564
2006-03-17,2.26825
2006-03-16,2.27315
2006-03-15,2.27365
2006-03-14,2.27343
2006-03-13,2.27506
2006-03-12,2.277
2006-03-11,2.27905
2006-03-10,2.27636
2006-03-09,2.27656
2006-03-08,2.27518
2006-03-07,2.27544
2006-03-06,2.28189
2006-03-05,2.27728
2006-03-04,2.28348
2006-03-03,2.29399
2006-03-02,2.29861
2006-03-01,2.29932
2006-02-28,2.29837
2006-02-27,2.29479
2006-02-26,2.29728
2006-02-25,2.29183
2006-02-24,2.28664
2006-02-23,2.28343
2006-02-22,2.2817
2006-02-21,2.28036
2006-02-20,2.27962
2006-02-19,2.28084
2006-02-18,2.28007
2006-02-17,2.27668
2006-02-16,2.27358
2006-02-15,2.27565
2006-02-14,2.27861
2006-02-13,2.27336
2006-02-12,2.27574
2006-02-11,2.26672
2006-02-10,2.26333
2006-02-09,2.26639
2006-02-08,2.27324
2006-02-07,2.27916
2006-02-06,2.28467
2006-02-05,2.28447
2006-02-04,2.28739
2006-02-03,2.28446
2006-02-02,2.27725
2006-02-01,2.27349
2006-01-31,2.27102
2006-01-30,2.26634
2006-01-29,2.26825
2006-01-28,2.26196
2006-01-27,2.25677
2006-01-26,2.2516
2006-01-25,2.25043
2006-01-24,2.25511
2006-01-23,2.25917
2006-01-22,2.25997
2006-01-21,2.25936
2006-01-20,2.25828
2006-01-19,2.25948
2006-01-18,2.26105
2006-01-17,2.26416
2006-01-16,2.26398
2006-01-15,2.26788
2006-01-14,2.26212
2006-01-13,2.25483
2006-01-12,2.25488
2006-01-11,2.25479
2006-01-10,2.25085
2006-01-09,2.24724
2006-01-08,2.24651
2006-01-07,2.24325
2006-01-06,2.25053
2006-01-05,2.26116
2006-01-04,2.26336
2006-01-03,2.26373
2006-01-02,2.26643
2006-01-01,2.26475
2005-12-31,2.26666
2005-12-30,2.27303
2005-12-29,2.27636
2005-12-28,2.27539
2005-12-27,2.27428
2005-12-26,2.28215
2005-12-25,2.28177
2005-12-24,2.28976
2005-12-23,2.29068
2005-12-22,2.28387
2005-12-21,2.28369
2005-12-20,2.28694
2005-12-19,2.28401
2005-12-18,2.27736
2005-12-17,2.27564
2005-12-16,2.28304
2005-12-15,2.28795
2005-12-14,2.28598
2005-12-13,2.28186
2005-12-12,2.28186
2005-12-11,2.28058
2005-12-10,2.27734
2005-12-09,2.27493
2005-12-08,2.27768
2005-12-07,2.2822
2005-12-06,2.28177
2005-12-05,2.27541
2005-12-04,2.27964
2005-12-03,2.27117
2005-12-02,2.26174
2005-12-01,2.25879
2005-11-30,2.26026
2005-11-29,2.26103
2005-11-28,2.2629
2005-11-27,2.26432
2005-11-26,2.26313
2005-11-25,2.26446
2005-11-24,2.25986
2005-11-23,2.26099
2005-11-22,2.26375
2005-11-21,2.26035
2005-11-20,2.25564
2005-11-19,2.26073
2005-11-18,2.26833
2005-11-17,2.27892
2005-11-16,2.28631
2005-11-15,2.28763
2005-11-14,2.2874
2005-11-13,2.28454
2005-11-12,2.2864
2005-11-11,2.28719
2005-11-10,2.28392
2005-11-09,2.28205
2005-11-08,2.28193
2005-11-07,2.28826
2005-11-06,2.28852
2005-11-05,2.28852
2005-11-04,2.28201
2005-11-03,2.272
2005-11-02,2.27269
2005-11-01,2.27154
2005-10-31,2.27224
2005-10-30,2.27153
2005-10-29,2.27147
2005-10-28,2.27318
2005-10-27,2.27675
2005-10-26,2.27725
2005-10-25,2.27952
2005-10-24,2.28521
2005-10-23,2.28502
2005-10-22,2.28478
2005-10-21,2.28523
2005-10-20,2.28127
2005-10-19,2.27055
2005-10-18,2.26809
2005-10-17,2.26777
2005-10-16,2.2705
2005-10-15,2.26769
2005-10-14,2.25847
2005-10-13,2.25332
2005-10-12,2.25262
2005-10-11,2.25338
2005-10-10,2.25576
2005-10-09,2.25422
2005-10-08,2.25422
2005-10-07,2.26749
2005-10-06,2.28426
2005-10-05,2.28834
2005-10-04,2.28363
2005-10-03,2.28015
2005-10-02,2.28119
2005-10-01,2.28119
2005-09-30,2.28103
2005-09-29,2.28719
2005-09-28,2.29102
2005-09-27,2.29298
2005-09-26,2.29196
2005-09-25,2.29535
2005-09-24,2.29455
2005-09-23,2.29413
2005-09-22,2.30181
2005-09-21,2.30455
2005-09-20,2.30087
2005-09-19,2.29216
2005-09-18,2.29563
2005-09-17,2.29193
2005-09-16,2.28972
2005-09-15,2.29625
2005-09-14,2.29503
2005-09-13,2.2882
2005-09-12,2.28598
2005-09-11,2.28533
2005-09-10,2.28533
2005-09-09,2.28309
2005-09-08,2.28125
2005-09-07,2.27726
2005-09-06,2.2687
2005-09-05,2.26426
2005-09-04,2.2664
2005-09-03,2.26511
2005-09-02,2.26285
2005-09-01,2.263
2005-08-31,2.27044
2005-08-30,2.27162
2005-08-29,2.26442
2005-08-28,2.26593
2005-08-27,2.26617
2005-08-26,2.27016
2005-08-25,2.2817
2005-08-24,2.28844
2005-08-23,2.28692
2005-08-22,2.28488
2005-08-21,2.28964
2005-08-20,2.28639
2005-08-19,2.28094
2005-08-18,2.27665
2005-08-17,2.27134
2005-08-16,2.26954
2005-08-15,2.26097
2005-08-14,2.26097
2005-08-13,2.26097
2005-08-12,2.25596
2005-08-11,2.25362
2005-08-10,2.25051
2005-08-09,2.24863
2005-08-08,2.24351
2005-08-07,2.24552
2005-08-06,2.24438
2005-08-05,2.24105
2005-08-04,2.24909
2005-08-03,2.26064
2005-08-02,2.26278
2005-08-01,2.26249
2005-07-31,2.26529
2005-07-30,2.26157
2005-07-29,2.25784
2005-07-28,2.26005
2005-07-27,2.26005
2005-07-26,2.25871
2005-07-25,2.25336
2005-07-24,2.25389
2005-07-23,2.25315
2005-07-22,2.24685
2005-07-21,2.24605
2005-07-20,2.26029
2005-07-19,2.26465
2005-07-18,2.26849
2005-07-17,2.26887
2005-07-16,2.26774
2005-07-15,2.26898
2005-07-14,2.26949
2005-07-13,2.26062
2005-07-12,2.26111
2005-07-11,2.26118
2005-07-10,2.25996
2005-07-09,2.25996
2005-07-08,2.2736
2005-07-07,2.28874
2005-07-06,2.29146
2005-07-05,2.29212
2005-07-04,2.2935
2005-07-03,2.29395
2005-07-02,2.29464
2005-07-01,2.30365
2005-06-30,2.31904
2005-06-29,2.32375
2005-06-28,2.32154
2005-06-27,2.32342
2005-06-26,2.32492
2005-06-25,2.32278
2005-06-24,2.32023
2005-06-23,2.31648
2005-06-22,2.31652
2005-06-21,2.31361
2005-06-20,2.31081
2005-06-19,2.30176
2005-06-18,2.30764
2005-06-17,2.31819
2005-06-16,2.31254
2005-06-15,2.30261
2005-06-14,2.2977
2005-06-13,2.29484
2005-06-12,2.29898
2005-06-11,2.29317
2005-06-10,2.28655
2005-06-09,2.28825
2005-06-08,2.2825
2005-06-07,2.27619
2005-06-06,2.27281
2005-06-05,2.27307
2005-06-04,2.27307
2005-06-03,2.27142
2005-06-02,2.2701
2005-06-01,2.26493
2005-05-31,2.25406
2005-05-30,2.2472
2005-05-29,2.24486
2005-05-28,2.24697
2005-05-27,2.24896
2005-05-26,2.24656
2005-05-25,2.24818
2005-05-24,2.25238
2005-05-23,2.24986
2005-05-22,2.25283
2005-05-21,2.2495
2005-05-20,2.2414
2005-05-19,2.24412
2005-05-18,2.2471
2005-05-17,2.2534
2005-05-16,2.26553
2005-05-15,2.26699
2005-05-14,2.26588
2005-05-13,2.26308
2005-05-12,2.25868
2005-05-11,2.2647
2005-05-10,2.2749
2005-05-09,2.2793
2005-05-08,2.28054
2005-05-07,2.27843
2005-05-06,2.27147
2005-05-05,2.26642
2005-05-04,2.26713
2005-05-03,2.27328
2005-05-02,2.27932
2005-05-01,2.28119
2005-04-30,2.2778
2005-04-29,2.27348
2005-04-28,2.26858
2005-04-27,2.26565
2005-04-26,2.26674
2005-04-25,2.26083
2005-04-24,2.26012
2005-04-23,2.2602
2005-04-22,2.25919
2005-04-21,2.26142
2005-04-20,2.26313
2005-04-19,2.26526
2005-04-18,2.27618
2005-04-17,2.27164
2005-04-16,2.27569
2005-04-15,2.27921
2005-04-14,2.2713
2005-04-13,2.26397
2005-04-12,2.25746
2005-04-11,2.25777
2005-04-10,2.25819
2005-04-09,2.25814
2005-04-08,2.26118
2005-04-07,2.26746
2005-04-06,2.26781
2005-04-05,2.26735
2005-04-04,2.26329
2005-04-03,2.26469
2005-04-02,2.26209
2005-04-01,2.25819
2005-03-31,2.25378
2005-03-30,2.25087
2005-03-29,2.24667
2005-03-28,2.24508
2005-03-27,2.24401
2005-03-26,2.2445
2005-03-25,2.24252
2005-03-24,2.23753
2005-03-23,2.23836
2005-03-22,2.23599
2005-03-21,2.23205
2005-03-20,2.23708
2005-03-19,2.23237
2005-03-18,2.22406
2005-03-17,2.223
2005-03-16,2.22393
2005-03-15,2.21807
2005-03-14,2.21601
2005-03-13,2.2142
2005-03-12,2.21503
2005-03-11,2.22171
2005-03-10,2.23342
2005-03-09,2.24387
2005-03-08,2.24884
2005-03-07,2.24956
2005-03-06,2.24783
2005-03-05,2.25031
2005-03-04,2.2501
2005-03-03,2.24279
2005-03-02,2.23589
2005-03-01,2.23149
2005-02-28,2.23115
2005-02-27,2.23071
2005-02-26,2.2318
2005-02-25,2.22887
2005-02-24,2.21898
2005-02-23,2.22501
2005-02-22,2.24282
2005-02-21,2.24313
2005-02-20,2.24146
2005-02-19,2.24171
2005-02-18,2.24126
2005-02-17,2.2458
2005-02-16,2.26068
2005-02-15,2.26319
2005-02-14,2.25997
2005-02-13,2.26065
2005-02-12,2.26065
2005-02-11,2.25952
2005-02-10,2.26295
2005-02-09,2.26764
2005-02-08,2.27155
2005-02-07,2.26819
2005-02-06,2.2725
2005-02-05,2.2679
2005-02-04,2.25743
2005-02-03,2.24581
2005-02-02,2.24107
2005-02-01,2.24006
2005-01-31,2.23968
2005-01-30,2.23914
2005-01-29,2.23819
2005-01-28,2.23389
2005-01-27,2.22691
2005-01-26,2.22487
2005-01-25,2.22587
2005-01-24,2.22661
2005-01-23,2.22612
2005-01-22,2.22612
2005-01-21,2.22417
2005-01-20,2.21746
2005-01-19,2.209
2005-01-18,2.20356
2005-01-17,2.20714
2005-01-16,2.20663
2005-01-15,2.20713
2005-01-14,2.20632
2005-01-13,2.21258
2005-01-12,2.21955
2005-01-11,2.21674
2005-01-10,2.21097
2005-01-09,2.21601
2005-01-08,2.20986
2005-01-07,2.2016
2005-01-06,2.20041
2005-01-05,2.19388
2005-01-04,2.18744
2005-01-03,2.18651
2005-01-02,2.18781
2005-01-01,2.1836
