Date,CURRFX.NZDCHF.1
2015-03-07,0.728116
2015-03-06,0.728428
2015-03-05,0.726163
2015-03-04,0.721711
2015-03-03,0.720444
2015-03-02,0.721362
2015-03-01,0.720036
2015-02-28,0.718198
2015-02-27,0.717297
2015-02-26,0.713559
2015-02-25,0.710747
2015-02-24,0.709397
2015-02-23,0.708867
2015-02-22,0.708867
2015-02-21,0.713316
2015-02-20,0.710215
2015-02-19,0.705202
2015-02-18,0.700405
2015-02-17,0.697038
2015-02-16,0.694081
2015-02-15,0.694081
2015-02-14,0.68964
2015-02-13,0.685924
2015-02-12,0.685948
2015-02-11,0.684787
2015-02-10,0.683093
2015-02-09,0.681964
2015-02-08,0.682497
2015-02-07,0.683201
2015-02-06,0.683009
2015-02-05,0.679085
2015-02-04,0.673436
2015-02-03,0.672128
2015-02-02,0.668661
2015-02-01,0.6693
2015-01-31,0.66934
2015-01-30,0.669753
2015-01-29,0.672704
2015-01-28,0.666787
2015-01-27,0.658134
2015-01-26,0.65522
2015-01-25,0.65522
2015-01-24,0.652771
2015-01-23,0.655156
2015-01-22,0.668022
2015-01-21,0.676895
2015-01-20,0.672777
2015-01-19,0.667237
2015-01-18,0.670229
2015-01-17,0.702936
2015-01-16,0.761478
2015-01-15,0.788144
2015-01-14,0.789891
2015-01-13,0.792962
2015-01-12,0.794991
2015-01-11,0.794991
2015-01-10,0.794665
2015-01-09,0.79001
2015-01-08,0.783118
2015-01-07,0.776544
2015-01-06,0.771706
2015-01-05,0.771804
2015-01-04,0.771804
2015-01-03,0.773409
2015-01-02,0.774697
2015-01-01,0.774074
2014-12-31,0.770843
2014-12-30,0.767404
2014-12-29,0.765521
2014-12-28,0.765521
2014-12-27,0.762927
2014-12-26,0.761741
2014-12-25,0.76168
2014-12-24,0.761126
2014-12-23,0.761576
2014-12-22,0.762564
2014-12-21,0.762421
2014-12-20,0.759581
2014-12-19,0.751878
2014-12-18,0.746761
2014-12-17,0.747767
2014-12-16,0.748831
2014-12-15,0.751056
2014-12-14,0.751056
2014-12-13,0.754275
2014-12-12,0.752232
2014-12-11,0.746989
2014-12-10,0.747752
2014-12-09,0.751685
2014-12-08,0.755656
2014-12-07,0.755656
2014-12-06,0.755656
2014-12-05,0.757335
2014-12-04,0.758517
2014-12-03,0.758365
2014-12-02,0.757437
2014-12-01,0.758054
2014-11-30,0.758054
2014-11-29,0.758054
2014-11-28,0.757463
2014-11-27,0.755385
2014-11-26,0.758998
2014-11-25,0.76419
2014-11-24,0.762558
2014-11-23,0.762558
2014-11-22,0.756663
2014-11-21,0.753146
2014-11-20,0.757794
2014-11-19,0.763012
2014-11-18,0.760884
2014-11-17,0.758609
2014-11-16,0.758609
2014-11-15,0.759715
2014-11-14,0.759829
2014-11-13,0.754969
2014-11-12,0.750987
2014-11-11,0.750056
2014-11-10,0.748397
2014-11-09,0.748397
2014-11-08,0.746884
2014-11-07,0.746057
2014-11-06,0.747203
2014-11-05,0.747322
2014-11-04,0.749139
2014-11-03,0.750485
2014-11-02,0.750485
2014-11-01,0.749594
2014-10-31,0.748498
2014-10-30,0.750443
2014-10-29,0.749304
2014-10-28,0.748024
2014-10-27,0.747524
2014-10-26,0.747524
2014-10-25,0.747666
2014-10-24,0.751595
2014-10-23,0.7556
2014-10-22,0.752932
2014-10-21,0.75074
2014-10-20,0.749551
2014-10-19,0.749551
2014-10-18,0.749551
2014-10-17,0.749497
2014-10-16,0.748927
2014-10-15,0.749479
2014-10-14,0.749151
2014-10-13,0.748531
2014-10-12,0.748531
2014-10-11,0.750566
2014-10-10,0.751411
2014-10-09,0.749595
2014-10-08,0.751281
2014-10-07,0.751138
2014-10-06,0.751517
2014-10-05,0.751517
2014-10-04,0.751424
2014-10-03,0.748739
2014-10-02,0.744384
2014-10-01,0.741619
2014-09-30,0.743462
2014-09-29,0.748953
2014-09-28,0.748953
2014-09-27,0.752028
2014-09-26,0.757404
2014-09-25,0.760157
2014-09-24,0.761937
2014-09-23,0.76449
2014-09-22,0.764003
2014-09-21,0.764003
2014-09-20,0.762485
2014-09-19,0.762609
2014-09-18,0.763471
2014-09-17,0.763003
2014-09-16,0.76163
2014-09-15,0.761992
2014-09-14,0.761992
2014-09-13,0.76495
2014-09-12,0.767868
2014-09-11,0.771002
2014-09-10,0.773222
2014-09-09,0.77476
2014-09-08,0.774794
2014-09-07,0.774794
2014-09-06,0.771385
2014-09-05,0.766347
2014-09-04,0.765242
2014-09-03,0.768217
2014-09-02,0.768997
2014-09-01,0.767908
2014-08-31,0.767635
2014-08-30,0.766783
2014-08-29,0.766528
2014-08-28,0.765271
2014-08-27,0.763937
2014-08-26,0.76631
2014-08-25,0.767679
2014-08-24,0.767679
2014-08-23,0.766187
2014-08-22,0.765647
2014-08-21,0.765647
2014-08-20,0.766842
2014-08-19,0.766967
2014-08-18,0.767074
2014-08-17,0.767074
2014-08-16,0.768682
2014-08-15,0.768116
2014-08-14,0.766189
2014-08-13,0.766374
2014-08-12,0.76668
2014-08-11,0.76616
2014-08-10,0.766521
2014-08-09,0.768141
2014-08-08,0.769113
2014-08-07,0.769811
2014-08-06,0.772106
2014-08-05,0.771338
2014-08-04,0.771121
2014-08-03,0.771121
2014-08-02,0.771609
2014-08-01,0.77176
2014-07-31,0.771583
2014-07-30,0.771975
2014-07-29,0.773419
2014-07-28,0.773863
2014-07-27,0.773863
2014-07-26,0.774181
2014-07-25,0.778558
2014-07-24,0.782394
2014-07-23,0.780898
2014-07-22,0.781025
2014-07-21,0.781025
2014-07-20,0.780068
2014-07-19,0.779702
2014-07-18,0.781188
2014-07-17,0.783153
2014-07-16,0.785587
2014-07-15,0.786019
2014-07-14,0.786424
2014-07-13,0.786424
2014-07-12,0.78655
2014-07-11,0.785906
2014-07-10,0.784973
2014-07-09,0.783196
2014-07-08,0.781746
2014-07-07,0.781538
2014-07-06,0.781636
2014-07-05,0.781237
2014-07-04,0.779741
2014-07-03,0.77823
2014-07-02,0.778016
2014-07-01,0.780208
2014-06-30,0.782618
2014-06-29,0.782618
2014-06-28,0.782764
2014-06-27,0.780568
2014-06-26,0.777536
2014-06-25,0.779317
2014-06-24,0.779791
2014-06-23,0.778555
2014-06-22,0.778555
2014-06-21,0.779213
2014-06-20,0.779683
2014-06-19,0.778922
2014-06-18,0.778989
2014-06-17,0.780217
2014-06-16,0.779777
2014-06-15,0.779777
2014-06-14,0.778779
2014-06-13,0.77526
2014-06-12,0.767483
2014-06-11,0.763281
2014-06-10,0.760738
2014-06-09,0.759519
2014-06-08,0.759519
2014-06-07,0.758325
2014-06-06,0.756517
2014-06-05,0.756438
2014-06-04,0.758971
2014-06-03,0.760046
2014-06-02,0.760783
2014-06-01,0.760783
2014-05-31,0.761337
2014-05-30,0.762506
2014-05-29,0.76499
2014-05-28,0.765606
2014-05-27,0.765295
2014-05-26,0.765753
2014-05-25,0.765753
2014-05-24,0.765402
2014-05-23,0.765402
2014-05-22,0.765384
2014-05-21,0.768187
2014-05-20,0.770164
2014-05-19,0.769956
2014-05-18,0.769956
2014-05-17,0.770366
2014-05-16,0.770955
2014-05-15,0.768947
2014-05-14,0.766418
2014-05-13,0.764397
2014-05-12,0.762855
2014-05-11,0.762855
2014-05-10,0.760689
2014-05-09,0.758971
2014-05-08,0.761278
2014-05-07,0.762708
2014-05-06,0.760708
2014-05-05,0.760513
2014-05-04,0.760513
2014-05-03,0.759237
2014-05-02,0.757447
2014-05-01,0.754868
2014-04-30,0.752722
2014-04-29,0.754546
2014-04-28,0.756058
2014-04-27,0.756058
2014-04-26,0.756856
2014-04-25,0.758645
2014-04-24,0.759316
2014-04-23,0.75902
2014-04-22,0.75771
2014-04-21,0.758118
2014-04-20,0.758118
2014-04-19,0.75787
2014-04-18,0.758031
2014-04-17,0.759257
2014-04-16,0.761741
2014-04-15,0.761387
2014-04-14,0.76057
2014-04-13,0.76057
2014-04-12,0.761608
2014-04-11,0.765732
2014-04-10,0.766503
2014-04-09,0.765922
2014-04-08,0.766368
2014-04-07,0.766304
2014-04-06,0.766304
2014-04-05,0.762098
2014-04-04,0.759137
2014-04-03,0.761652
2014-04-02,0.766558
2014-04-01,0.767576
2014-03-31,0.768768
2014-03-30,0.768768
2014-03-29,0.768197
2014-03-28,0.763745
2014-03-27,0.758251
2014-03-26,0.754617
2014-03-25,0.753989
2014-03-24,0.753849
2014-03-23,0.753849
2014-03-22,0.753948
2014-03-21,0.753163
2014-03-20,0.752045
2014-03-19,0.748982
2014-03-18,0.746412
2014-03-17,0.7455
2014-03-16,0.7455
2014-03-15,0.746653
2014-03-14,0.745275
2014-03-13,0.74334
2014-03-12,0.744179
2014-03-11,0.742888
2014-03-10,0.743953
2014-03-09,0.743953
2014-03-08,0.746343
2014-03-07,0.74742
2014-03-06,0.744038
2014-03-05,0.739383
2014-03-04,0.737177
2014-03-03,0.739757
2014-03-02,0.739757
2014-03-01,0.742685
2014-02-28,0.741425
2014-02-27,0.739574
2014-02-26,0.738506
2014-02-25,0.736023
2014-02-24,0.73514
2014-02-23,0.73609
2014-02-22,0.736906
2014-02-21,0.736657
2014-02-20,0.739293
2014-02-19,0.743447
2014-02-18,0.746133
2014-02-17,0.746539
2014-02-16,0.746386
2014-02-15,0.74618
2014-02-14,0.747674
2014-02-13,0.747555
2014-02-12,0.743875
2014-02-11,0.743528
2014-02-10,0.744075
2014-02-09,0.744075
2014-02-08,0.743328
2014-02-07,0.74335
2014-02-06,0.739726
2014-02-05,0.734526
2014-02-04,0.733431
2014-02-03,0.733467
2014-02-02,0.733467
2014-02-01,0.734427
2014-01-31,0.737579
2014-01-30,0.742249
2014-01-29,0.740021
2014-01-28,0.736391
2014-01-27,0.734836
2014-01-26,0.737375
2014-01-25,0.745258
2014-01-24,0.754111
2014-01-23,0.757816
2014-01-22,0.755683
2014-01-21,0.751463
2014-01-20,0.751679
2014-01-19,0.751679
2014-01-18,0.753431
2014-01-17,0.756138
2014-01-16,0.756573
2014-01-15,0.754315
2014-01-14,0.75114
2014-01-13,0.748792
2014-01-12,0.748792
2014-01-11,0.749002
2014-01-10,0.752276
2014-01-09,0.752425
2014-01-08,0.749788
2014-01-07,0.74891
2014-01-06,0.749062
2014-01-05,0.747143
2014-01-04,0.740403
2014-01-03,0.733704
2014-01-02,0.731708
2014-01-01,0.729475
2013-12-31,0.726707
2013-12-30,0.727012
2013-12-29,0.727012
2013-12-28,0.729559
2013-12-27,0.732596
2013-12-26,0.733431
2013-12-25,0.733467
2013-12-24,0.734609
2013-12-23,0.735017
2013-12-22,0.735017
2013-12-21,0.734668
2013-12-20,0.732772
2013-12-19,0.732279
2013-12-18,0.733549
2013-12-17,0.7345
2013-12-16,0.734479
2013-12-15,0.734479
2013-12-14,0.733487
2013-12-13,0.733848
2013-12-12,0.734988
2013-12-11,0.73809
2013-12-10,0.738764
2013-12-09,0.737863
2013-12-08,0.737863
2013-12-07,0.737283
2013-12-06,0.739706
2013-12-05,0.742505
2013-12-04,0.743803
2013-12-03,0.739979
2013-12-02,0.735773
2013-12-01,0.735701
2013-11-30,0.736644
2013-11-29,0.739634
2013-11-28,0.743427
2013-11-27,0.746913
2013-11-26,0.745172
2013-11-25,0.744313
2013-11-24,0.744313
2013-11-23,0.749341
2013-11-22,0.756246
2013-11-21,0.75972
2013-11-20,0.761668
2013-11-19,0.763583
2013-11-18,0.762269
2013-11-17,0.762269
2013-11-16,0.759687
2013-11-15,0.75686
2013-11-14,0.755635
2013-11-13,0.75799
2013-11-12,0.760394
2013-11-11,0.761196
2013-11-10,0.761196
2013-11-09,0.763409
2013-11-08,0.764344
2013-11-07,0.761307
2013-11-06,0.755655
2013-11-05,0.754708
2013-11-04,0.752924
2013-11-03,0.752924
2013-11-02,0.749069
2013-11-01,0.744527
2013-10-31,0.741968
2013-10-30,0.741714
2013-10-29,0.740842
2013-10-28,0.740137
2013-10-27,0.740137
2013-10-26,0.743788
2013-10-25,0.749456
2013-10-24,0.756567
2013-10-23,0.763807
2013-10-22,0.765764
2013-10-21,0.766259
2013-10-20,0.766259
2013-10-19,0.766335
2013-10-18,0.766707
2013-10-17,0.766707
2013-10-16,0.762558
2013-10-15,0.759286
2013-10-14,0.758253
2013-10-13,0.758253
2013-10-12,0.755615
2013-10-11,0.753594
2013-10-10,0.752473
2013-10-09,0.750835
2013-10-08,0.752219
2013-10-07,0.752378
2013-10-06,0.752378
2013-10-05,0.748612
2013-10-04,0.747356
2013-10-03,0.747709
2013-10-02,0.749961
2013-10-01,0.749961
2013-09-30,0.750526
2013-09-29,0.750526
2013-09-28,0.752049
2013-09-27,0.752247
2013-09-26,0.75375
2013-09-25,0.759314
2013-09-24,0.762342
2013-09-23,0.762251
2013-09-22,0.762251
2013-09-21,0.763595
2013-09-20,0.763548
2013-09-19,0.761201
2013-09-18,0.759456
2013-09-17,0.757557
2013-09-16,0.756474
2013-09-15,0.756474
2013-09-14,0.757251
2013-09-13,0.755353
2013-09-12,0.7521
2013-09-11,0.750309
2013-09-10,0.749385
2013-09-09,0.749599
2013-09-08,0.749599
2013-09-07,0.746098
2013-09-06,0.739505
2013-09-05,0.734233
2013-09-04,0.729581
2013-09-03,0.724172
2013-09-02,0.720014
2013-09-01,0.720014
2013-08-31,0.722317
2013-08-30,0.719901
2013-08-29,0.716375
2013-08-28,0.720079
2013-08-27,0.721399
2013-08-26,0.720142
2013-08-25,0.720142
2013-08-24,0.72261
2013-08-23,0.725478
2013-08-22,0.730933
2013-08-21,0.742042
2013-08-20,0.750773
2013-08-19,0.750294
2013-08-18,0.750294
2013-08-17,0.75017
2013-08-16,0.75052
2013-08-15,0.745594
2013-08-14,0.741883
2013-08-13,0.741852
2013-08-12,0.740132
2013-08-11,0.740132
2013-08-10,0.737077
2013-08-09,0.734155
2013-08-08,0.731307
2013-08-07,0.726964
2013-08-06,0.725166
2013-08-05,0.73083
2013-08-04,0.73083
2013-08-03,0.736613
2013-08-02,0.739224
2013-08-01,0.742143
2013-07-31,0.74607
2013-07-30,0.749829
2013-07-29,0.750564
2013-07-28,0.750564
2013-07-27,0.75039
2013-07-26,0.748438
2013-07-25,0.746487
2013-07-24,0.746935
2013-07-23,0.745478
2013-07-22,0.746574
2013-07-21,0.746574
2013-07-20,0.746094
2013-07-19,0.743218
2013-07-18,0.741614
2013-07-17,0.741146
2013-07-16,0.738699
2013-07-15,0.738808
2013-07-14,0.738808
2013-07-13,0.743954
2013-07-12,0.752626
2013-07-11,0.759548
2013-07-10,0.75416
2013-07-09,0.746201
2013-07-08,0.744441
2013-07-07,0.744441
2013-07-06,0.745049
2013-07-05,0.739979
2013-07-04,0.736832
2013-07-03,0.736876
2013-07-02,0.733651
2013-07-01,0.732547
2013-06-30,0.732547
2013-06-29,0.73556
2013-06-28,0.734365
2013-06-27,0.728162
2013-06-26,0.724186
2013-06-25,0.724106
2013-06-24,0.723312
2013-06-23,0.723312
2013-06-22,0.723205
2013-06-21,0.729908
2013-06-20,0.736078
2013-06-19,0.739207
2013-06-18,0.743056
2013-06-17,0.742891
2013-06-16,0.742891
2013-06-15,0.741286
2013-06-14,0.734339
2013-06-13,0.732545
2013-06-12,0.733036
2013-06-11,0.737677
2013-06-10,0.738721
2013-06-09,0.738721
2013-06-08,0.742298
2013-06-07,0.751052
2013-06-06,0.758412
2013-06-05,0.76268
2013-06-04,0.761675
2013-06-03,0.761606
2013-06-02,0.761606
2013-06-01,0.769935
2013-05-31,0.779103
2013-05-30,0.784874
2013-05-29,0.782026
2013-05-28,0.778338
2013-05-27,0.779598
2013-05-26,0.779598
2013-05-25,0.783092
2013-05-24,0.787727
2013-05-23,0.791126
2013-05-22,0.789903
2013-05-21,0.786649
2013-05-20,0.78466
2013-05-19,0.78466
2013-05-18,0.787476
2013-05-17,0.792729
2013-05-16,0.792682
2013-05-15,0.790858
2013-05-14,0.793416
2013-05-13,0.794835
2013-05-12,0.794835
2013-05-11,0.793774
2013-05-10,0.790433
2013-05-09,0.791378
2013-05-08,0.797437
2013-05-07,0.798638
2013-05-06,0.797511
2013-05-05,0.797511
2013-05-04,0.793703
2013-05-03,0.790939
2013-05-02,0.795969
2013-05-01,0.800931
2013-04-30,0.800883
2013-04-29,0.800836
2013-04-28,0.800836
2013-04-27,0.803814
2013-04-26,0.803192
2013-04-25,0.795212
2013-04-24,0.787906
2013-04-23,0.786461
2013-04-22,0.786324
2013-04-21,0.786324
2013-04-20,0.786275
2013-04-19,0.785373
2013-04-18,0.784468
2013-04-17,0.787311
2013-04-16,0.792032
2013-04-15,0.798061
2013-04-14,0.798061
2013-04-13,0.801322
2013-04-12,0.800302
2013-04-11,0.795212
2013-04-10,0.791501
2013-04-09,0.788221
2013-04-08,0.788305
2013-04-07,0.788305
2013-04-06,0.790969
2013-04-05,0.79597
2013-04-04,0.797695
2013-04-03,0.795493
2013-04-02,0.794414
2013-04-01,0.794652
2013-03-31,0.794652
2013-03-30,0.795281
2013-03-29,0.796522
2013-03-28,0.795104
2013-03-27,0.790753
2013-03-26,0.786857
2013-03-25,0.786412
2013-03-24,0.786412
2013-03-23,0.785748
2013-03-22,0.781955
2013-03-21,0.779211
2013-03-20,0.779688
2013-03-19,0.777649
2013-03-18,0.776639
2013-03-17,0.776639
2013-03-16,0.777775
2013-03-15,0.780593
2013-03-14,0.782162
2013-03-13,0.781904
2013-03-12,0.781817
2013-03-11,0.782162
2013-03-10,0.781668
2013-03-09,0.781948
2013-03-08,0.783973
2013-03-07,0.782642
2013-03-06,0.778037
2013-03-05,0.776172
2013-03-04,0.777739
2013-03-03,0.776937
2013-03-02,0.774299
2013-03-01,0.770632
2013-02-28,0.770193
2013-02-27,0.775364
2013-02-26,0.778859
2013-02-25,0.778994
2013-02-24,0.778994
2013-02-23,0.777787
2013-02-22,0.775598
2013-02-21,0.776972
2013-02-20,0.780253
2013-02-19,0.77967
2013-02-18,0.779065
2013-02-17,0.780538
2013-02-16,0.781977
2013-02-15,0.776966
2013-02-14,0.770762
2013-02-13,0.768041
2013-02-12,0.766381
2013-02-11,0.766783
2013-02-10,0.766783
2013-02-09,0.764919
2013-02-08,0.764046
2013-02-07,0.767071
2013-02-06,0.767604
2013-02-05,0.768482
2013-02-04,0.767664
2013-02-03,0.766561
2013-02-02,0.763803
2013-02-01,0.763962
2013-01-31,0.769176
2013-01-30,0.772848
2013-01-29,0.773698
2013-01-28,0.775638
2013-01-27,0.775984
2013-01-26,0.778485
2013-01-25,0.782178
2013-01-24,0.782104
2013-01-23,0.781198
2013-01-22,0.781069
2013-01-21,0.782364
2013-01-20,0.781946
2013-01-19,0.782031
2013-01-18,0.782714
2013-01-17,0.780552
2013-01-16,0.77476
2013-01-15,0.767293
2013-01-14,0.765921
2013-01-13,0.765921
2013-01-12,0.771893
2013-01-11,0.776043
2013-01-10,0.773742
2013-01-09,0.770974
2013-01-08,0.770021
2013-01-07,0.76904
2013-01-06,0.767945
2013-01-05,0.766416
2013-01-04,0.764761
2013-01-03,0.759372
2013-01-02,0.754752
2013-01-01,0.751491
2012-12-31,0.749035
2012-12-30,0.749514
2012-12-29,0.749413
2012-12-28,0.749118
2012-12-27,0.751433
2012-12-26,0.75285
2012-12-25,0.753206
2012-12-24,0.754719
2012-12-23,0.754719
2012-12-22,0.758682
2012-12-21,0.76262
2012-12-20,0.767547
2012-12-19,0.77362
2012-12-18,0.775831
2012-12-17,0.777108
2012-12-16,0.777108
2012-12-15,0.779038
2012-12-14,0.781486
2012-12-13,0.781512
2012-12-12,0.780041
2012-12-11,0.778781
2012-12-10,0.77778
2012-12-09,0.77778
2012-12-08,0.774857
2012-12-07,0.768785
2012-12-06,0.763965
2012-12-05,0.761527
2012-12-04,0.760299
2012-12-03,0.761387
2012-12-02,0.761387
2012-12-01,0.762646
2012-11-30,0.764553
2012-11-29,0.764553
2012-11-28,0.763994
2012-11-27,0.764462
2012-11-26,0.764203
2012-11-25,0.764203
2012-11-24,0.763823
2012-11-23,0.764657
2012-11-22,0.767372
2012-11-21,0.769237
2012-11-20,0.768921
2012-11-19,0.766935
2012-11-18,0.766935
2012-11-17,0.765028
2012-11-16,0.767284
2012-11-15,0.772577
2012-11-14,0.775281
2012-11-13,0.773438
2012-11-12,0.77226
2012-11-11,0.77226
2012-11-10,0.772383
2012-11-09,0.775645
2012-11-08,0.780139
2012-11-07,0.779055
2012-11-06,0.77677
2012-11-05,0.77508
2012-11-04,0.77508
2012-11-03,0.77154
2012-11-02,0.766863
2012-11-01,0.765803
2012-10-31,0.767407
2012-10-30,0.768535
2012-10-29,0.769139
2012-10-28,0.768452
2012-10-27,0.766939
2012-10-26,0.76384
2012-10-25,0.75876
2012-10-24,0.75754
2012-10-23,0.757407
2012-10-22,0.757451
2012-10-21,0.757451
2012-10-20,0.758062
2012-10-19,0.757214
2012-10-18,0.756614
2012-10-17,0.759411
2012-10-16,0.762337
2012-10-15,0.762364
2012-10-14,0.763082
2012-10-13,0.765227
2012-10-12,0.767222
2012-10-11,0.768224
2012-10-10,0.766114
2012-10-09,0.762189
2012-10-08,0.760336
2012-10-07,0.762357
2012-10-06,0.766329
2012-10-05,0.76871
2012-10-04,0.772967
2012-10-03,0.777784
2012-10-02,0.779469
2012-10-01,0.780144
2012-09-30,0.780144
2012-09-29,0.778702
2012-09-28,0.774926
2012-09-27,0.771162
2012-09-26,0.770705
2012-09-25,0.771363
2012-09-24,0.773795
2012-09-23,0.773795
2012-09-22,0.772244
2012-09-21,0.768949
2012-09-20,0.767754
2012-09-19,0.76728
2012-09-18,0.767951
2012-09-17,0.770763
2012-09-16,0.770763
2012-09-15,0.77379
2012-09-14,0.770516
2012-09-13,0.768011
2012-09-12,0.766783
2012-09-11,0.766707
2012-09-10,0.766939
2012-09-09,0.7668
2012-09-08,0.764828
2012-09-07,0.761277
2012-09-06,0.759782
2012-09-05,0.760693
2012-09-04,0.764405
2012-09-03,0.767179
2012-09-02,0.766994
2012-09-01,0.766804
2012-08-31,0.76795
2012-08-30,0.770831
2012-08-29,0.775196
2012-08-28,0.778016
2012-08-27,0.778092
2012-08-26,0.778092
2012-08-25,0.778717
2012-08-24,0.780344
2012-08-23,0.781939
2012-08-22,0.786196
2012-08-21,0.786987
2012-08-20,0.786337
2012-08-19,0.78659
2012-08-18,0.787573
2012-08-17,0.787834
2012-08-16,0.786486
2012-08-15,0.78819
2012-08-14,0.792064
2012-08-13,0.794336
2012-08-12,0.793711
2012-08-11,0.792178
2012-08-10,0.791181
2012-08-09,0.791733
2012-08-08,0.793694
2012-08-07,0.794307
2012-08-06,0.796093
2012-08-05,0.796093
2012-08-04,0.797515
2012-08-03,0.79447
2012-08-02,0.792318
2012-08-01,0.791741
2012-07-31,0.790428
2012-07-30,0.788927
2012-07-29,0.787506
2012-07-28,0.78436
2012-07-27,0.781484
2012-07-26,0.780588
2012-07-25,0.783989
2012-07-24,0.787026
2012-07-23,0.790161
2012-07-22,0.788975
2012-07-21,0.786208
2012-07-20,0.782802
2012-07-19,0.780296
2012-07-18,0.780936
2012-07-17,0.781273
2012-07-16,0.780863
2012-07-15,0.780179
2012-07-14,0.77871
2012-07-13,0.778689
2012-07-12,0.77916
2012-07-11,0.778607
2012-07-10,0.778607
2012-07-09,0.779963
2012-07-08,0.779465
2012-07-07,0.776756
2012-07-06,0.771714
2012-07-05,0.767836
2012-07-04,0.765791
2012-07-03,0.762518
2012-07-02,0.760328
2012-07-01,0.760328
2012-06-30,0.761322
2012-06-29,0.761601
2012-06-28,0.759831
2012-06-27,0.757904
2012-06-26,0.75542
2012-06-25,0.755263
2012-06-24,0.754975
2012-06-23,0.755107
2012-06-22,0.754944
2012-06-21,0.75422
2012-06-20,0.75433
2012-06-19,0.750617
2012-06-18,0.748738
2012-06-17,0.748033
2012-06-16,0.745329
2012-06-15,0.743895
2012-06-14,0.744628
2012-06-13,0.741974
2012-06-12,0.73976
2012-06-11,0.739507
2012-06-10,0.737871
2012-06-09,0.735956
2012-06-08,0.735223
2012-06-07,0.731369
2012-06-06,0.728258
2012-06-05,0.728681
2012-06-04,0.729506
2012-06-03,0.729506
2012-06-02,0.73073
2012-06-01,0.73157
2012-05-31,0.731399
2012-05-30,0.729514
2012-05-29,0.7264
2012-05-28,0.723427
2012-05-27,0.723448
2012-05-26,0.721995
2012-05-25,0.716652
2012-05-24,0.71487
2012-05-23,0.716116
2012-05-22,0.712685
2012-05-21,0.711061
2012-05-20,0.713157
2012-05-19,0.719123
2012-05-18,0.723098
2012-05-17,0.724553
2012-05-16,0.726902
2012-05-15,0.727889
2012-05-14,0.728415
2012-05-13,0.728152
2012-05-12,0.728921
2012-05-11,0.72862
2012-05-10,0.728142
2012-05-09,0.730797
2012-05-08,0.732031
2012-05-07,0.730763
2012-05-06,0.730594
2012-05-05,0.731978
2012-05-04,0.736946
2012-05-03,0.740296
2012-05-02,0.741738
2012-05-01,0.744957
2012-04-30,0.745361
2012-04-29,0.74401
2012-04-28,0.741522
2012-04-27,0.740478
2012-04-26,0.740472
2012-04-25,0.742077
2012-04-24,0.743524
2012-04-23,0.744265
2012-04-22,0.74392
2012-04-21,0.745064
2012-04-20,0.748898
2012-04-19,0.750725
2012-04-18,0.752127
2012-04-17,0.756058
2012-04-16,0.756829
2012-04-15,0.756852
2012-04-14,0.755343
2012-04-13,0.751043
2012-04-12,0.749865
2012-04-11,0.751396
2012-04-10,0.75212
2012-04-09,0.75144
2012-04-08,0.751425
2012-04-07,0.750345
2012-04-06,0.747559
2012-04-05,0.744744
2012-04-04,0.743012
2012-04-03,0.740757
2012-04-02,0.738751
2012-04-01,0.73921
2012-03-31,0.740046
2012-03-30,0.739794
2012-03-29,0.74152
2012-03-28,0.743123
2012-03-27,0.742877
2012-03-26,0.742234
2012-03-25,0.742234
2012-03-24,0.740362
2012-03-23,0.741309
2012-03-22,0.745972
2012-03-21,0.751114
2012-03-20,0.755335
2012-03-19,0.755497
2012-03-18,0.755497
2012-03-17,0.755789
2012-03-16,0.755091
2012-03-15,0.755213
2012-03-14,0.753171
2012-03-13,0.752714
2012-03-12,0.754736
2012-03-11,0.753775
2012-03-10,0.751194
2012-03-09,0.749679
2012-03-08,0.748224
2012-03-07,0.749092
2012-03-06,0.755469
2012-03-05,0.758062
2012-03-04,0.75855
2012-03-03,0.758259
2012-03-02,0.755861
2012-03-01,0.754025
2012-02-29,0.751763
2012-02-28,0.749825
2012-02-27,0.749164
2012-02-26,0.750529
2012-02-25,0.753406
2012-02-24,0.756013
2012-02-23,0.760296
2012-02-22,0.764727
2012-02-21,0.767378
2012-02-20,0.76644
2012-02-19,0.766561
2012-02-18,0.767764
2012-02-17,0.768452
2012-02-16,0.767487
2012-02-15,0.762618
2012-02-14,0.760125
2012-02-13,0.757665
2012-02-12,0.757985
2012-02-11,0.759654
2012-02-10,0.76218
2012-02-09,0.764337
2012-02-08,0.766416
2012-02-07,0.76724
2012-02-06,0.767564
2012-02-05,0.766315
2012-02-04,0.764085
2012-02-03,0.762405
2012-02-02,0.758757
2012-02-01,0.753866
2012-01-31,0.751918
2012-01-30,0.752737
2012-01-29,0.753985
2012-01-28,0.755057
2012-01-27,0.753153
2012-01-26,0.751682
2012-01-25,0.752484
2012-01-24,0.754174
2012-01-23,0.753761
2012-01-22,0.752351
2012-01-21,0.75071
2012-01-20,0.755075
2012-01-19,0.759396
2012-01-18,0.758333
2012-01-17,0.75714
2012-01-16,0.756662
2012-01-15,0.754497
2012-01-14,0.752606
2012-01-13,0.756091
2012-01-12,0.754855
2012-01-11,0.750104
2012-01-10,0.746545
2012-01-09,0.745765
2012-01-08,0.745399
2012-01-07,0.743874
2012-01-06,0.740729
2012-01-05,0.737194
2012-01-04,0.733808
2012-01-03,0.730607
2012-01-02,0.72942
2012-01-01,0.728628
2011-12-31,0.726594
2011-12-30,0.724622
2011-12-29,0.723538
2011-12-28,0.723571
2011-12-27,0.724692
2011-12-26,0.725238
2011-12-25,0.725076
2011-12-24,0.723624
2011-12-23,0.72037
2011-12-22,0.715876
2011-12-21,0.71209
2011-12-20,0.712443
2011-12-19,0.713223
2011-12-18,0.713137
2011-12-17,0.71242
2011-12-16,0.71253
2011-12-15,0.715383
2011-12-14,0.715728
2011-12-13,0.715266
2011-12-12,0.714867
2011-12-11,0.714867
2011-12-10,0.715736
2011-12-09,0.720655
2011-12-08,0.720573
2011-12-07,0.718902
2011-12-06,0.717428
2011-12-05,0.716186
2011-12-04,0.715708
2011-12-03,0.713526
2011-12-02,0.708449
2011-12-01,0.70265
2011-11-30,0.697823
2011-11-29,0.693429
2011-11-28,0.688648
2011-11-27,0.687062
2011-11-26,0.683924
2011-11-25,0.682027
2011-11-24,0.682935
2011-11-23,0.686682
2011-11-22,0.691494
2011-11-21,0.693464
2011-11-20,0.694585
2011-11-19,0.698658
2011-11-18,0.703154
2011-11-17,0.705024
2011-11-16,0.706618
2011-11-15,0.707821
2011-11-14,0.70683
2011-11-13,0.706087
2011-11-12,0.705755
2011-11-11,0.708959
2011-11-10,0.713631
2011-11-09,0.714831
2011-11-08,0.708958
2011-11-07,0.70238
2011-11-06,0.701527
2011-11-05,0.698941
2011-11-04,0.698324
2011-11-03,0.704227
2011-11-02,0.70813
2011-11-01,0.708108
2011-10-31,0.708172
2011-10-30,0.708172
2011-10-29,0.707063
2011-10-28,0.704111
2011-10-27,0.702038
2011-10-26,0.707865
2011-10-25,0.710602
2011-10-24,0.708862
2011-10-23,0.708319
2011-10-22,0.709885
2011-10-21,0.714775
2011-10-20,0.714655
2011-10-19,0.71381
2011-10-18,0.717103
2011-10-17,0.71804
2011-10-16,0.717017
2011-10-15,0.714203
2011-10-14,0.711932
2011-10-13,0.710018
2011-10-12,0.709411
2011-10-11,0.712298
2011-10-10,0.714275
2011-10-09,0.713327
2011-10-08,0.710485
2011-10-07,0.705998
2011-10-06,0.698638
2011-10-05,0.693714
2011-10-04,0.69275
2011-10-03,0.691625
2011-10-02,0.691114
2011-10-01,0.692763
2011-09-30,0.699514
2011-09-29,0.705784
2011-09-28,0.705365
2011-09-27,0.701732
2011-09-26,0.702229
2011-09-25,0.70365
2011-09-24,0.709609
2011-09-23,0.721011
2011-09-22,0.729396
2011-09-21,0.727397
2011-09-20,0.726256
2011-09-19,0.724554
2011-09-18,0.724554
2011-09-17,0.720209
2011-09-16,0.718735
2011-09-15,0.723406
2011-09-14,0.725823
2011-09-13,0.725823
2011-09-12,0.726621
2011-09-11,0.727157
2011-09-10,0.725292
2011-09-09,0.717177
2011-09-08,0.700008
2011-09-07,0.674309
2011-09-06,0.663125
2011-09-05,0.668473
2011-09-04,0.669222
2011-09-03,0.674662
2011-09-02,0.68611
2011-09-01,0.694219
2011-08-31,0.69237
2011-08-30,0.683202
2011-08-29,0.677264
2011-08-28,0.672543
2011-08-27,0.662608
2011-08-26,0.658644
2011-08-25,0.656456
2011-08-24,0.651759
2011-08-23,0.64549
2011-08-22,0.641981
2011-08-21,0.644819
2011-08-20,0.652771
2011-08-19,0.659667
2011-08-18,0.65875
2011-08-17,0.655107
2011-08-16,0.653645
2011-08-15,0.647487
2011-08-14,0.642851
2011-08-13,0.623888
2011-08-12,0.605125
2011-08-11,0.604034
2011-08-10,0.616147
2011-08-09,0.636425
2011-08-08,0.645668
2011-08-07,0.644849
2011-08-06,0.647512
2011-08-05,0.660332
2011-08-04,0.669415
2011-08-03,0.684014
2011-08-02,0.692602
2011-08-01,0.691437
2011-07-31,0.691741
2011-07-30,0.695198
2011-07-29,0.699176
2011-07-28,0.698866
2011-07-27,0.698508
2011-07-26,0.702748
2011-07-25,0.707923
2011-07-24,0.707586
2011-07-23,0.705741
2011-07-22,0.703862
2011-07-21,0.700446
2011-07-20,0.693073
2011-07-19,0.688143
2011-07-18,0.688554
2011-07-17,0.688259
2011-07-16,0.687473
2011-07-15,0.686435
2011-07-14,0.684471
2011-07-13,0.689144
2011-07-12,0.698464
2011-07-11,0.701542
2011-07-10,0.701542
2011-07-09,0.70055
2011-07-08,0.696594
2011-07-07,0.697233
2011-07-06,0.701929
2011-07-05,0.70241
2011-07-04,0.70058
2011-07-03,0.699693
2011-07-02,0.696231
2011-07-01,0.687938
2011-06-30,0.677719
2011-06-29,0.673488
2011-06-28,0.673488
2011-06-27,0.676077
2011-06-26,0.677993
2011-06-25,0.681981
2011-06-24,0.684015
2011-06-23,0.684512
2011-06-22,0.684455
2011-06-21,0.686636
2011-06-20,0.687821
2011-06-19,0.687821
2011-06-18,0.684321
2011-06-17,0.685735
2011-06-16,0.688851
2011-06-15,0.686122
2011-06-14,0.687805
2011-06-13,0.693212
2011-06-12,0.693212
2011-06-11,0.693077
2011-06-10,0.688121
2011-06-09,0.683854
2011-06-08,0.683481
2011-06-07,0.68121
2011-06-06,0.68026
2011-06-05,0.681747
2011-06-04,0.685253
2011-06-03,0.690415
2011-06-02,0.698374
2011-06-01,0.698981
2011-05-31,0.696162
2011-05-30,0.695839
2011-05-29,0.697217
2011-05-28,0.700386
2011-05-27,0.700263
2011-05-26,0.699548
2011-05-25,0.700073
2011-05-24,0.697464
2011-05-23,0.698838
2011-05-22,0.698784
2011-05-21,0.697944
2011-05-20,0.695532
2011-05-19,0.692448
2011-05-18,0.692598
2011-05-17,0.698345
2011-05-16,0.702938
2011-05-15,0.702753
2011-05-14,0.701802
2011-05-13,0.700432
2011-05-12,0.697856
2011-05-11,0.694399
2011-05-10,0.694123
2011-05-09,0.694936
2011-05-08,0.692593
2011-05-07,0.685943
2011-05-06,0.681547
2011-05-05,0.686965
2011-05-04,0.69602
2011-05-03,0.700111
2011-05-02,0.70051
2011-05-01,0.70051
2011-04-30,0.700266
2011-04-29,0.702693
2011-04-28,0.70569
2011-04-27,0.706466
2011-04-26,0.708536
2011-04-25,0.710637
2011-04-24,0.710502
2011-04-23,0.709537
2011-04-22,0.709288
2011-04-21,0.709036
2011-04-20,0.707331
2011-04-19,0.710538
2011-04-18,0.712531
2011-04-17,0.712531
2011-04-16,0.709348
2011-04-15,0.706988
2011-04-14,0.706393
2011-04-13,0.70751
2011-04-12,0.71032
2011-04-11,0.70989
2011-04-10,0.710669
2011-04-09,0.712725
2011-04-08,0.71332
2011-04-07,0.711929
2011-04-06,0.70988
2011-04-05,0.709464
2011-04-04,0.709464
2011-04-03,0.70732
2011-04-02,0.702167
2011-04-01,0.699147
2011-03-31,0.696581
2011-03-30,0.691035
2011-03-29,0.691865
2011-03-28,0.693064
2011-03-27,0.690448
2011-03-26,0.683246
2011-03-25,0.674849
2011-03-24,0.668823
2011-03-23,0.66658
2011-03-22,0.661601
2011-03-21,0.658535
2011-03-20,0.657908
2011-03-19,0.654235
2011-03-18,0.657137
2011-03-17,0.671887
2011-03-16,0.679068
2011-03-15,0.687166
2011-03-14,0.690375
2011-03-13,0.689105
2011-03-12,0.686263
2011-03-11,0.686882
2011-03-10,0.689093
2011-03-09,0.686034
2011-03-08,0.682388
2011-03-07,0.682704
2011-03-06,0.68458
2011-03-05,0.687266
2011-03-04,0.688616
2011-03-03,0.691788
2011-03-02,0.698308
2011-03-01,0.696909
2011-02-28,0.696909
2011-02-27,0.696909
2011-02-26,0.694669
2011-02-25,0.695696
2011-02-24,0.703289
2011-02-23,0.714435
2011-02-22,0.721219
2011-02-21,0.719376
2011-02-20,0.720795
2011-02-19,0.72286
2011-02-18,0.724257
2011-02-17,0.72875
2011-02-16,0.733293
2011-02-15,0.737536
2011-02-14,0.740063
2011-02-13,0.739191
2011-02-12,0.73844
2011-02-11,0.741001
2011-02-10,0.742132
2011-02-09,0.73864
2011-02-08,0.736052
2011-02-07,0.735526
2011-02-06,0.734595
2011-02-05,0.731549
2011-02-04,0.729562
2011-02-03,0.730838
2011-02-02,0.728744
2011-02-01,0.727354
2011-01-31,0.728671
2011-01-30,0.729414
2011-01-29,0.729886
2011-01-28,0.727266
2011-01-27,0.72518
2011-01-26,0.72518
2011-01-25,0.726688
2011-01-24,0.726164
2011-01-23,0.727083
2011-01-22,0.729606
2011-01-21,0.735034
2011-01-20,0.742428
2011-01-19,0.742733
2011-01-18,0.741379
2011-01-17,0.738224
2011-01-16,0.739334
2011-01-15,0.741372
2011-01-14,0.7402
2011-01-13,0.738305
2011-01-12,0.736546
2011-01-11,0.735337
2011-01-10,0.735473
2011-01-09,0.7342
2011-01-08,0.731999
2011-01-07,0.731087
2011-01-06,0.727302
2011-01-05,0.724794
2011-01-04,0.726728
2011-01-03,0.728608
2011-01-02,0.727226
2011-01-01,0.724162
2010-12-31,0.723161
2010-12-30,0.721325
2010-12-29,0.718569
2010-12-28,0.719464
2010-12-27,0.720009
2010-12-26,0.719529
2010-12-25,0.715765
2010-12-24,0.710898
2010-12-23,0.7119
2010-12-22,0.715528
2010-12-21,0.714612
2010-12-20,0.71336
2010-12-19,0.712878
2010-12-18,0.713115
2010-12-17,0.71632
2010-12-16,0.7217
2010-12-15,0.729322
2010-12-14,0.73388
2010-12-13,0.732839
2010-12-12,0.734217
2010-12-11,0.736395
2010-12-10,0.739106
2010-12-09,0.744716
2010-12-08,0.747414
2010-12-07,0.74632
2010-12-06,0.745562
2010-12-05,0.746882
2010-12-04,0.749876
2010-12-03,0.750193
2010-12-02,0.746642
2010-12-01,0.746098
2010-11-30,0.750544
2010-11-29,0.75388
2010-11-28,0.75388
2010-11-27,0.756974
2010-11-26,0.758457
2010-11-25,0.758859
2010-11-24,0.763238
2010-11-23,0.770177
2010-11-22,0.773132
2010-11-21,0.773132
2010-11-20,0.771421
2010-11-19,0.766375
2010-11-18,0.762898
2010-11-17,0.760495
2010-11-16,0.759134
2010-11-15,0.758773
2010-11-14,0.758446
2010-11-13,0.758791
2010-11-12,0.75905
2010-11-11,0.757119
2010-11-10,0.759423
2010-11-09,0.763061
2010-11-08,0.764242
2010-11-07,0.764242
2010-11-06,0.762312
2010-11-05,0.761493
2010-11-04,0.757549
2010-11-03,0.757423
2010-11-02,0.755271
2010-11-01,0.752879
2010-10-31,0.750598
2010-10-30,0.743818
2010-10-29,0.73888
2010-10-28,0.735808
2010-10-27,0.733126
2010-10-26,0.730687
2010-10-25,0.729523
2010-10-24,0.728941
2010-10-23,0.726364
2010-10-22,0.723629
2010-10-21,0.72394
2010-10-20,0.724449
2010-10-19,0.724424
2010-10-18,0.725238
2010-10-17,0.72459
2010-10-16,0.723364
2010-10-15,0.724744
2010-10-14,0.725897
2010-10-13,0.724123
2010-10-12,0.72603
2010-10-11,0.727475
2010-10-10,0.726351
2010-10-09,0.7247
2010-10-08,0.725094
2010-10-07,0.723122
2010-10-06,0.721694
2010-10-05,0.723355
2010-10-04,0.724626
2010-10-03,0.724626
2010-10-02,0.722799
2010-10-01,0.720424
2010-09-30,0.721158
2010-09-29,0.722352
2010-09-28,0.722559
2010-09-27,0.721262
2010-09-26,0.720555
2010-09-25,0.719729
2010-09-24,0.723929
2010-09-23,0.73072
2010-09-22,0.73246
2010-09-21,0.733468
2010-09-20,0.73286
2010-09-19,0.734683
2010-09-18,0.734755
2010-09-17,0.731832
2010-09-16,0.733258
2010-09-15,0.735462
2010-09-14,0.741838
2010-09-13,0.743087
2010-09-12,0.742542
2010-09-11,0.739328
2010-09-10,0.732304
2010-09-09,0.728404
2010-09-08,0.73083
2010-09-07,0.732957
2010-09-06,0.732313
2010-09-05,0.731451
2010-09-04,0.727515
2010-09-03,0.721959
2010-09-02,0.71578
2010-09-01,0.718696
2010-08-31,0.729608
2010-08-30,0.730829
2010-08-29,0.728904
2010-08-28,0.724627
2010-08-27,0.722086
2010-08-26,0.723888
2010-08-25,0.731611
2010-08-24,0.732521
2010-08-23,0.730735
2010-08-22,0.730022
2010-08-21,0.731474
2010-08-20,0.739532
2010-08-19,0.74334
2010-08-18,0.738486
2010-08-17,0.736792
2010-08-16,0.741114
2010-08-15,0.743454
2010-08-14,0.747737
2010-08-13,0.751993
2010-08-12,0.758848
2010-08-11,0.761337
2010-08-10,0.761437
2010-08-09,0.761613
2010-08-08,0.761502
2010-08-07,0.761648
2010-08-06,0.764405
2010-08-05,0.764878
2010-08-04,0.761802
2010-08-03,0.759841
2010-08-02,0.754611
2010-08-01,0.754611
2010-07-31,0.755039
2010-07-30,0.763271
2010-07-29,0.773394
2010-07-28,0.77354
2010-07-27,0.767385
2010-07-26,0.76704
2010-07-25,0.764719
2010-07-24,0.757864
2010-07-23,0.752652
2010-07-22,0.752138
2010-07-21,0.747184
2010-07-20,0.744589
2010-07-19,0.746472
2010-07-18,0.746992
2010-07-17,0.750761
2010-07-16,0.757837
2010-07-15,0.758596
2010-07-14,0.754681
2010-07-13,0.752405
2010-07-12,0.750502
2010-07-11,0.750502
2010-07-10,0.74644
2010-07-09,0.74027
2010-07-08,0.735347
2010-07-07,0.734344
2010-07-06,0.732697
2010-07-05,0.733552
2010-07-04,0.733552
2010-07-03,0.734521
2010-07-02,0.73723
2010-07-01,0.749623
2010-06-30,0.761716
2010-06-29,0.774337
2010-06-28,0.779224
2010-06-27,0.778427
2010-06-26,0.778799
2010-06-25,0.783153
2010-06-24,0.785144
2010-06-23,0.785914
2010-06-22,0.787067
2010-06-21,0.783407
2010-06-20,0.782751
2010-06-19,0.784147
2010-06-18,0.784147
2010-06-17,0.788071
2010-06-16,0.791727
2010-06-15,0.793494
2010-06-14,0.793263
2010-06-13,0.79097
2010-06-12,0.784431
2010-06-11,0.775401
2010-06-10,0.766902
2010-06-09,0.768567
2010-06-08,0.775238
2010-06-07,0.780239
2010-06-06,0.781822
2010-06-05,0.786614
2010-06-04,0.787268
2010-06-03,0.783484
2010-06-02,0.78552
2010-06-01,0.786937
2010-05-31,0.787038
2010-05-30,0.786571
2010-05-29,0.783445
2010-05-28,0.777477
2010-05-27,0.772569
2010-05-26,0.774333
2010-05-25,0.779736
2010-05-24,0.778182
2010-05-23,0.778182
2010-05-22,0.774811
2010-05-21,0.776765
2010-05-20,0.785272
2010-05-19,0.793232
2010-05-18,0.797195
2010-05-17,0.801032
2010-05-16,0.801032
2010-05-15,0.799246
2010-05-14,0.796819
2010-05-13,0.795378
2010-05-12,0.797982
2010-05-11,0.796049
2010-05-10,0.791427
2010-05-09,0.791376
2010-05-08,0.795287
2010-05-07,0.799992
2010-05-06,0.795684
2010-05-05,0.792457
2010-05-04,0.788077
2010-05-03,0.783319
2010-05-02,0.784196
2010-05-01,0.783912
2010-04-30,0.780409
2010-04-29,0.776738
2010-04-28,0.774992
2010-04-27,0.773403
2010-04-26,0.768602
2010-04-25,0.768602
2010-04-24,0.766132
2010-04-23,0.762183
2010-04-22,0.759093
2010-04-21,0.756301
2010-04-20,0.753747
2010-04-19,0.751962
2010-04-18,0.75259
2010-04-17,0.753603
2010-04-16,0.75226
2010-04-15,0.751488
2010-04-14,0.753979
2010-04-13,0.75817
2010-04-12,0.762727
2010-04-11,0.76293
2010-04-10,0.7604
2010-04-09,0.757122
2010-04-08,0.754319
2010-04-07,0.749072
2010-04-06,0.748393
2010-04-05,0.749036
2010-04-04,0.749036
2010-04-03,0.74614
2010-04-02,0.746058
2010-04-01,0.752664
2010-03-31,0.755502
2010-03-30,0.75192
2010-03-29,0.748672
2010-03-28,0.750297
2010-03-27,0.754092
2010-03-26,0.754244
2010-03-25,0.749454
2010-03-24,0.747339
2010-03-23,0.748832
2010-03-22,0.751911
2010-03-21,0.751911
2010-03-20,0.754164
2010-03-19,0.755035
2010-03-18,0.750401
2010-03-17,0.745974
2010-03-16,0.743639
2010-03-15,0.742524
2010-03-14,0.743231
2010-03-13,0.74617
2010-03-12,0.752107
2010-03-11,0.756116
2010-03-10,0.752355
2010-03-09,0.749973
2010-03-08,0.74837
2010-03-07,0.747179
2010-03-06,0.742786
2010-03-05,0.740214
2010-03-04,0.746044
2010-03-03,0.752161
2010-03-02,0.751799
2010-03-01,0.749186
2010-02-28,0.749186
2010-02-27,0.748143
2010-02-26,0.747189
2010-02-25,0.750014
2010-02-24,0.754234
2010-02-23,0.753985
2010-02-22,0.75256
2010-02-21,0.753093
2010-02-20,0.755291
2010-02-19,0.756906
2010-02-18,0.755409
2010-02-17,0.753665
2010-02-16,0.751181
2010-02-15,0.74955
2010-02-14,0.74955
2010-02-13,0.747303
2010-02-12,0.743531
2010-02-11,0.738805
2010-02-10,0.737254
2010-02-09,0.738682
2010-02-08,0.738553
2010-02-07,0.738553
2010-02-06,0.737564
2010-02-05,0.742679
2010-02-04,0.749925
2010-02-03,0.747375
2010-02-02,0.744664
2010-02-01,0.743301
2010-01-31,0.743301
2010-01-30,0.743397
2010-01-29,0.743046
2010-01-28,0.74032
2010-01-27,0.741302
2010-01-26,0.74131
2010-01-25,0.73911
2010-01-24,0.74027
2010-01-23,0.7453
2010-01-22,0.752326
2010-01-21,0.75669
2010-01-20,0.758374
2010-01-19,0.756662
2010-01-18,0.756662
2010-01-17,0.756662
2010-01-16,0.756279
2010-01-15,0.754998
2010-01-14,0.753665
2010-01-13,0.753527
2010-01-12,0.753792
2010-01-11,0.755187
2010-01-10,0.755187
2010-01-09,0.757119
2010-01-08,0.758224
2010-01-07,0.75742
2010-01-06,0.75469
2010-01-05,0.750364
2010-01-04,0.74796
2010-01-03,0.747322
2010-01-02,0.749175
2010-01-01,0.748175
2009-12-31,0.741986
2009-12-30,0.735731
2009-12-29,0.732172
2009-12-28,0.730982
2009-12-27,0.731753
2009-12-26,0.731753
2009-12-25,0.732465
2009-12-24,0.734576
2009-12-23,0.737859
2009-12-22,0.740097
2009-12-21,0.741676
2009-12-20,0.741476
2009-12-19,0.742897
2009-12-18,0.74689
2009-12-17,0.74904
2009-12-16,0.750023
2009-12-15,0.749667
2009-12-14,0.750537
2009-12-13,0.749321
2009-12-12,0.746394
2009-12-11,0.738957
2009-12-10,0.728309
2009-12-09,0.727457
2009-12-08,0.727622
2009-12-07,0.728517
2009-12-06,0.727171
2009-12-05,0.725021
2009-12-04,0.725021
2009-12-03,0.725263
2009-12-02,0.721853
2009-12-01,0.717264
2009-11-30,0.715129
2009-11-29,0.715216
2009-11-28,0.717907
2009-11-27,0.72586
2009-11-26,0.733334
2009-11-25,0.7364
2009-11-24,0.737918
2009-11-23,0.737865
2009-11-22,0.737865
2009-11-21,0.74141
2009-11-20,0.749428
2009-11-19,0.75542
2009-11-18,0.753784
2009-11-17,0.751794
2009-11-16,0.752737
2009-11-15,0.750824
2009-11-14,0.746912
2009-11-13,0.745855
2009-11-12,0.746833
2009-11-11,0.746807
2009-11-10,0.742854
2009-11-09,0.738583
2009-11-08,0.737103
2009-11-07,0.734348
2009-11-06,0.735694
2009-11-05,0.738613
2009-11-04,0.736083
2009-11-03,0.735459
2009-11-02,0.736371
2009-11-01,0.73883
2009-10-31,0.742685
2009-10-30,0.746261
2009-10-29,0.755861
2009-10-28,0.760638
2009-10-27,0.760257
2009-10-26,0.761207
2009-10-25,0.761289
2009-10-24,0.760993
2009-10-23,0.760999
2009-10-22,0.761225
2009-10-21,0.760175
2009-10-20,0.756977
2009-10-19,0.754378
2009-10-18,0.754898
2009-10-17,0.754768
2009-10-16,0.754768
2009-10-15,0.753899
2009-10-14,0.754544
2009-10-13,0.75536
2009-10-12,0.758366
2009-10-11,0.758366
2009-10-10,0.760435
2009-10-09,0.759643
2009-10-08,0.755813
2009-10-07,0.750686
2009-10-06,0.743669
2009-10-05,0.741343
2009-10-04,0.741343
2009-10-03,0.744696
2009-10-02,0.748045
2009-10-01,0.744669
2009-09-30,0.741081
2009-09-29,0.738743
2009-09-28,0.738451
2009-09-27,0.738451
2009-09-26,0.73828
2009-09-25,0.740264
2009-09-24,0.740077
2009-09-23,0.73472
2009-09-22,0.729636
2009-09-21,0.730594
2009-09-20,0.730594
2009-09-19,0.732397
2009-09-18,0.734074
2009-09-17,0.731198
2009-09-16,0.726805
2009-09-15,0.729456
2009-09-14,0.734637
2009-09-13,0.733482
2009-09-12,0.729441
2009-09-11,0.726405
2009-09-10,0.728859
2009-09-09,0.731435
2009-09-08,0.73101
2009-09-07,0.72771
2009-09-06,0.72771
2009-09-05,0.722296
2009-09-04,0.71777
2009-09-03,0.720375
2009-09-02,0.72418
2009-09-01,0.724528
2009-08-31,0.724861
2009-08-30,0.725407
2009-08-29,0.726724
2009-08-28,0.72752
2009-08-27,0.727648
2009-08-26,0.726989
2009-08-25,0.724978
2009-08-24,0.722262
2009-08-23,0.721305
2009-08-22,0.719864
2009-08-21,0.72056
2009-08-20,0.722155
2009-08-19,0.722467
2009-08-18,0.723415
2009-08-17,0.726836
2009-08-16,0.727401
2009-08-15,0.727253
2009-08-14,0.723731
2009-08-13,0.723433
2009-08-12,0.728898
2009-08-11,0.728712
2009-08-10,0.72741
2009-08-09,0.724531
2009-08-08,0.716994
2009-08-07,0.713895
2009-08-06,0.712224
2009-08-05,0.708632
2009-08-04,0.70826
2009-08-03,0.706935
2009-08-02,0.708054
2009-08-01,0.709402
2009-07-31,0.708862
2009-07-30,0.707543
2009-07-29,0.70444
2009-07-28,0.70285
2009-07-27,0.703439
2009-07-26,0.703439
2009-07-25,0.703439
2009-07-24,0.702788
2009-07-23,0.700436
2009-07-22,0.699163
2009-07-21,0.696567
2009-07-20,0.69412
2009-07-19,0.69412
2009-07-18,0.693962
2009-07-17,0.694904
2009-07-16,0.693349
2009-07-15,0.68603
2009-07-14,0.681991
2009-07-13,0.681761
2009-07-12,0.681761
2009-07-11,0.681892
2009-07-10,0.682775
2009-07-09,0.685903
2009-07-08,0.687573
2009-07-07,0.684462
2009-07-06,0.684612
2009-07-05,0.684612
2009-07-04,0.685408
2009-07-03,0.689966
2009-07-02,0.699365
2009-07-01,0.703478
2009-06-30,0.701268
2009-06-29,0.700222
2009-06-28,0.700222
2009-06-27,0.701805
2009-06-26,0.698243
2009-06-25,0.68767
2009-06-24,0.685528
2009-06-23,0.692205
2009-06-22,0.694936
2009-06-21,0.694936
2009-06-20,0.692041
2009-06-19,0.686496
2009-06-18,0.685981
2009-06-17,0.688784
2009-06-16,0.691425
2009-06-15,0.693836
2009-06-14,0.692487
2009-06-13,0.689563
2009-06-12,0.685282
2009-06-11,0.678475
2009-06-10,0.677771
2009-06-09,0.679158
2009-06-08,0.679964
2009-06-07,0.680285
2009-06-06,0.679416
2009-06-05,0.681501
2009-06-04,0.691986
2009-06-03,0.692987
2009-06-02,0.687343
2009-06-01,0.68296
2009-05-31,0.682463
2009-05-30,0.679437
2009-05-29,0.675246
2009-05-28,0.673274
2009-05-27,0.671246
2009-05-26,0.671237
2009-05-25,0.672711
2009-05-24,0.672608
2009-05-23,0.67032
2009-05-22,0.667501
2009-05-21,0.665044
2009-05-20,0.665044
2009-05-19,0.658557
2009-05-18,0.656263
2009-05-17,0.655815
2009-05-16,0.655788
2009-05-15,0.659315
2009-05-14,0.664851
2009-05-13,0.668629
2009-05-12,0.669437
2009-05-11,0.667573
2009-05-10,0.668391
2009-05-09,0.670296
2009-05-08,0.666809
2009-05-07,0.656808
2009-05-06,0.652562
2009-05-05,0.649066
2009-05-04,0.646483
2009-05-03,0.646483
2009-05-02,0.645605
2009-05-01,0.645471
2009-04-30,0.6461
2009-04-29,0.646532
2009-04-28,0.650051
2009-04-27,0.652061
2009-04-26,0.650365
2009-04-25,0.647675
2009-04-24,0.648901
2009-04-23,0.650479
2009-04-22,0.652799
2009-04-21,0.659338
2009-04-20,0.661762
2009-04-19,0.661512
2009-04-18,0.659908
2009-04-17,0.658877
2009-04-16,0.663769
2009-04-15,0.671138
2009-04-14,0.673787
2009-04-13,0.673834
2009-04-12,0.673834
2009-04-11,0.672011
2009-04-10,0.664658
2009-04-09,0.660193
2009-04-08,0.663757
2009-04-07,0.666009
2009-04-06,0.662391
2009-04-05,0.662391
2009-04-04,0.658391
2009-04-03,0.648138
2009-04-02,0.643199
2009-04-01,0.648231
2009-03-31,0.648995
2009-03-30,0.65129
2009-03-29,0.65129
2009-03-28,0.648156
2009-03-27,0.64164
2009-03-26,0.637199
2009-03-25,0.638889
2009-03-24,0.633928
2009-03-23,0.629937
2009-03-22,0.628968
2009-03-21,0.625352
2009-03-20,0.622339
2009-03-19,0.62443
2009-03-18,0.626958
2009-03-17,0.624281
2009-03-16,0.621559
2009-03-15,0.621559
2009-03-14,0.611689
2009-03-13,0.593098
2009-03-12,0.581306
2009-03-11,0.577231
2009-03-10,0.580737
2009-03-09,0.581725
2009-03-08,0.581725
2009-03-07,0.584106
2009-03-06,0.588374
2009-03-05,0.585998
2009-03-04,0.582046
2009-03-03,0.582562
2009-03-02,0.586036
2009-03-01,0.587276
2009-02-28,0.591652
2009-02-27,0.596115
2009-02-26,0.596018
2009-02-25,0.593329
2009-02-24,0.591679
2009-02-23,0.591679
2009-02-22,0.593514
2009-02-21,0.59862
2009-02-20,0.601053
2009-02-19,0.598331
2009-02-18,0.601114
2009-02-17,0.605522
2009-02-16,0.607779
2009-02-15,0.607779
2009-02-14,0.608253
2009-02-13,0.606778
2009-02-12,0.612334
2009-02-11,0.619799
2009-02-10,0.618181
2009-02-09,0.617472
2009-02-08,0.614506
2009-02-07,0.603777
2009-02-06,0.59199
2009-02-05,0.586671
2009-02-04,0.586026
2009-02-03,0.587577
2009-02-02,0.590324
2009-02-01,0.590324
2009-01-31,0.592757
2009-01-30,0.600468
2009-01-29,0.603967
2009-01-28,0.604673
2009-01-27,0.609899
2009-01-26,0.610457
2009-01-25,0.610457
2009-01-24,0.610457
2009-01-23,0.606893
2009-01-22,0.602167
2009-01-21,0.609546
2009-01-20,0.614082
2009-01-19,0.6111
2009-01-18,0.6111
2009-01-17,0.606086
2009-01-16,0.605184
2009-01-15,0.618642
2009-01-14,0.635592
2009-01-13,0.654963
2009-01-12,0.659975
2009-01-11,0.656986
2009-01-10,0.650268
2009-01-09,0.652647
2009-01-08,0.659622
2009-01-07,0.651822
2009-01-06,0.638648
2009-01-05,0.633201
2009-01-04,0.628974
2009-01-03,0.621339
2009-01-02,0.618349
2009-01-01,0.613165
2008-12-31,0.611237
2008-12-30,0.613142
2008-12-29,0.616336
2008-12-28,0.617112
2008-12-27,0.618261
2008-12-26,0.620357
2008-12-25,0.620357
2008-12-24,0.627081
2008-12-23,0.633426
2008-12-22,0.633728
2008-12-21,0.633728
2008-12-20,0.633731
2008-12-19,0.63981
2008-12-18,0.645579
2008-12-17,0.644949
2008-12-16,0.643646
2008-12-15,0.640895
2008-12-14,0.641687
2008-12-13,0.64741
2008-12-12,0.654452
2008-12-11,0.655248
2008-12-10,0.655334
2008-12-09,0.653785
2008-12-08,0.651948
2008-12-07,0.646576
2008-12-06,0.641575
2008-12-05,0.643606
2008-12-04,0.640608
2008-12-03,0.643994
2008-12-02,0.657741
2008-12-01,0.66614
2008-11-30,0.665393
2008-11-29,0.663529
2008-11-28,0.659453
2008-11-27,0.652952
2008-11-26,0.651047
2008-11-25,0.653594
2008-11-24,0.656629
2008-11-23,0.652894
2008-11-22,0.649339
2008-11-21,0.657248
2008-11-20,0.662049
2008-11-19,0.661864
2008-11-18,0.663236
2008-11-17,0.662111
2008-11-16,0.665032
2008-11-15,0.668227
2008-11-14,0.669906
2008-11-13,0.681346
2008-11-12,0.691912
2008-11-11,0.699755
2008-11-10,0.697112
2008-11-09,0.694581
2008-11-08,0.692919
2008-11-07,0.698929
2008-11-06,0.70203
2008-11-05,0.693159
2008-11-04,0.68061
2008-11-03,0.674123
2008-11-02,0.674123
2008-11-01,0.671123
2008-10-31,0.665839
2008-10-30,0.653001
2008-10-29,0.637223
2008-10-28,0.641519
2008-10-27,0.648722
2008-10-26,0.65013
2008-10-25,0.667702
2008-10-24,0.690723
2008-10-23,0.701084
2008-10-22,0.70709
2008-10-21,0.700378
2008-10-20,0.69682
2008-10-19,0.6971
2008-10-18,0.694816
2008-10-17,0.694705
2008-10-16,0.703544
2008-10-15,0.697886
2008-10-14,0.682007
2008-10-13,0.676864
2008-10-12,0.674835
2008-10-11,0.678097
2008-10-10,0.691684
2008-10-09,0.704971
2008-10-08,0.727506
2008-10-07,0.739358
2008-10-06,0.747327
2008-10-05,0.747916
2008-10-04,0.7515
2008-10-03,0.754882
2008-10-02,0.749122
2008-10-01,0.742871
2008-09-30,0.747205
2008-09-29,0.748061
2008-09-28,0.747119
2008-09-27,0.745224
2008-09-26,0.743876
2008-09-25,0.74241
2008-09-24,0.746816
2008-09-23,0.757178
2008-09-22,0.760964
2008-09-21,0.760055
2008-09-20,0.750377
2008-09-19,0.737034
2008-09-18,0.735242
2008-09-17,0.733895
2008-09-16,0.746402
2008-09-15,0.754756
2008-09-14,0.75195
2008-09-13,0.744428
2008-09-12,0.745783
2008-09-11,0.755871
2008-09-10,0.758328
2008-09-09,0.755641
2008-09-08,0.74816
2008-09-07,0.745491
2008-09-06,0.74655
2008-09-05,0.755819
2008-09-04,0.758305
2008-09-03,0.764006
2008-09-02,0.768838
2008-09-01,0.771675
2008-08-31,0.771675
2008-08-30,0.771281
2008-08-29,0.769682
2008-08-28,0.767695
2008-08-27,0.769893
2008-08-26,0.777213
2008-08-25,0.779228
2008-08-24,0.780597
2008-08-23,0.781332
2008-08-22,0.781343
2008-08-21,0.779752
2008-08-20,0.77807
2008-08-19,0.77628
2008-08-18,0.771494
2008-08-17,0.771494
2008-08-16,0.765666
2008-08-15,0.759875
2008-08-14,0.756374
2008-08-13,0.759137
2008-08-12,0.760286
2008-08-11,0.760139
2008-08-10,0.760139
2008-08-09,0.757522
2008-08-08,0.760731
2008-08-07,0.763096
2008-08-06,0.763718
2008-08-05,0.763959
2008-08-04,0.763682
2008-08-03,0.763682
2008-08-02,0.765787
2008-08-01,0.769084
2008-07-31,0.769661
2008-07-30,0.769527
2008-07-29,0.769421
2008-07-28,0.768738
2008-07-27,0.769157
2008-07-26,0.770181
2008-07-25,0.774169
2008-07-24,0.778481
2008-07-23,0.776828
2008-07-22,0.77794
2008-07-21,0.778723
2008-07-20,0.778723
2008-07-19,0.78034
2008-07-18,0.781595
2008-07-17,0.778886
2008-07-16,0.776834
2008-07-15,0.775437
2008-07-14,0.775458
2008-07-13,0.775458
2008-07-12,0.778871
2008-07-11,0.779421
2008-07-10,0.776806
2008-07-09,0.774414
2008-07-08,0.77744
2008-07-07,0.777209
2008-07-06,0.777209
2008-07-05,0.774995
2008-07-04,0.77241
2008-07-03,0.773597
2008-07-02,0.775537
2008-07-01,0.776153
2008-06-30,0.774961
2008-06-29,0.774939
2008-06-28,0.777509
2008-06-27,0.784115
2008-06-26,0.78883
2008-06-25,0.790093
2008-06-24,0.790009
2008-06-23,0.789127
2008-06-22,0.789127
2008-06-21,0.79017
2008-06-20,0.788609
2008-06-19,0.787195
2008-06-18,0.786349
2008-06-17,0.785331
2008-06-16,0.783693
2008-06-15,0.783693
2008-06-14,0.783693
2008-06-13,0.782915
2008-06-12,0.783196
2008-06-11,0.781576
2008-06-10,0.782076
2008-06-09,0.783146
2008-06-08,0.787124
2008-06-07,0.794585
2008-06-06,0.805328
2008-06-05,0.813519
2008-06-04,0.814636
2008-06-03,0.816136
2008-06-02,0.817227
2008-06-01,0.817227
2008-05-31,0.818199
2008-05-30,0.815745
2008-05-29,0.812525
2008-05-28,0.808445
2008-05-27,0.805157
2008-05-26,0.805212
2008-05-25,0.805212
2008-05-24,0.806677
2008-05-23,0.804256
2008-05-22,0.80523
2008-05-21,0.809791
2008-05-20,0.810917
2008-05-19,0.811065
2008-05-18,0.80963
2008-05-17,0.804101
2008-05-16,0.800924
2008-05-15,0.804449
2008-05-14,0.803928
2008-05-13,0.802083
2008-05-12,0.80297
2008-05-11,0.80297
2008-05-10,0.809948
2008-05-09,0.821156
2008-05-08,0.828814
2008-05-07,0.826725
2008-05-06,0.825306
2008-05-05,0.822703
2008-05-04,0.822703
2008-05-03,0.816604
2008-05-02,0.810182
2008-05-01,0.807263
2008-04-30,0.808693
2008-04-29,0.810672
2008-04-28,0.810142
2008-04-27,0.810142
2008-04-26,0.811874
2008-04-25,0.808612
2008-04-24,0.803569
2008-04-23,0.801864
2008-04-22,0.803526
2008-04-21,0.802757
2008-04-20,0.802757
2008-04-19,0.796449
2008-04-18,0.790226
2008-04-17,0.78896
2008-04-16,0.789148
2008-04-15,0.791768
2008-04-14,0.794323
2008-04-13,0.79627
2008-04-12,0.799422
2008-04-11,0.800881
2008-04-10,0.805081
2008-04-09,0.80595
2008-04-08,0.802575
2008-04-07,0.793574
2008-04-06,0.793574
2008-04-05,0.794243
2008-04-04,0.797099
2008-04-03,0.793168
2008-04-02,0.785333
2008-04-01,0.788804
2008-03-31,0.793306
2008-03-30,0.795317
2008-03-29,0.798525
2008-03-28,0.801385
2008-03-27,0.80922
2008-03-26,0.810418
2008-03-25,0.803225
2008-03-24,0.799086
2008-03-23,0.799086
2008-03-22,0.799724
2008-03-21,0.803872
2008-03-20,0.80309
2008-03-19,0.793939
2008-03-18,0.800204
2008-03-17,0.815994
2008-03-16,0.815994
2008-03-15,0.821458
2008-03-14,0.820825
2008-03-13,0.820752
2008-03-12,0.811871
2008-03-11,0.811132
2008-03-10,0.813839
2008-03-09,0.814131
2008-03-08,0.819885
2008-03-07,0.82854
2008-03-06,0.830723
2008-03-05,0.832086
2008-03-04,0.829643
2008-03-03,0.831439
2008-03-02,0.838326
2008-03-01,0.854845
2008-02-29,0.867766
2008-02-28,0.877481
2008-02-27,0.881245
2008-02-26,0.878692
2008-02-25,0.877629
2008-02-24,0.876381
2008-02-23,0.875483
2008-02-22,0.875785
2008-02-21,0.874359
2008-02-20,0.873885
2008-02-19,0.868222
2008-02-18,0.863606
2008-02-17,0.863606
2008-02-16,0.865421
2008-02-15,0.869535
2008-02-14,0.869534
2008-02-13,0.869737
2008-02-12,0.868857
2008-02-11,0.869864
2008-02-10,0.868094
2008-02-09,0.868094
2008-02-08,0.86336
2008-02-07,0.861802
2008-02-06,0.864633
2008-02-05,0.864918
2008-02-04,0.866064
2008-02-03,0.861251
2008-02-02,0.851727
2008-02-01,0.849188
2008-01-31,0.850008
2008-01-30,0.846638
2008-01-29,0.842455
2008-01-28,0.841972
2008-01-27,0.84263
2008-01-26,0.840445
2008-01-25,0.835008
2008-01-24,0.831518
2008-01-23,0.830665
2008-01-22,0.833794
2008-01-21,0.834836
2008-01-20,0.837184
2008-01-19,0.843879
2008-01-18,0.847058
2008-01-17,0.850991
2008-01-16,0.86138
2008-01-15,0.862185
2008-01-14,0.862035
2008-01-13,0.863147
2008-01-12,0.864348
2008-01-11,0.861143
2008-01-10,0.85843
2008-01-09,0.856781
2008-01-08,0.850818
2008-01-07,0.849325
2008-01-06,0.85203
2008-01-05,0.859819
2008-01-04,0.86688
2008-01-03,0.869096
2008-01-02,0.869617
2008-01-01,0.871863
2007-12-31,0.872462
2007-12-30,0.873792
2007-12-29,0.878703
2007-12-28,0.883495
2007-12-27,0.885668
2007-12-26,0.886008
2007-12-25,0.883299
2007-12-24,0.882017
2007-12-23,0.882017
2007-12-22,0.879603
2007-12-21,0.873066
2007-12-20,0.870604
2007-12-19,0.872319
2007-12-18,0.879436
2007-12-17,0.882275
2007-12-16,0.885792
2007-12-15,0.891319
2007-12-14,0.889389
2007-12-13,0.885702
2007-12-12,0.880971
2007-12-11,0.875936
2007-12-10,0.877406
2007-12-09,0.877406
2007-12-08,0.876147
2007-12-07,0.864966
2007-12-06,0.856262
2007-12-05,0.859679
2007-12-04,0.863584
2007-12-03,0.864943
2007-12-02,0.864682
2007-12-01,0.862503
2007-11-30,0.85557
2007-11-29,0.841896
2007-11-28,0.833828
2007-11-27,0.83713
2007-11-26,0.836589
2007-11-25,0.833535
2007-11-24,0.828975
2007-11-23,0.832473
2007-11-22,0.839276
2007-11-21,0.844568
2007-11-20,0.847101
2007-11-19,0.84699
2007-11-18,0.84699
2007-11-17,0.850517
2007-11-16,0.856151
2007-11-15,0.854748
2007-11-14,0.848961
2007-11-13,0.852444
2007-11-12,0.857908
2007-11-11,0.862673
2007-11-10,0.871651
2007-11-09,0.88087
2007-11-08,0.890423
2007-11-07,0.886644
2007-11-06,0.881294
2007-11-05,0.881294
2007-11-04,0.879399
2007-11-03,0.884783
2007-11-02,0.890655
2007-11-01,0.890268
2007-10-31,0.894303
2007-10-30,0.894081
2007-10-29,0.891075
2007-10-28,0.891075
2007-10-27,0.88798
2007-10-26,0.88474
2007-10-25,0.883684
2007-10-24,0.877812
2007-10-23,0.869087
2007-10-22,0.871176
2007-10-21,0.874253
2007-10-20,0.880525
2007-10-19,0.882854
2007-10-18,0.885866
2007-10-17,0.898245
2007-10-16,0.914734
2007-10-15,0.920125
2007-10-14,0.917579
2007-10-13,0.910846
2007-10-12,0.905187
2007-10-11,0.903087
2007-10-10,0.903261
2007-10-09,0.900718
2007-10-08,0.894773
2007-10-07,0.894773
2007-10-06,0.890008
2007-10-05,0.889851
2007-10-04,0.89306
2007-10-03,0.892109
2007-10-02,0.887677
2007-10-01,0.882063
2007-09-30,0.882789
2007-09-29,0.881008
2007-09-28,0.872984
2007-09-27,0.86762
2007-09-26,0.868942
2007-09-25,0.871671
2007-09-24,0.871671
2007-09-23,0.871671
2007-09-22,0.869739
2007-09-21,0.866996
2007-09-20,0.854377
2007-09-19,0.841344
2007-09-18,0.846232
2007-09-17,0.847527
2007-09-16,0.847527
2007-09-15,0.845695
2007-09-14,0.843249
2007-09-13,0.835421
2007-09-12,0.824601
2007-09-11,0.819973
2007-09-10,0.821436
2007-09-09,0.823906
2007-09-08,0.828797
2007-09-07,0.83316
2007-09-06,0.841484
2007-09-05,0.848097
2007-09-04,0.848403
2007-09-03,0.847937
2007-09-02,0.847115
2007-09-01,0.847115
2007-08-31,0.842484
2007-08-30,0.842772
2007-08-29,0.858202
2007-08-28,0.868111
2007-08-27,0.864285
2007-08-26,0.864285
2007-08-25,0.860005
2007-08-24,0.851535
2007-08-23,0.840487
2007-08-22,0.839248
2007-08-21,0.840095
2007-08-20,0.842362
2007-08-19,0.836993
2007-08-18,0.832685
2007-08-17,0.85159
2007-08-16,0.876614
2007-08-15,0.886385
2007-08-14,0.891974
2007-08-13,0.893015
2007-08-12,0.893015
2007-08-11,0.89935
2007-08-10,0.912401
2007-08-09,0.911603
2007-08-08,0.906156
2007-08-07,0.902959
2007-08-06,0.905438
2007-08-05,0.911131
2007-08-04,0.921114
2007-08-03,0.918894
2007-08-02,0.918661
2007-08-01,0.923653
2007-07-31,0.920561
2007-07-30,0.924262
2007-07-29,0.929342
2007-07-28,0.947994
2007-07-27,0.967108
2007-07-26,0.972602
2007-07-25,0.969179
2007-07-24,0.960896
2007-07-23,0.957242
2007-07-22,0.957242
2007-07-21,0.955019
2007-07-20,0.951342
2007-07-19,0.950967
2007-07-18,0.950896
2007-07-17,0.948074
2007-07-16,0.945623
2007-07-15,0.945623
2007-07-14,0.943376
2007-07-13,0.938774
2007-07-12,0.938218
2007-07-11,0.946625
2007-07-10,0.951784
2007-07-09,0.953146
2007-07-08,0.953146
2007-07-07,0.95287
2007-07-06,0.951484
2007-07-05,0.950014
2007-07-04,0.947602
2007-07-03,0.944805
2007-07-02,0.943562
2007-07-01,0.944848
2007-06-30,0.945135
2007-06-29,0.93957
2007-06-28,0.938548
2007-06-27,0.941556
2007-06-26,0.939852
2007-06-25,0.938331
2007-06-24,0.941591
2007-06-23,0.945647
2007-06-22,0.943813
2007-06-21,0.940044
2007-06-20,0.936847
2007-06-19,0.936085
2007-06-18,0.937235
2007-06-17,0.936937
2007-06-16,0.935473
2007-06-15,0.933595
2007-06-14,0.932368
2007-06-13,0.932314
2007-06-12,0.936817
2007-06-11,0.937426
2007-06-10,0.937426
2007-06-09,0.924777
2007-06-08,0.918705
2007-06-07,0.915098
2007-06-06,0.915134
2007-06-05,0.915311
2007-06-04,0.913411
2007-06-03,0.913411
2007-06-02,0.904759
2007-06-01,0.895687
2007-05-31,0.892181
2007-05-30,0.891963
2007-05-29,0.891821
2007-05-28,0.891414
2007-05-27,0.891414
2007-05-26,0.891967
2007-05-25,0.893987
2007-05-24,0.895035
2007-05-23,0.896676
2007-05-22,0.897089
2007-05-21,0.896136
2007-05-20,0.896136
2007-05-19,0.895564
2007-05-18,0.896436
2007-05-17,0.897075
2007-05-16,0.89814
2007-05-15,0.897119
2007-05-14,0.893017
2007-05-13,0.893017
2007-05-12,0.891522
2007-05-11,0.894499
2007-05-10,0.895939
2007-05-09,0.894472
2007-05-08,0.892254
2007-05-07,0.892461
2007-05-06,0.892513
2007-05-05,0.893532
2007-05-04,0.895897
2007-05-03,0.897137
2007-05-02,0.895325
2007-05-01,0.893422
2007-04-30,0.894537
2007-04-29,0.894246
2007-04-28,0.894616
2007-04-27,0.895926
2007-04-26,0.895695
2007-04-25,0.897959
2007-04-24,0.902004
2007-04-23,0.903662
2007-04-22,0.901719
2007-04-21,0.896952
2007-04-20,0.895918
2007-04-19,0.898705
2007-04-18,0.89779
2007-04-17,0.896912
2007-04-16,0.89461
2007-04-15,0.89461
2007-04-14,0.890354
2007-04-13,0.887438
2007-04-12,0.886749
2007-04-11,0.884362
2007-04-10,0.881832
2007-04-09,0.880121
2007-04-08,0.880121
2007-04-07,0.879761
2007-04-06,0.879187
2007-04-05,0.878147
2007-04-04,0.875809
2007-04-03,0.870782
2007-04-02,0.868528
2007-04-01,0.868528
2007-03-31,0.868436
2007-03-30,0.866245
2007-03-29,0.867533
2007-03-28,0.870652
2007-03-27,0.868033
2007-03-26,0.866355
2007-03-25,0.866355
2007-03-24,0.863545
2007-03-23,0.858595
2007-03-22,0.854619
2007-03-21,0.850054
2007-03-20,0.8439
2007-03-19,0.841478
2007-03-18,0.842071
2007-03-17,0.843285
2007-03-16,0.841301
2007-03-15,0.841544
2007-03-14,0.851341
2007-03-13,0.853143
2007-03-12,0.852825
2007-03-11,0.850143
2007-03-10,0.841149
2007-03-09,0.834333
2007-03-08,0.833631
2007-03-07,0.829603
2007-03-06,0.832079
2007-03-05,0.837785
2007-03-04,0.839907
2007-03-03,0.846669
2007-03-02,0.852451
2007-03-01,0.858623
2007-02-28,0.869236
2007-02-27,0.871957
2007-02-26,0.871402
2007-02-25,0.871402
2007-02-24,0.873335
2007-02-23,0.873017
2007-02-22,0.868499
2007-02-21,0.865275
2007-02-20,0.863453
2007-02-19,0.861527
2007-02-18,0.86047
2007-02-17,0.859125
2007-02-16,0.859723
2007-02-15,0.859028
2007-02-14,0.856826
2007-02-13,0.854804
2007-02-12,0.853255
2007-02-11,0.853255
2007-02-10,0.853928
2007-02-09,0.851248
2007-02-08,0.847662
2007-02-07,0.851731
2007-02-06,0.852349
2007-02-05,0.849201
2007-02-04,0.849201
2007-02-03,0.849753
2007-02-02,0.855955
2007-02-01,0.863035
2007-01-31,0.870564
2007-01-30,0.872775
2007-01-29,0.872082
2007-01-28,0.872082
2007-01-27,0.87165
2007-01-26,0.871848
2007-01-25,0.870824
2007-01-24,0.871618
2007-01-23,0.869335
2007-01-22,0.868109
2007-01-21,0.868109
2007-01-20,0.866616
2007-01-19,0.864744
2007-01-18,0.864923
2007-01-17,0.866925
2007-01-16,0.863581
2007-01-15,0.861339
2007-01-14,0.861809
2007-01-13,0.861249
2007-01-12,0.858483
2007-01-11,0.856958
2007-01-10,0.853246
2007-01-09,0.848475
2007-01-08,0.847937
2007-01-07,0.850079
2007-01-06,0.856918
2007-01-05,0.861878
2007-01-04,0.859914
2007-01-03,0.858836
2007-01-02,0.858937
2007-01-01,0.858937
2006-12-31,0.859795
2006-12-30,0.860721
2006-12-29,0.859146
2006-12-28,0.856531
2006-12-27,0.854556
2006-12-26,0.853683
2006-12-25,0.852687
2006-12-24,0.852687
2006-12-23,0.848207
2006-12-22,0.846271
2006-12-21,0.845481
2006-12-20,0.843572
2006-12-19,0.842826
2006-12-18,0.842664
2006-12-17,0.840893
2006-12-16,0.837138
2006-12-15,0.833903
2006-12-14,0.829981
2006-12-13,0.828467
2006-12-12,0.82798
2006-12-11,0.826572
2006-12-10,0.826572
2006-12-09,0.823866
2006-12-08,0.820814
2006-12-07,0.819073
2006-12-06,0.821317
2006-12-05,0.821552
2006-12-04,0.821262
2006-12-03,0.820555
2006-12-02,0.820054
2006-12-01,0.820269
2006-11-30,0.81568
2006-11-29,0.810293
2006-11-28,0.810715
2006-11-27,0.81386
2006-11-26,0.81386
2006-11-25,0.818177
2006-11-24,0.824372
2006-11-23,0.829691
2006-11-22,0.830839
2006-11-21,0.828025
2006-11-20,0.828015
2006-11-19,0.828015
2006-11-18,0.827725
2006-11-17,0.824551
2006-11-16,0.82239
2006-11-15,0.82206
2006-11-14,0.8246
2006-11-13,0.82694
2006-11-12,0.826263
2006-11-11,0.827179
2006-11-10,0.832619
2006-11-09,0.836547
2006-11-08,0.83842
2006-11-07,0.839292
2006-11-06,0.839864
2006-11-05,0.839723
2006-11-04,0.838897
2006-11-03,0.836631
2006-11-02,0.834021
2006-11-01,0.830655
2006-10-31,0.827925
2006-10-30,0.826982
2006-10-29,0.826982
2006-10-28,0.826004
2006-10-27,0.830632
2006-10-26,0.838256
2006-10-25,0.840885
2006-10-24,0.841536
2006-10-23,0.841536
2006-10-22,0.841168
2006-10-21,0.840885
2006-10-20,0.841572
2006-10-19,0.840962
2006-10-18,0.838562
2006-10-17,0.836711
2006-10-16,0.837336
2006-10-15,0.837336
2006-10-14,0.837336
2006-10-13,0.838144
2006-10-12,0.836778
2006-10-11,0.831747
2006-10-10,0.828581
2006-10-09,0.830089
2006-10-08,0.830477
2006-10-07,0.830365
2006-10-06,0.827476
2006-10-05,0.821964
2006-10-04,0.818102
2006-10-03,0.815998
2006-10-02,0.816409
2006-10-01,0.816409
2006-09-30,0.816823
2006-09-29,0.817903
2006-09-28,0.822756
2006-09-27,0.826626
2006-09-26,0.821458
2006-09-25,0.818052
2006-09-24,0.818052
2006-09-23,0.820236
2006-09-22,0.824486
2006-09-21,0.826514
2006-09-20,0.830398
2006-09-19,0.832225
2006-09-18,0.831763
2006-09-17,0.83058
2006-09-16,0.82594
2006-09-15,0.815646
2006-09-14,0.802459
2006-09-13,0.79658
2006-09-12,0.795017
2006-09-11,0.796104
2006-09-10,0.796104
2006-09-09,0.798589
2006-09-08,0.800962
2006-09-07,0.799382
2006-09-06,0.800279
2006-09-05,0.805053
2006-09-04,0.806465
2006-09-03,0.806465
2006-09-02,0.804335
2006-09-01,0.798657
2006-08-31,0.792715
2006-08-30,0.789198
2006-08-29,0.788452
2006-08-28,0.788329
2006-08-27,0.788329
2006-08-26,0.786735
2006-08-25,0.787549
2006-08-24,0.787484
2006-08-23,0.785025
2006-08-22,0.786361
2006-08-21,0.788628
2006-08-20,0.788628
2006-08-19,0.788176
2006-08-18,0.787265
2006-08-17,0.785365
2006-08-16,0.784055
2006-08-15,0.786511
2006-08-14,0.786124
2006-08-13,0.786124
2006-08-12,0.781436
2006-08-11,0.774424
2006-08-10,0.768517
2006-08-09,0.765588
2006-08-08,0.76435
2006-08-07,0.763965
2006-08-06,0.763965
2006-08-05,0.763495
2006-08-04,0.763031
2006-08-03,0.760363
2006-08-02,0.761252
2006-08-01,0.761072
2006-07-31,0.762275
2006-07-30,0.762275
2006-07-29,0.765814
2006-07-28,0.773263
2006-07-27,0.780107
2006-07-26,0.777204
2006-07-25,0.772822
2006-07-24,0.771619
2006-07-23,0.771619
2006-07-22,0.773976
2006-07-21,0.777936
2006-07-20,0.780525
2006-07-19,0.776846
2006-07-18,0.768858
2006-07-17,0.764316
2006-07-16,0.764316
2006-07-15,0.761904
2006-07-14,0.760064
2006-07-13,0.7566
2006-07-12,0.751913
2006-07-11,0.748746
2006-07-10,0.746125
2006-07-09,0.746125
2006-07-08,0.74413
2006-07-07,0.745035
2006-07-06,0.746303
2006-07-05,0.745337
2006-07-04,0.744938
2006-07-03,0.744964
2006-07-02,0.746306
2006-07-01,0.746553
2006-06-30,0.743696
2006-06-29,0.74794
2006-06-28,0.753586
2006-06-27,0.756374
2006-06-26,0.758585
2006-06-25,0.758585
2006-06-24,0.758545
2006-06-23,0.76246
2006-06-22,0.766707
2006-06-21,0.76567
2006-06-20,0.761849
2006-06-19,0.762057
2006-06-18,0.762057
2006-06-17,0.765401
2006-06-16,0.767114
2006-06-15,0.769224
2006-06-14,0.773906
2006-06-13,0.779501
2006-06-12,0.779963
2006-06-11,0.778342
2006-06-10,0.773029
2006-06-09,0.766903
2006-06-08,0.763101
2006-06-07,0.762421
2006-06-06,0.762039
2006-06-05,0.762515
2006-06-04,0.762515
2006-06-03,0.767122
2006-06-02,0.773492
2006-06-01,0.775452
2006-05-31,0.776196
2006-05-30,0.776986
2006-05-29,0.776908
2006-05-28,0.776908
2006-05-27,0.776302
2006-05-26,0.76894
2006-05-25,0.756672
2006-05-24,0.751457
2006-05-23,0.752326
2006-05-22,0.75494
2006-05-21,0.754492
2006-05-20,0.754261
2006-05-19,0.755583
2006-05-18,0.754944
2006-05-17,0.752152
2006-05-16,0.750453
2006-05-15,0.752475
2006-05-14,0.7562
2006-05-13,0.76177
2006-05-12,0.765461
2006-05-11,0.767853
2006-05-10,0.776232
2006-05-09,0.783864
2006-05-08,0.786706
2006-05-07,0.786706
2006-05-06,0.788546
2006-05-05,0.791755
2006-05-04,0.791408
2006-05-03,0.789679
2006-05-02,0.790305
2006-05-01,0.790836
2006-04-30,0.79249
2006-04-29,0.797213
2006-04-28,0.799747
2006-04-27,0.797394
2006-04-26,0.799489
2006-04-25,0.806181
2006-04-24,0.807337
2006-04-23,0.80653
2006-04-22,0.804642
2006-04-21,0.803763
2006-04-20,0.802476
2006-04-19,0.800362
2006-04-18,0.801257
2006-04-17,0.802721
2006-04-16,0.802721
2006-04-15,0.803744
2006-04-14,0.802622
2006-04-13,0.796228
2006-04-12,0.793199
2006-04-11,0.792154
2006-04-10,0.792184
2006-04-09,0.792184
2006-04-08,0.792003
2006-04-07,0.789518
2006-04-06,0.788022
2006-04-05,0.793491
2006-04-04,0.802913
2006-04-03,0.800754
2006-04-02,0.800754
2006-04-01,0.796263
2006-03-31,0.791952
2006-03-30,0.790825
2006-03-29,0.794429
2006-03-28,0.796292
2006-03-27,0.797665
2006-03-26,0.801328
2006-03-25,0.812338
2006-03-24,0.81606
2006-03-23,0.810256
2006-03-22,0.809893
2006-03-21,0.81403
2006-03-20,0.81927
2006-03-19,0.81927
2006-03-18,0.824655
2006-03-17,0.833563
2006-03-16,0.8364
2006-03-15,0.838163
2006-03-14,0.844863
2006-03-13,0.845806
2006-03-12,0.845806
2006-03-11,0.848857
2006-03-10,0.851489
2006-03-09,0.851507
2006-03-08,0.85421
2006-03-07,0.860876
2006-03-06,0.864429
2006-03-05,0.864429
2006-03-04,0.868307
2006-03-03,0.8713
2006-03-02,0.870133
2006-03-01,0.870722
2006-02-28,0.871195
2006-02-27,0.87304
2006-02-26,0.871417
2006-02-25,0.866987
2006-02-24,0.864036
2006-02-23,0.866884
2006-02-22,0.872692
2006-02-21,0.875645
2006-02-20,0.876124
2006-02-19,0.876039
2006-02-18,0.878585
2006-02-17,0.883555
2006-02-16,0.884254
2006-02-15,0.884481
2006-02-14,0.88786
2006-02-13,0.887137
2006-02-12,0.886231
2006-02-11,0.882817
2006-02-10,0.880114
2006-02-09,0.882924
2006-02-08,0.886775
2006-02-07,0.888185
2006-02-06,0.890435
2006-02-05,0.889867
2006-02-04,0.887317
2006-02-03,0.883187
2006-02-02,0.879564
2006-02-01,0.877067
2006-01-31,0.876027
2006-01-30,0.875635
2006-01-29,0.872903
2006-01-28,0.868997
2006-01-27,0.866968
2006-01-26,0.860983
2006-01-25,0.859978
2006-01-24,0.865666
2006-01-23,0.869748
2006-01-22,0.869748
2006-01-21,0.874136
2006-01-20,0.877264
2006-01-19,0.884101
2006-01-18,0.889873
2006-01-17,0.892304
2006-01-16,0.892187
2006-01-15,0.892187
2006-01-14,0.891755
2006-01-13,0.889983
2006-01-12,0.888043
2006-01-11,0.884527
2006-01-10,0.880408
2006-01-09,0.877581
2006-01-08,0.877581
2006-01-07,0.876744
2006-01-06,0.883047
2006-01-05,0.894056
2006-01-04,0.897066
2006-01-03,0.897656
2006-01-02,0.897656
2006-01-01,0.897189
2005-12-31,0.893747
2005-12-30,0.888828
2005-12-29,0.885978
2005-12-28,0.885978
2005-12-27,0.884662
2005-12-26,0.88402
2005-12-25,0.8845
2005-12-24,0.88903
2005-12-23,0.892266
2005-12-22,0.891536
2005-12-21,0.891483
2005-12-20,0.891261
2005-12-19,0.891094
2005-12-18,0.894286
2005-12-17,0.903799
2005-12-16,0.912326
2005-12-15,0.91651
2005-12-14,0.916801
2005-12-13,0.915808
2005-12-12,0.915808
2005-12-11,0.915893
2005-12-10,0.922226
2005-12-09,0.933007
2005-12-08,0.939794
2005-12-07,0.940534
2005-12-06,0.93904
2005-12-05,0.936486
2005-12-04,0.930562
2005-12-03,0.925718
2005-12-02,0.922454
2005-12-01,0.920323
2005-11-30,0.919676
2005-11-29,0.919263
2005-11-28,0.918111
2005-11-27,0.917143
2005-11-26,0.917432
2005-11-25,0.912976
2005-11-24,0.908721
2005-11-23,0.907562
2005-11-22,0.906938
2005-11-21,0.902979
2005-11-20,0.903338
2005-11-19,0.904209
2005-11-18,0.906479
2005-11-17,0.905864
2005-11-16,0.899818
2005-11-15,0.89833
2005-11-14,0.901481
2005-11-13,0.901138
2005-11-12,0.901354
2005-11-11,0.899748
2005-11-10,0.896179
2005-11-09,0.892163
2005-11-08,0.889522
2005-11-07,0.892818
2005-11-06,0.892818
2005-11-05,0.891093
2005-11-04,0.888882
2005-11-03,0.891004
2005-11-02,0.899253
2005-11-01,0.901354
2005-10-31,0.901521
2005-10-30,0.901476
2005-10-29,0.901088
2005-10-28,0.900416
2005-10-27,0.90064
2005-10-26,0.902285
2005-10-25,0.904683
2005-10-24,0.904082
2005-10-23,0.903694
2005-10-22,0.903714
2005-10-21,0.903426
2005-10-20,0.904361
2005-10-19,0.902526
2005-10-18,0.897682
2005-10-17,0.894848
2005-10-16,0.894985
2005-10-15,0.893514
2005-10-14,0.89398
2005-10-13,0.895646
2005-10-12,0.893833
2005-10-11,0.89361
2005-10-10,0.889716
2005-10-09,0.889365
2005-10-08,0.888089
2005-10-07,0.890488
2005-10-06,0.901008
2005-10-05,0.904414
2005-10-04,0.899582
2005-10-03,0.895736
2005-10-02,0.894769
2005-10-01,0.894646
2005-09-30,0.891213
2005-09-29,0.885529
2005-09-28,0.882926
2005-09-27,0.886528
2005-09-26,0.88984
2005-09-25,0.890049
2005-09-24,0.888447
2005-09-23,0.887337
2005-09-22,0.890699
2005-09-21,0.894955
2005-09-20,0.894955
2005-09-19,0.894964
2005-09-18,0.894281
2005-09-17,0.893736
2005-09-16,0.892827
2005-09-15,0.889362
2005-09-14,0.885668
2005-09-13,0.883595
2005-09-12,0.880827
2005-09-11,0.879746
2005-09-10,0.878303
2005-09-09,0.875993
2005-09-08,0.875443
2005-09-07,0.87587
2005-09-06,0.871675
2005-09-05,0.868759
2005-09-04,0.869931
2005-09-03,0.871013
2005-09-02,0.871757
2005-09-01,0.873193
2005-08-31,0.876241
2005-08-30,0.876897
2005-08-29,0.874194
2005-08-28,0.874762
2005-08-27,0.875672
2005-08-26,0.879269
2005-08-25,0.884411
2005-08-24,0.886207
2005-08-23,0.884309
2005-08-22,0.884715
2005-08-21,0.885021
2005-08-20,0.884827
2005-08-19,0.884662
2005-08-18,0.884165
2005-08-17,0.883966
2005-08-16,0.884096
2005-08-15,0.882736
2005-08-14,0.883123
2005-08-13,0.881968
2005-08-12,0.877729
2005-08-11,0.873874
2005-08-10,0.872313
2005-08-09,0.872829
2005-08-08,0.871863
2005-08-07,0.872348
2005-08-06,0.871112
2005-08-05,0.870266
2005-08-04,0.874253
2005-08-03,0.876764
2005-08-02,0.875859
2005-08-01,0.877726
2005-07-31,0.877281
2005-07-30,0.87741
2005-07-29,0.879304
2005-07-28,0.882758
2005-07-27,0.886229
2005-07-26,0.888029
2005-07-25,0.889721
2005-07-24,0.889288
2005-07-23,0.885552
2005-07-22,0.876068
2005-07-21,0.872654
2005-07-20,0.876456
2005-07-19,0.875358
2005-07-18,0.872627
2005-07-17,0.872165
2005-07-16,0.871782
2005-07-15,0.870327
2005-07-14,0.870025
2005-07-13,0.873043
2005-07-12,0.875186
2005-07-11,0.875491
2005-07-10,0.874625
2005-07-09,0.874085
2005-07-08,0.875008
2005-07-07,0.879426
2005-07-06,0.883471
2005-07-05,0.885777
2005-07-04,0.88527
2005-07-03,0.884227
2005-07-02,0.887209
2005-07-01,0.893826
2005-06-30,0.897325
2005-06-29,0.897609
2005-06-28,0.898848
2005-06-27,0.899271
2005-06-26,0.898527
2005-06-25,0.900393
2005-06-24,0.906593
2005-06-23,0.910364
2005-06-22,0.908935
2005-06-21,0.907235
2005-06-20,0.903602
2005-06-19,0.902623
2005-06-18,0.904718
2005-06-17,0.908604
2005-06-16,0.904964
2005-06-15,0.90056
2005-06-14,0.896338
2005-06-13,0.896073
2005-06-12,0.895383
2005-06-11,0.894413
2005-06-10,0.893086
2005-06-09,0.891664
2005-06-08,0.888059
2005-06-07,0.882095
2005-06-06,0.877448
2005-06-05,0.877728
2005-06-04,0.876542
2005-06-03,0.875846
2005-06-02,0.875852
2005-06-01,0.879629
2005-05-31,0.880943
2005-05-30,0.880061
2005-05-29,0.880073
2005-05-28,0.879039
2005-05-27,0.876333
2005-05-26,0.876334
2005-05-25,0.876622
2005-05-24,0.874625
2005-05-23,0.87478
2005-05-22,0.874037
2005-05-21,0.872384
2005-05-20,0.869837
2005-05-19,0.869293
2005-05-18,0.866275
2005-05-17,0.866429
2005-05-16,0.872425
2005-05-15,0.872869
2005-05-14,0.872328
2005-05-13,0.875921
2005-05-12,0.879746
2005-05-11,0.881185
2005-05-10,0.881185
2005-05-09,0.883652
2005-05-08,0.883179
2005-05-07,0.881402
2005-05-06,0.87626
2005-05-05,0.872856
2005-05-04,0.871178
2005-05-03,0.874118
2005-05-02,0.876166
2005-05-01,0.874896
2005-04-30,0.872012
2005-04-29,0.865489
2005-04-28,0.85904
2005-04-27,0.861338
2005-04-26,0.864175
2005-04-25,0.864175
2005-04-24,0.863538
2005-04-23,0.862981
2005-04-22,0.859331
2005-04-21,0.855976
2005-04-20,0.853415
2005-04-19,0.855205
2005-04-18,0.859555
2005-04-17,0.864939
2005-04-16,0.864939
2005-04-15,0.873103
2005-04-14,0.867563
2005-04-13,0.863204
2005-04-12,0.859763
2005-04-11,0.858185
2005-04-10,0.858197
2005-04-09,0.859162
2005-04-08,0.859254
2005-04-07,0.857113
2005-04-06,0.85521
2005-04-05,0.855
2005-04-04,0.853171
2005-04-03,0.852721
2005-04-02,0.852098
2005-04-01,0.850065
2005-03-31,0.849826
2005-03-30,0.852779
2005-03-29,0.854615
2005-03-28,0.856965
2005-03-27,0.856821
2005-03-26,0.856412
2005-03-25,0.857245
2005-03-24,0.862877
2005-03-23,0.867969
2005-03-22,0.866613
2005-03-21,0.866454
2005-03-20,0.86689
2005-03-19,0.864165
2005-03-18,0.858896
2005-03-17,0.859585
2005-03-16,0.859998
2005-03-15,0.853716
2005-03-14,0.850785
2005-03-13,0.851524
2005-03-12,0.851524
2005-03-11,0.85405
2005-03-10,0.857852
2005-03-09,0.861236
2005-03-08,0.862118
2005-03-07,0.857331
2005-03-06,0.856456
2005-03-05,0.857384
2005-03-04,0.856612
2005-03-03,0.850691
2005-03-02,0.846089
2005-03-01,0.842362
2005-02-28,0.838844
2005-02-27,0.839797
2005-02-26,0.841676
2005-02-25,0.842444
2005-02-24,0.841279
2005-02-23,0.848567
2005-02-22,0.857245
2005-02-21,0.856448
2005-02-20,0.855962
2005-02-19,0.853492
2005-02-18,0.848671
2005-02-17,0.849527
2005-02-16,0.854165
2005-02-15,0.859354
2005-02-14,0.863154
2005-02-13,0.861626
2005-02-12,0.861626
2005-02-11,0.857552
2005-02-10,0.85465
2005-02-09,0.854158
2005-02-08,0.857981
2005-02-07,0.860638
2005-02-06,0.860559
2005-02-05,0.857693
2005-02-04,0.852592
2005-02-03,0.849891
2005-02-02,0.846171
2005-02-01,0.844029
2005-01-31,0.843406
2005-01-30,0.843775
2005-01-29,0.845213
2005-01-28,0.847162
2005-01-27,0.846408
2005-01-26,0.846408
2005-01-25,0.845335
2005-01-24,0.845959
2005-01-23,0.846566
2005-01-22,0.843403
2005-01-21,0.836055
2005-01-20,0.829095
2005-01-19,0.823914
2005-01-18,0.824494
2005-01-17,0.825799
2005-01-16,0.825305
2005-01-15,0.825814
2005-01-14,0.825641
2005-01-13,0.825788
2005-01-12,0.823266
2005-01-11,0.820713
2005-01-10,0.821666
2005-01-09,0.822684
2005-01-08,0.821458
2005-01-07,0.818121
2005-01-06,0.818249
2005-01-05,0.819655
2005-01-04,0.819243
2005-01-03,0.819728
2005-01-02,0.818668
2005-01-01,0.816435
