Date,CURRFX.GBPUSD.1
2015-03-06,1.52758
2015-03-05,1.53443
2015-03-04,1.53801
2015-03-03,1.54117
2015-03-02,1.54594
2015-02-27,1.54932
2015-02-26,1.54729
2015-02-25,1.54288
2015-02-24,1.53992
2015-02-23,1.54137
2015-02-20,1.54201
2015-02-19,1.53795
2015-02-18,1.5376
2015-02-17,1.536
2015-02-16,1.536
2015-02-13,1.52809
2015-02-12,1.52504
2015-02-11,1.52358
2015-02-10,1.52388
2015-02-09,1.52409
2015-02-06,1.52187
2015-02-05,1.51404
2015-02-04,1.50619
2015-02-03,1.50583
2015-02-02,1.50854
2015-01-30,1.51412
2015-01-29,1.51596
2015-01-28,1.50883
2015-01-27,1.50138
2015-01-26,1.50393
2015-01-23,1.51284
2015-01-22,1.51317
2015-01-21,1.51322
2015-01-20,1.51437
2015-01-19,1.51704
2015-01-16,1.52047
2015-01-15,1.51765
2015-01-14,1.51321
2015-01-13,1.51321
2015-01-12,1.51321
2015-01-09,1.50998
2015-01-08,1.51603
2015-01-07,1.52384
2015-01-06,1.52926
2015-01-05,1.54195
2015-01-02,1.55758
2015-01-01,1.55586
2014-12-31,1.55408
2014-12-30,1.55546
2014-12-29,1.55582
2014-12-26,1.55509
2014-12-25,1.55431
2014-12-24,1.55833
2014-12-23,1.56265
2014-12-22,1.56237
2014-12-19,1.56488
2014-12-18,1.56988
2014-12-17,1.56892
2014-12-16,1.56984
2014-12-15,1.57109
2014-12-12,1.56965
2014-12-11,1.56742
2014-12-10,1.56341
2014-12-09,1.55917
2014-12-08,1.5618
2014-12-05,1.56738
2014-12-04,1.56745
2014-12-03,1.56877
2014-12-02,1.56651
2014-12-01,1.5692
2014-11-28,1.57576
2014-11-27,1.57212
2014-11-26,1.56836
2014-11-25,1.56646
2014-11-24,1.56654
2014-11-21,1.56674
2014-11-20,1.56459
2014-11-19,1.56559
2014-11-18,1.56674
2014-11-17,1.57004
2014-11-14,1.57982
2014-11-13,1.58701
2014-11-12,1.58708
2014-11-11,1.58803
2014-11-10,1.58976
2014-11-07,1.59493
2014-11-06,1.59796
2014-11-05,1.59885
2014-11-04,1.59867
2014-11-03,1.59966
2014-10-31,1.6044
2014-10-30,1.61238
2014-10-29,1.61236
2014-10-28,1.61017
2014-10-27,1.60704
2014-10-24,1.60521
2014-10-23,1.61089
2014-10-22,1.61422
2014-10-21,1.61109
2014-10-20,1.60626
2014-10-17,1.59782
2014-10-16,1.59506
2014-10-15,1.60319
2014-10-14,1.60841
2014-10-13,1.61093
2014-10-10,1.61341
2014-10-09,1.60804
2014-10-08,1.60437
2014-10-07,1.59846
2014-10-06,1.60438
2014-10-03,1.61826
2014-10-02,1.62102
2014-10-01,1.62331
2014-09-30,1.62439
2014-09-29,1.62759
2014-09-26,1.63389
2014-09-25,1.63779
2014-09-24,1.63625
2014-09-23,1.63209
2014-09-22,1.62991
2014-09-19,1.63082
2014-09-18,1.6269
2014-09-17,1.62326
2014-09-16,1.62533
2014-09-15,1.625
2014-09-12,1.61888
2014-09-11,1.6121
2014-09-10,1.61242
2014-09-09,1.62236
2014-09-08,1.6364
2014-09-05,1.6441
2014-09-04,1.64968
2014-09-03,1.65695
2014-09-02,1.66052
2014-09-01,1.65939
2014-08-29,1.6579
2014-08-28,1.65697
2014-08-27,1.65729
2014-08-26,1.65717
2014-08-25,1.65777
2014-08-22,1.66001
2014-08-21,1.6643
2014-08-20,1.66933
2014-08-19,1.67142
2014-08-18,1.669
2014-08-15,1.67137
2014-08-14,1.67687
2014-08-13,1.67848
2014-08-12,1.67805
2014-08-11,1.6802
2014-08-08,1.68497
2014-08-07,1.68609
2014-08-06,1.68546
2014-08-05,1.68297
2014-08-04,1.68518
2014-08-01,1.69094
2014-07-31,1.69425
2014-07-30,1.69707
2014-07-29,1.69808
2014-07-28,1.69915
2014-07-25,1.70296
2014-07-24,1.70595
2014-07-23,1.70729
2014-07-22,1.70833
2014-07-21,1.71002
2014-07-18,1.71257
2014-07-17,1.71287
2014-07-16,1.71123
2014-07-15,1.71087
2014-07-14,1.71237
2014-07-11,1.71338
2014-07-10,1.71283
2014-07-09,1.7131
2014-07-08,1.71468
2014-07-07,1.71572
2014-07-04,1.71531
2014-07-03,1.71447
2014-07-02,1.70996
2014-07-01,1.70468
2014-06-30,1.70248
2014-06-27,1.69942
2014-06-26,1.69884
2014-06-25,1.70115
2014-06-24,1.70185
2014-06-23,1.70145
2014-06-20,1.69949
2014-06-19,1.69627
2014-06-18,1.6973
2014-06-17,1.69758
2014-06-16,1.69149
2014-06-13,1.68007
2014-06-12,1.67773
2014-06-11,1.67934
2014-06-10,1.68039
2014-06-09,1.67882
2014-06-06,1.67558
2014-06-05,1.67417
2014-06-04,1.67496
2014-06-03,1.67515
2014-06-02,1.6741
2014-05-30,1.67354
2014-05-29,1.67896
2014-05-28,1.68363
2014-05-27,1.68377
2014-05-26,1.68516
2014-05-23,1.68742
2014-05-22,1.68506
2014-05-21,1.68255
2014-05-20,1.68211
2014-05-19,1.68002
2014-05-16,1.67864
2014-05-15,1.68273
2014-05-14,1.68595
2014-05-13,1.68635
2014-05-12,1.68905
2014-05-09,1.69597
2014-05-08,1.69562
2014-05-07,1.69088
2014-05-06,1.68721
2014-05-05,1.68787
2014-05-02,1.68686
2014-05-01,1.68323
2014-04-30,1.68179
2014-04-29,1.681
2014-04-28,1.67985
2014-04-25,1.67955
2014-04-24,1.68073
2014-04-23,1.68067
2014-04-22,1.67957
2014-04-21,1.67986
2014-04-18,1.67972
2014-04-17,1.67497
2014-04-16,1.67243
2014-04-15,1.67288
2014-04-14,1.6752
2014-04-11,1.67741
2014-04-10,1.67241
2014-04-09,1.6642
2014-04-08,1.65828
2014-04-07,1.65908
2014-04-04,1.66222
2014-04-03,1.6641
2014-04-02,1.66499
2014-04-01,1.66451
2014-03-31,1.66237
2014-03-28,1.65778
2014-03-27,1.65297
2014-03-26,1.64995
2014-03-25,1.65031
2014-03-24,1.65031
2014-03-21,1.65538
2014-03-20,1.66056
2014-03-19,1.66205
2014-03-18,1.66411
2014-03-17,1.66502
2014-03-14,1.66384
2014-03-13,1.66219
2014-03-12,1.66513
2014-03-11,1.66986
2014-03-10,1.67194
2014-03-07,1.67107
2014-03-06,1.66831
2014-03-05,1.66906
2014-03-04,1.67306
2014-03-03,1.67128
2014-02-28,1.66668
2014-02-27,1.66725
2014-02-26,1.66634
2014-02-25,1.66309
2014-02-24,1.66343
2014-02-21,1.66744
2014-02-20,1.66953
2014-02-19,1.6723
2014-02-18,1.67483
2014-02-17,1.67003
2014-02-14,1.65831
2014-02-13,1.64739
2014-02-12,1.6422
2014-02-11,1.64083
2014-02-10,1.63736
2014-02-07,1.63102
2014-02-06,1.63102
2014-02-05,1.63349
2014-02-04,1.64028
2014-02-03,1.6469
2014-01-31,1.65375
2014-01-30,1.65765
2014-01-29,1.6566
2014-01-28,1.65144
2014-01-27,1.65254
2014-01-24,1.65613
2014-01-23,1.64906
2014-01-22,1.64345
2014-01-21,1.64249
2014-01-20,1.63955
2014-01-17,1.63709
2014-01-16,1.64058
2014-01-15,1.64243
2014-01-14,1.64583
2014-01-13,1.6474
2014-01-10,1.64438
2014-01-09,1.64149
2014-01-08,1.6398
2014-01-07,1.64005
2014-01-06,1.64584
2014-01-03,1.65426
2014-01-02,1.65482
2014-01-01,1.65089
2013-12-31,1.64876
2013-12-30,1.6448
2013-12-27,1.6384
2013-12-26,1.63641
2013-12-25,1.63527
2013-12-24,1.63431
2013-12-23,1.63482
2013-12-20,1.63572
2013-12-19,1.63151
2013-12-18,1.6298
2013-12-17,1.63059
2013-12-16,1.63268
2013-12-13,1.63851
2013-12-12,1.64234
2013-12-11,1.64126
2013-12-10,1.63625
2013-12-09,1.63546
2013-12-06,1.63658
2013-12-05,1.63798
2013-12-04,1.63874
2013-12-03,1.63827
2013-12-02,1.63499
2013-11-29,1.62914
2013-11-28,1.62182
2013-11-27,1.61802
2013-11-26,1.62076
2013-11-25,1.61844
2013-11-22,1.612
2013-11-21,1.61221
2013-11-20,1.61096
2013-11-19,1.61167
2013-11-18,1.60908
2013-11-15,1.60085
2013-11-14,1.59394
2013-11-13,1.59635
2013-11-12,1.60069
2013-11-11,1.60386
2013-11-08,1.60754
2013-11-07,1.60518
2013-11-06,1.59826
2013-11-05,1.59378
2013-11-04,1.59652
2013-11-01,1.60403
2013-10-31,1.60647
2013-10-30,1.61184
2013-10-29,1.61702
2013-10-28,1.61733
2013-10-25,1.61855
2013-10-24,1.61804
2013-10-23,1.61619
2013-10-22,1.61622
2013-10-21,1.61263
2013-10-18,1.60256
2013-10-17,1.59778
2013-10-16,1.59768
2013-10-15,1.59735
2013-10-14,1.59534
2013-10-11,1.5972
2013-10-10,1.60381
2013-10-09,1.6076
2013-10-08,1.60403
2013-10-07,1.60794
2013-10-04,1.62036
2013-10-03,1.62073
2013-10-02,1.61956
2013-10-01,1.61545
2013-09-30,1.61074
2013-09-27,1.60441
2013-09-26,1.60212
2013-09-25,1.60208
2013-09-24,1.6023
2013-09-23,1.60397
2013-09-20,1.60445
2013-09-19,1.59352
2013-09-18,1.59154
2013-09-17,1.5913
2013-09-16,1.58519
2013-09-13,1.57972
2013-09-12,1.57444
2013-09-11,1.56938
2013-09-10,1.56548
2013-09-09,1.56251
2013-09-06,1.56038
2013-09-05,1.55783
2013-09-04,1.55534
2013-09-03,1.55335
2013-09-02,1.55079
2013-08-30,1.55166
2013-08-29,1.55291
2013-08-28,1.55566
2013-08-27,1.55717
2013-08-26,1.55785
2013-08-23,1.56252
2013-08-22,1.56687
2013-08-21,1.5653
2013-08-20,1.56359
2013-08-19,1.56008
2013-08-16,1.55268
2013-08-15,1.54691
2013-08-14,1.54685
2013-08-13,1.54914
2013-08-12,1.55052
2013-08-09,1.54727
2013-08-08,1.53819
2013-08-07,1.53422
2013-08-06,1.53069
2013-08-05,1.52452
2013-08-02,1.51831
2013-08-01,1.52448
2013-07-31,1.53299
2013-07-30,1.53775
2013-07-29,1.53628
2013-07-26,1.53378
2013-07-25,1.53562
2013-07-24,1.53432
2013-07-23,1.52957
2013-07-22,1.52409
2013-07-19,1.51899
2013-07-18,1.5145
2013-07-17,1.51026
2013-07-16,1.50999
2013-07-15,1.51116
2013-07-12,1.50341
2013-07-11,1.48982
2013-07-10,1.49032
2013-07-09,1.48986
2013-07-08,1.49929
2013-07-05,1.51952
2013-07-04,1.52038
2013-07-03,1.5202
2013-07-02,1.52164
2013-07-01,1.52432
2013-06-28,1.53255
2013-06-27,1.54006
2013-06-26,1.54203
2013-06-25,1.54035
2013-06-24,1.54365
2013-06-21,1.55262
2013-06-20,1.56407
2013-06-19,1.56837
2013-06-18,1.57108
2013-06-17,1.56973
2013-06-14,1.5673
2013-06-13,1.5632
2013-06-12,1.55656
2013-06-11,1.55468
2013-06-10,1.55225
2013-06-07,1.54215
2013-06-06,1.53327
2013-06-05,1.52884
2013-06-04,1.52374
2013-06-03,1.51866
2013-05-31,1.51319
2013-05-30,1.50761
2013-05-29,1.51001
2013-05-28,1.5123
2013-05-27,1.51023
2013-05-24,1.5082
2013-05-23,1.51449
2013-05-22,1.52025
2013-05-21,1.5192
2013-05-20,1.51967
2013-05-17,1.52371
2013-05-16,1.52438
2013-05-15,1.53061
2013-05-14,1.53492
2013-05-13,1.54275
2013-05-10,1.55188
2013-05-09,1.55118
2013-05-08,1.5536
2013-05-07,1.5566
2013-05-06,1.55653
2013-05-03,1.55525
2013-05-02,1.5535
2013-05-01,1.55061
2013-04-30,1.54957
2013-04-29,1.54368
2013-04-26,1.53277
2013-04-25,1.52567
2013-04-24,1.52541
2013-04-23,1.52384
2013-04-22,1.52435
2013-04-19,1.52752
2013-04-18,1.53048
2013-04-17,1.53171
2013-04-16,1.53309
2013-04-15,1.535
2013-04-12,1.53457
2013-04-11,1.53115
2013-04-10,1.52977
2013-04-09,1.53174
2013-04-08,1.52583
2013-04-05,1.51299
2013-04-04,1.51396
2013-04-03,1.51929
2013-04-02,1.52034
2013-04-01,1.51813
2013-03-29,1.51475
2013-03-28,1.5151
2013-03-27,1.51874
2013-03-26,1.52215
2013-03-25,1.51963
2013-03-22,1.51298
2013-03-21,1.51081
2013-03-20,1.51064
2013-03-19,1.51114
2013-03-18,1.50658
2013-03-15,1.49578
2013-03-14,1.49161
2013-03-13,1.49001
2013-03-12,1.49184
2013-03-11,1.49595
2013-03-08,1.5046
2013-03-07,1.51107
2013-03-06,1.51005
2013-03-05,1.5045
2013-03-04,1.50865
2013-03-01,1.51571
2013-02-28,1.51414
2013-02-27,1.51543
2013-02-26,1.51436
2013-02-25,1.51864
2013-02-22,1.52834
2013-02-21,1.54017
2013-02-20,1.54698
2013-02-19,1.54945
2013-02-18,1.55169
2013-02-15,1.55563
2013-02-14,1.56266
2013-02-13,1.56779
2013-02-12,1.57619
2013-02-11,1.5757
2013-02-08,1.56726
2013-02-07,1.56855
2013-02-06,1.57254
2013-02-05,1.571
2013-02-04,1.57408
2013-02-01,1.57997
2013-01-31,1.57511
2013-01-30,1.57265
2013-01-29,1.57601
2013-01-28,1.58061
2013-01-25,1.58271
2013-01-24,1.58448
2013-01-23,1.58523
2013-01-22,1.58637
2013-01-21,1.59198
2013-01-18,1.60133
2013-01-17,1.60479
2013-01-16,1.60858
2013-01-15,1.61167
2013-01-14,1.61039
2013-01-11,1.6049
2013-01-10,1.60578
2013-01-09,1.60774
2013-01-08,1.60659
2013-01-07,1.61193
2013-01-04,1.62342
2013-01-03,1.62704
2013-01-02,1.62221
2013-01-01,1.61775
2012-12-31,1.61524
2012-12-28,1.61357
2012-12-27,1.61327
2012-12-26,1.61431
2012-12-25,1.61645
2012-12-24,1.62043
2012-12-21,1.62653
2012-12-20,1.625
2012-12-19,1.62084
2012-12-18,1.61824
2012-12-17,1.61568
2012-12-14,1.61288
2012-12-13,1.61126
2012-12-12,1.60736
2012-12-11,1.60455
2012-12-10,1.60605
2012-12-07,1.60933
2012-12-06,1.60864
2012-12-05,1.60864
2012-12-04,1.60401
2012-12-03,1.60162
2012-11-30,1.60161
2012-11-29,1.60148
2012-11-28,1.6027
2012-11-27,1.60241
2012-11-26,1.6
2012-11-23,1.59415
2012-11-22,1.59201
2012-11-21,1.59108
2012-11-20,1.58954
2012-11-19,1.58685
2012-11-16,1.58582
2012-11-15,1.58738
2012-11-14,1.58823
2012-11-13,1.58932
2012-11-12,1.59253
2012-11-09,1.59839
2012-11-08,1.59913
2012-11-07,1.59889
2012-11-06,1.60074
2012-11-05,1.60652
2012-11-02,1.61234
2012-11-01,1.60834
2012-10-31,1.60578
2012-10-30,1.60767
2012-10-29,1.60976
2012-10-26,1.60526
2012-10-25,1.59866
2012-10-24,1.59996
2012-10-23,1.60157
2012-10-22,1.60515
2012-10-19,1.61337
2012-10-18,1.61245
2012-10-17,1.60804
2012-10-16,1.60634
2012-10-15,1.60542
2012-10-12,1.60153
2012-10-11,1.6009
2012-10-10,1.60394
2012-10-09,1.60957
2012-10-08,1.61318
2012-10-05,1.61182
2012-10-04,1.61218
2012-10-03,1.61425
2012-10-02,1.61483
2012-10-01,1.61788
2012-09-28,1.61906
2012-09-27,1.61951
2012-09-26,1.62229
2012-09-25,1.62196
2012-09-24,1.62189
2012-09-21,1.6214
2012-09-20,1.62375
2012-09-19,1.62397
2012-09-18,1.6227
2012-09-17,1.61787
2012-09-14,1.61071
2012-09-13,1.60675
2012-09-12,1.60162
2012-09-11,1.60036
2012-09-10,1.59752
2012-09-07,1.59018
2012-09-06,1.58831
2012-09-05,1.58823
2012-09-04,1.58731
2012-09-03,1.585
2012-08-31,1.58238
2012-08-30,1.58134
2012-08-29,1.57991
2012-08-28,1.58081
2012-08-27,1.58392
2012-08-24,1.58483
2012-08-23,1.57799
2012-08-22,1.57314
2012-08-21,1.56986
2012-08-20,1.56911
2012-08-17,1.56911
2012-08-16,1.56829
2012-08-15,1.56869
2012-08-14,1.5684
2012-08-13,1.56726
2012-08-10,1.56419
2012-08-09,1.56252
2012-08-08,1.56141
2012-08-07,1.56198
2012-08-06,1.56035
2012-08-03,1.55743
2012-08-02,1.56559
2012-08-01,1.57
2012-07-31,1.57242
2012-07-30,1.56861
2012-07-27,1.55439
2012-07-26,1.55049
2012-07-25,1.55293
2012-07-24,1.55774
2012-07-23,1.56455
2012-07-20,1.56655
2012-07-19,1.56382
2012-07-18,1.56162
2012-07-17,1.55805
2012-07-16,1.55367
2012-07-13,1.54901
2012-07-12,1.55257
2012-07-11,1.5509
2012-07-10,1.54941
2012-07-09,1.55183
2012-07-06,1.55955
2012-07-05,1.56613
2012-07-04,1.56861
2012-07-03,1.56879
2012-07-02,1.56484
2012-06-29,1.55709
2012-06-28,1.56048
2012-06-27,1.55906
2012-06-26,1.55755
2012-06-25,1.56181
2012-06-22,1.56911
2012-06-21,1.57128
2012-06-20,1.56889
2012-06-19,1.56953
2012-06-18,1.5642
2012-06-15,1.55338
2012-06-14,1.55415
2012-06-13,1.5523
2012-06-12,1.55107
2012-06-11,1.54887
2012-06-08,1.54856
2012-06-07,1.54168
2012-06-06,1.53724
2012-06-05,1.5369
2012-06-04,1.54031
2012-06-01,1.55078
2012-05-31,1.56124
2012-05-30,1.56761
2012-05-29,1.56822
2012-05-28,1.56728
2012-05-25,1.57003
2012-05-24,1.57557
2012-05-23,1.58051
2012-05-22,1.58173
2012-05-21,1.58411
2012-05-18,1.5901
2012-05-17,1.59912
2012-05-16,1.60676
2012-05-15,1.60747
2012-05-14,1.60976
2012-05-11,1.61386
2012-05-10,1.61417
2012-05-09,1.6158
2012-05-08,1.61516
2012-05-07,1.61632
2012-05-04,1.61934
2012-05-03,1.62129
2012-05-02,1.62369
2012-05-01,1.62627
2012-04-30,1.62313
2012-04-27,1.61638
2012-04-26,1.61352
2012-04-25,1.61259
2012-04-24,1.61165
2012-04-23,1.6093
2012-04-20,1.60114
2012-04-19,1.59487
2012-04-18,1.58909
2012-04-17,1.58493
2012-04-16,1.58829
2012-04-13,1.59214
2012-04-12,1.58863
2012-04-11,1.58762
2012-04-10,1.58743
2012-04-09,1.58695
2012-04-06,1.58724
2012-04-05,1.59289
2012-04-04,1.60072
2012-04-03,1.60168
2012-04-02,1.59722
2012-03-30,1.59097
2012-03-29,1.59371
2012-03-28,1.59393
2012-03-27,1.58836
2012-03-26,1.58582
2012-03-23,1.58492
2012-03-22,1.58672
2012-03-21,1.58651
2012-03-20,1.58527
2012-03-19,1.57805
2012-03-16,1.56783
2012-03-15,1.56822
2012-03-14,1.56615
2012-03-13,1.56621
2012-03-12,1.57123
2012-03-09,1.57586
2012-03-08,1.57596
2012-03-07,1.58166
2012-03-06,1.58356
2012-03-05,1.58743
2012-03-02,1.59324
2012-03-01,1.58981
2012-02-29,1.5853
2012-02-28,1.58645
2012-02-27,1.58029
2012-02-24,1.57061
2012-02-23,1.57679
2012-02-22,1.58377
2012-02-21,1.58503
2012-02-20,1.57852
2012-02-17,1.57029
2012-02-16,1.57057
2012-02-15,1.57412
2012-02-14,1.57769
2012-02-13,1.5784
2012-02-10,1.5849
2012-02-09,1.58605
2012-02-08,1.58145
2012-02-07,1.57959
2012-02-06,1.58187
2012-02-03,1.58145
2012-02-02,1.57718
2012-02-01,1.57276
2012-01-31,1.57077
2012-01-30,1.57083
2012-01-27,1.56512
2012-01-26,1.55907
2012-01-25,1.55666
2012-01-24,1.55628
2012-01-23,1.55259
2012-01-20,1.54168
2012-01-19,1.53634
2012-01-18,1.5338
2012-01-17,1.53118
2012-01-16,1.53201
2012-01-13,1.53614
2012-01-12,1.54401
2012-01-11,1.54559
2012-01-10,1.54283
2012-01-09,1.54745
2012-01-06,1.55854
2012-01-05,1.5611
2012-01-04,1.55494
2012-01-03,1.55176
2012-01-02,1.54986
2011-12-30,1.54975
2011-12-29,1.56244
2011-12-28,1.56348
2011-12-27,1.5607
2011-12-26,1.5621
2011-12-23,1.56808
2011-12-22,1.56486
2011-12-21,1.55554
2011-12-20,1.55218
2011-12-19,1.55202
2011-12-16,1.54825
2011-12-15,1.55173
2011-12-14,1.55929
2011-12-13,1.56352
2011-12-12,1.56769
2011-12-09,1.56699
2011-12-08,1.563
2011-12-07,1.56269
2011-12-06,1.56213
2011-12-05,1.56343
2011-12-02,1.56737
2011-12-01,1.56039
2011-11-30,1.55447
2011-11-29,1.5492
2011-11-28,1.54755
2011-11-25,1.55473
2011-11-24,1.56051
2011-11-23,1.56682
2011-11-22,1.57418
2011-11-21,1.57817
2011-11-18,1.57594
2011-11-17,1.58146
2011-11-16,1.59188
2011-11-15,1.60222
2011-11-14,1.60137
2011-11-11,1.59626
2011-11-10,1.60424
2011-11-09,1.60525
2011-11-08,1.60301
2011-11-07,1.60021
2011-11-04,1.5964
2011-11-03,1.59865
2011-11-02,1.60231
2011-11-01,1.60867
2011-10-31,1.60897
2011-10-28,1.60124
2011-10-27,1.59914
2011-10-26,1.59816
2011-10-25,1.59548
2011-10-24,1.58734
2011-10-21,1.57579
2011-10-20,1.57542
2011-10-19,1.57576
2011-10-18,1.58019
2011-10-17,1.57889
2011-10-14,1.57088
2011-10-13,1.56516
2011-10-12,1.55985
2011-10-11,1.55985
2011-10-10,1.55074
2011-10-07,1.54319
2011-10-06,1.54359
2011-10-05,1.5456
2011-10-04,1.55414
2011-10-03,1.55983
2011-09-30,1.56285
2011-09-29,1.56193
2011-09-28,1.55584
2011-09-27,1.54811
2011-09-26,1.54472
2011-09-23,1.55184
2011-09-22,1.56807
2011-09-21,1.57002
2011-09-20,1.57351
2011-09-19,1.57874
2011-09-16,1.57823
2011-09-15,1.57914
2011-09-14,1.58312
2011-09-13,1.58539
2011-09-12,1.59172
2011-09-09,1.59764
2011-09-08,1.60033
2011-09-07,1.60844
2011-09-06,1.61677
2011-09-05,1.62138
2011-09-02,1.62451
2011-09-01,1.6315
2011-08-31,1.63646
2011-08-30,1.63789
2011-08-29,1.63598
2011-08-26,1.63911
2011-08-25,1.64738
2011-08-24,1.64922
2011-08-23,1.6475
2011-08-22,1.64806
2011-08-19,1.64975
2011-08-18,1.64461
2011-08-17,1.63664
2011-08-16,1.63063
2011-08-15,1.62371
2011-08-12,1.61993
2011-08-11,1.6265
2011-08-10,1.63368
2011-08-09,1.63799
2011-08-08,1.63799
2011-08-05,1.63493
2011-08-04,1.63252
2011-08-03,1.63275
2011-08-02,1.63997
2011-08-01,1.63923
2011-07-29,1.63537
2011-07-28,1.63787
2011-07-27,1.63358
2011-07-26,1.62984
2011-07-25,1.62678
2011-07-22,1.61769
2011-07-21,1.6119
2011-07-20,1.60942
2011-07-19,1.61015
2011-07-18,1.61361
2011-07-15,1.60794
2011-07-14,1.59486
2011-07-13,1.59135
2011-07-12,1.6001
2011-07-11,1.6027
2011-07-08,1.60022
2011-07-07,1.60458
2011-07-06,1.60779
2011-07-05,1.60805
2011-07-04,1.60665
2011-07-01,1.6044
2011-06-30,1.60036
2011-06-29,1.59717
2011-06-28,1.59794
2011-06-27,1.59794
2011-06-24,1.60712
2011-06-23,1.6187
2011-06-22,1.61995
2011-06-21,1.61771
2011-06-20,1.61773
2011-06-17,1.62047
2011-06-16,1.6335
2011-06-15,1.63476
2011-06-14,1.62579
2011-06-13,1.62907
2011-06-10,1.64016
2011-06-09,1.64016
2011-06-08,1.64029
2011-06-07,1.64134
2011-06-06,1.6394
2011-06-03,1.63782
2011-06-02,1.64508
2011-06-01,1.64862
2011-05-31,1.64875
2011-05-30,1.64423
2011-05-27,1.62819
2011-05-26,1.61843
2011-05-25,1.61476
2011-05-24,1.61863
2011-05-23,1.621
2011-05-20,1.61884
2011-05-19,1.62121
2011-05-18,1.62137
2011-05-17,1.61974
2011-05-16,1.62455
2011-05-13,1.63486
2011-05-12,1.6386
2011-05-11,1.63692
2011-05-10,1.64099
2011-05-09,1.64099
2011-05-06,1.64842
2011-05-05,1.65215
2011-05-04,1.66019
2011-05-03,1.66939
2011-05-02,1.66933
2011-04-29,1.66153
2011-04-28,1.65107
2011-04-27,1.64899
2011-04-26,1.65096
2011-04-25,1.65039
2011-04-22,1.6445
2011-04-21,1.63351
2011-04-20,1.62796
2011-04-19,1.62948
2011-04-18,1.63235
2011-04-15,1.62992
2011-04-14,1.62766
2011-04-13,1.63166
2011-04-12,1.63703
2011-04-11,1.63549
2011-04-08,1.63144
2011-04-07,1.62697
2011-04-06,1.6172
2011-04-05,1.61263
2011-04-04,1.61012
2011-04-01,1.60646
2011-03-31,1.60179
2011-03-30,1.59976
2011-03-29,1.60149
2011-03-28,1.60975
2011-03-25,1.62389
2011-03-24,1.63255
2011-03-23,1.63119
2011-03-22,1.62464
2011-03-21,1.61773
2011-03-18,1.60708
2011-03-17,1.60747
2011-03-16,1.60981
2011-03-15,1.60959
2011-03-14,1.61061
2011-03-11,1.61569
2011-03-10,1.61794
2011-03-09,1.62095
2011-03-08,1.62615
2011-03-07,1.62803
2011-03-04,1.62905
2011-03-03,1.62784
2011-03-02,1.62356
2011-03-01,1.615
2011-02-28,1.61413
2011-02-25,1.61923
2011-02-24,1.61863
2011-02-23,1.61921
2011-02-22,1.62405
2011-02-21,1.62057
2011-02-18,1.61183
2011-02-17,1.6099
2011-02-16,1.60618
2011-02-15,1.60189
2011-02-14,1.60363
2011-02-11,1.60817
2011-02-10,1.60892
2011-02-09,1.61136
2011-02-08,1.6116
2011-02-07,1.61392
2011-02-04,1.6181
2011-02-03,1.61378
2011-02-02,1.60157
2011-02-01,1.5885
2011-01-31,1.58798
2011-01-28,1.58912
2011-01-27,1.58604
2011-01-26,1.59234
2011-01-25,1.59828
2011-01-24,1.59772
2011-01-21,1.59626
2011-01-20,1.59791
2011-01-19,1.59293
2011-01-18,1.58746
2011-01-17,1.58359
2011-01-14,1.57333
2011-01-13,1.56238
2011-01-12,1.5561
2011-01-11,1.55427
2011-01-10,1.5527
2011-01-07,1.55206
2011-01-06,1.55488
2011-01-05,1.55341
2011-01-04,1.55524
2011-01-03,1.55531
2010-12-31,1.54483
2010-12-30,1.54195
2010-12-29,1.54292
2010-12-28,1.54266
2010-12-27,1.54262
2010-12-24,1.54209
2010-12-23,1.54678
2010-12-22,1.55128
2010-12-21,1.55272
2010-12-20,1.55526
2010-12-17,1.56231
2010-12-16,1.57488
2010-12-15,1.58231
2010-12-14,1.57989
2010-12-13,1.5797
2010-12-10,1.57761
2010-12-09,1.57587
2010-12-08,1.57465
2010-12-07,1.57406
2010-12-06,1.57082
2010-12-03,1.55967
2010-12-02,1.55747
2010-12-01,1.55637
2010-11-30,1.55873
2010-11-29,1.56546
2010-11-26,1.57751
2010-11-25,1.58352
2010-11-24,1.59357
2010-11-23,1.5988
2010-11-22,1.59717
2010-11-19,1.5934
2010-11-18,1.59334
2010-11-17,1.60358
2010-11-16,1.61035
2010-11-15,1.61218
2010-11-12,1.60946
2010-11-11,1.60648
2010-11-10,1.61254
2010-11-09,1.6159
2010-11-08,1.61829
2010-11-05,1.61382
2010-11-04,1.60558
2010-11-03,1.60406
2010-11-02,1.6046
2010-11-01,1.59773
2010-10-29,1.58487
2010-10-28,1.58098
2010-10-27,1.57946
2010-10-26,1.57174
2010-10-25,1.57068
2010-10-22,1.57646
2010-10-21,1.57754
2010-10-20,1.58233
2010-10-19,1.59346
2010-10-18,1.59959
2010-10-15,1.59489
2010-10-14,1.58478
2010-10-13,1.58643
2010-10-12,1.59342
2010-10-11,1.59407
2010-10-08,1.59034
2010-10-07,1.5885
2010-10-06,1.58522
2010-10-05,1.58195
2010-10-04,1.581
2010-10-01,1.58022
2010-09-30,1.58088
2010-09-29,1.58207
2010-09-28,1.58308
2010-09-27,1.57697
2010-09-24,1.56742
2010-09-23,1.56241
2010-09-22,1.55725
2010-09-21,1.56093
2010-09-20,1.56247
2010-09-17,1.55915
2010-09-16,1.55217
2010-09-15,1.54489
2010-09-14,1.54056
2010-09-13,1.5389
2010-09-10,1.54379
2010-09-09,1.54129
2010-09-08,1.5375
2010-09-07,1.54263
2010-09-06,1.54302
2010-09-03,1.54072
2010-09-02,1.54104
2010-09-01,1.54333
2010-08-31,1.55186
2010-08-30,1.55342
2010-08-27,1.55047
2010-08-26,1.54308
2010-08-25,1.54716
2010-08-24,1.55416
2010-08-23,1.556
2010-08-20,1.56019
2010-08-19,1.56087
2010-08-18,1.56252
2010-08-17,1.56162
2010-08-16,1.56019
2010-08-13,1.56523
2010-08-12,1.57423
2010-08-11,1.58437
2010-08-10,1.59202
2010-08-09,1.59202
2010-08-06,1.58898
2010-08-05,1.59173
2010-08-04,1.58887
2010-08-03,1.57772
2010-08-02,1.56636
2010-07-30,1.56112
2010-07-29,1.55697
2010-07-28,1.55112
2010-07-27,1.54611
2010-07-26,1.53574
2010-07-23,1.52415
2010-07-22,1.52399
2010-07-21,1.52529
2010-07-20,1.52778
2010-07-19,1.53182
2010-07-16,1.5311
2010-07-15,1.51943
2010-07-14,1.507
2010-07-13,1.50351
2010-07-12,1.50997
2010-07-09,1.51555
2010-07-08,1.51603
2010-07-07,1.51609
2010-07-06,1.51602
2010-07-05,1.51296
2010-07-02,1.50151
2010-07-01,1.50243
2010-06-30,1.50702
2010-06-29,1.50677
2010-06-28,1.50233
2010-06-25,1.49389
2010-06-24,1.48523
2010-06-23,1.47982
2010-06-22,1.48313
2010-06-21,1.48056
2010-06-18,1.47835
2010-06-17,1.47901
2010-06-16,1.47507
2010-06-15,1.46528
2010-06-14,1.45839
2010-06-11,1.45854
2010-06-10,1.44812
2010-06-09,1.44461
2010-06-08,1.44631
2010-06-07,1.45324
2010-06-04,1.46585
2010-06-03,1.46306
2010-06-02,1.45534
2010-06-01,1.44865
2010-05-31,1.44733
2010-05-28,1.44709
2010-05-27,1.43729
2010-05-26,1.43714
2010-05-25,1.44506
2010-05-24,1.44327
2010-05-21,1.43469
2010-05-20,1.43707
2010-05-19,1.44276
2010-05-18,1.44644
2010-05-17,1.46101
2010-05-14,1.48007
2010-05-13,1.48824
2010-05-12,1.48881
2010-05-11,1.48758
2010-05-10,1.48745
2010-05-07,1.50417
2010-05-06,1.51474
2010-05-05,1.52071
2010-05-04,1.52599
2010-05-03,1.52698
2010-04-30,1.52347
2010-04-29,1.5259
2010-04-28,1.53829
2010-04-27,1.54282
2010-04-26,1.53862
2010-04-23,1.53986
2010-04-22,1.53842
2010-04-21,1.53236
2010-04-20,1.53024
2010-04-19,1.54008
2010-04-16,1.54613
2010-04-15,1.54213
2010-04-14,1.53912
2010-04-13,1.53962
2010-04-12,1.5316
2010-04-09,1.52271
2010-04-08,1.5222
2010-04-07,1.52302
2010-04-06,1.52445
2010-04-05,1.52252
2010-04-02,1.52125
2010-04-01,1.5119
2010-03-31,1.50365
2010-03-30,1.49494
2010-03-29,1.48993
2010-03-26,1.49051
2010-03-25,1.49708
2010-03-24,1.50344
2010-03-23,1.50224
2010-03-22,1.51148
2010-03-19,1.52841
2010-03-18,1.52413
2010-03-17,1.51166
2010-03-16,1.5125
2010-03-15,1.51323
2010-03-12,1.4992
2010-03-11,1.49592
2010-03-10,1.50372
2010-03-09,1.51273
2010-03-08,1.51075
2010-03-05,1.50149
2010-03-04,1.50149
2010-03-03,1.49695
2010-03-02,1.51004
2010-03-01,1.52522
2010-02-26,1.53362
2010-02-25,1.54407
2010-02-24,1.5466
2010-02-23,1.54755
2010-02-22,1.5528
2010-02-19,1.56621
2010-02-18,1.57325
2010-02-17,1.56979
2010-02-16,1.56784
2010-02-15,1.5672
2010-02-12,1.56408
2010-02-11,1.56462
2010-02-10,1.56139
2010-02-09,1.56252
2010-02-08,1.57313
2010-02-05,1.59004
2010-02-04,1.59656
2010-02-03,1.59452
2010-02-02,1.59523
2010-02-01,1.6067
2010-01-29,1.61825
2010-01-28,1.61745
2010-01-27,1.61759
2010-01-26,1.61371
2010-01-25,1.61559
2010-01-22,1.62564
2010-01-21,1.63308
2010-01-20,1.63553
2010-01-19,1.62932
2010-01-18,1.62743
2010-01-15,1.62676
2010-01-14,1.61875
2010-01-13,1.61212
2010-01-12,1.60811
2010-01-11,1.60037
2010-01-08,1.59747
2010-01-07,1.60183
2010-01-06,1.60839
2010-01-05,1.61402
2010-01-04,1.61452
2010-01-01,1.60534
2009-12-31,1.59505
2009-12-30,1.5983
2009-12-29,1.59677
2009-12-28,1.5962
2009-12-25,1.5967
2009-12-24,1.5982
2009-12-23,1.60588
2009-12-22,1.61308
2009-12-21,1.61765
2009-12-18,1.62434
2009-12-17,1.62896
2009-12-16,1.62646
2009-12-15,1.62561
2009-12-14,1.62656
2009-12-11,1.62683
2009-12-10,1.62988
2009-12-09,1.639
2009-12-08,1.64446
2009-12-07,1.65323
2009-12-04,1.66349
2009-12-03,1.65892
2009-12-02,1.65122
2009-12-01,1.65035
2009-11-30,1.65418
2009-11-27,1.66198
2009-11-26,1.6622
2009-11-25,1.65697
2009-11-24,1.65475
2009-11-23,1.65679
2009-11-20,1.67227
2009-11-19,1.67987
2009-11-18,1.67834
2009-11-17,1.67148
2009-11-16,1.66344
2009-11-13,1.66091
2009-11-12,1.66921
2009-11-11,1.67184
2009-11-10,1.66871
2009-11-09,1.65931
2009-11-06,1.65265
2009-11-05,1.64408
2009-11-04,1.63785
2009-11-03,1.64184
2009-11-02,1.64473
2009-10-30,1.64223
2009-10-29,1.63622
2009-10-28,1.63345
2009-10-27,1.63082
2009-10-26,1.64069
2009-10-23,1.65564
2009-10-22,1.64619
2009-10-21,1.63752
2009-10-20,1.63404
2009-10-19,1.62757
2009-10-16,1.60796
2009-10-15,1.59042
2009-10-14,1.58252
2009-10-13,1.58252
2009-10-12,1.59196
2009-10-09,1.59873
2009-10-08,1.59202
2009-10-07,1.59477
2009-10-06,1.59519
2009-10-05,1.59559
2009-10-02,1.59906
2009-10-01,1.59803
2009-09-30,1.58997
2009-09-29,1.58956
2009-09-28,1.60595
2009-09-25,1.62892
2009-09-24,1.6359
2009-09-23,1.62597
2009-09-22,1.6229
2009-09-21,1.63579
2009-09-18,1.6494
2009-09-17,1.65085
2009-09-16,1.65627
2009-09-15,1.66177
2009-09-14,1.66316
2009-09-11,1.65586
2009-09-10,1.64962
2009-09-09,1.64256
2009-09-08,1.63896
2009-09-07,1.63639
2009-09-04,1.62693
2009-09-03,1.62148
2009-09-02,1.62468
2009-09-01,1.62561
2009-08-31,1.625
2009-08-28,1.62433
2009-08-27,1.63225
2009-08-26,1.64195
2009-08-25,1.64899
2009-08-24,1.65132
2009-08-21,1.65115
2009-08-20,1.64761
2009-08-19,1.64177
2009-08-18,1.64423
2009-08-17,1.6545
2009-08-14,1.65282
2009-08-13,1.64836
2009-08-12,1.65293
2009-08-11,1.66375
2009-08-10,1.6775
2009-08-07,1.69331
2009-08-06,1.69582
2009-08-05,1.68947
2009-08-04,1.67772
2009-08-03,1.66222
2009-07-31,1.64323
2009-07-30,1.64323
2009-07-29,1.64751
2009-07-28,1.64549
2009-07-27,1.64563
2009-07-24,1.64673
2009-07-23,1.64342
2009-07-22,1.64653
2009-07-21,1.64107
2009-07-20,1.6363
2009-07-17,1.6401
2009-07-16,1.63382
2009-07-15,1.62487
2009-07-14,1.62037
2009-07-13,1.61997
2009-07-10,1.6141
2009-07-09,1.61268
2009-07-08,1.622
2009-07-07,1.62687
2009-07-06,1.6366
2009-07-03,1.64338
2009-07-02,1.65028
2009-07-01,1.65484
2009-06-30,1.65201
2009-06-29,1.64655
2009-06-26,1.64149
2009-06-25,1.64256
2009-06-24,1.63683
2009-06-23,1.64541
2009-06-22,1.64388
2009-06-19,1.63514
2009-06-18,1.6358
2009-06-17,1.63599
2009-06-16,1.63887
2009-06-15,1.64473
2009-06-12,1.64139
2009-06-11,1.62721
2009-06-10,1.60703
2009-06-09,1.59581
2009-06-08,1.6093
2009-06-05,1.6368
2009-06-04,1.65012
2009-06-03,1.64152
2009-06-02,1.62771
2009-06-01,1.61009
2009-05-29,1.59604
2009-05-28,1.59524
2009-05-27,1.5892
2009-05-26,1.59097
2009-05-25,1.58614
2009-05-22,1.5679
2009-05-21,1.55013
2009-05-20,1.53492
2009-05-19,1.521
2009-05-18,1.51677
2009-05-15,1.51789
2009-05-14,1.52167
2009-05-13,1.51865
2009-05-12,1.51891
2009-05-11,1.51699
2009-05-08,1.5065
2009-05-07,1.50571
2009-05-06,1.50079
2009-05-05,1.49318
2009-05-04,1.48838
2009-05-01,1.47747
2009-04-30,1.4676
2009-04-29,1.46072
2009-04-28,1.46393
2009-04-27,1.4632
2009-04-24,1.45632
2009-04-23,1.45844
2009-04-22,1.46054
2009-04-21,1.47096
2009-04-20,1.48544
2009-04-17,1.49432
2009-04-16,1.49077
2009-04-15,1.48188
2009-04-14,1.47013
2009-04-13,1.46789
2009-04-10,1.46891
2009-04-09,1.46972
2009-04-08,1.47608
2009-04-07,1.48519
2009-04-06,1.47422
2009-04-03,1.44995
2009-04-02,1.43389
2009-04-01,1.42724
2009-03-31,1.42485
2009-03-30,1.44054
2009-03-27,1.45814
2009-03-26,1.46473
2009-03-25,1.46162
2009-03-24,1.45047
2009-03-23,1.44201
2009-03-20,1.42256
2009-03-19,1.40308
2009-03-18,1.406
2009-03-17,1.40414
2009-03-16,1.39432
2009-03-13,1.38087
2009-03-12,1.3785
2009-03-11,1.38815
2009-03-10,1.40276
2009-03-09,1.41114
2009-03-06,1.41169
2009-03-05,1.40706
2009-03-04,1.41023
2009-03-03,1.42187
2009-03-02,1.42976
2009-02-27,1.43278
2009-02-26,1.44573
2009-02-25,1.44728
2009-02-24,1.44728
2009-02-23,1.4382
2009-02-20,1.42765
2009-02-19,1.42296
2009-02-18,1.4238
2009-02-17,1.42796
2009-02-16,1.43243
2009-02-13,1.43467
2009-02-12,1.45594
2009-02-11,1.47979
2009-02-10,1.48197
2009-02-09,1.46922
2009-02-06,1.4486
2009-02-05,1.43699
2009-02-04,1.42792
2009-02-03,1.43846
2009-02-02,1.44279
2009-01-30,1.42372
2009-01-29,1.41883
2009-01-28,1.39703
2009-01-27,1.37783
2009-01-26,1.38303
2009-01-23,1.38585
2009-01-22,1.39546
2009-01-21,1.43402
2009-01-20,1.47134
2009-01-19,1.46923
2009-01-16,1.459
2009-01-15,1.46054
2009-01-14,1.47983
2009-01-13,1.50558
2009-01-12,1.51482
2009-01-09,1.50712
2009-01-08,1.48725
2009-01-07,1.4637
2009-01-06,1.45425
2009-01-05,1.45755
2009-01-02,1.45732
2009-01-01,1.44894
2008-12-31,1.45379
2008-12-30,1.46175
2008-12-29,1.46326
2008-12-26,1.47416
2008-12-25,1.47683
2008-12-24,1.48339
2008-12-23,1.49006
2008-12-22,1.51181
2008-12-19,1.54493
2008-12-18,1.54404
2008-12-17,1.52142
2008-12-16,1.50147
2008-12-15,1.49108
2008-12-12,1.4863
2008-12-11,1.48014
2008-12-10,1.48174
2008-12-09,1.47741
2008-12-08,1.46986
2008-12-05,1.47482
2008-12-04,1.48542
2008-12-03,1.50005
2008-12-02,1.52377
2008-12-01,1.53767
2008-11-28,1.53802
2008-11-27,1.52911
2008-11-26,1.51062
2008-11-25,1.49576
2008-11-24,1.49151
2008-11-21,1.49367
2008-11-20,1.50015
2008-11-19,1.49337
2008-11-18,1.47979
2008-11-17,1.47886
2008-11-14,1.50217
2008-11-13,1.53991
2008-11-12,1.56395
2008-11-11,1.57199
2008-11-10,1.57335
2008-11-07,1.58976
2008-11-06,1.59052
2008-11-05,1.59461
2008-11-04,1.61018
2008-11-03,1.62347
2008-10-31,1.63439
2008-10-30,1.59128
2008-10-29,1.56078
2008-10-28,1.57236
2008-10-27,1.60137
2008-10-24,1.62893
2008-10-23,1.66449
2008-10-22,1.71637
2008-10-21,1.73046
2008-10-20,1.72736
2008-10-17,1.73252
2008-10-16,1.74616
2008-10-15,1.73791
2008-10-14,1.71442
2008-10-13,1.71308
2008-10-10,1.73367
2008-10-09,1.74642
2008-10-08,1.75122
2008-10-07,1.76155
2008-10-06,1.76952
2008-10-03,1.77114
2008-10-02,1.78677
2008-10-01,1.80547
2008-09-30,1.82693
2008-09-29,1.84693
2008-09-26,1.8523
2008-09-25,1.8547
2008-09-24,1.85004
2008-09-23,1.83687
2008-09-22,1.82678
2008-09-19,1.80832
2008-09-18,1.79261
2008-09-17,1.79261
2008-09-16,1.79589
2008-09-15,1.77706
2008-09-12,1.7546
2008-09-11,1.76536
2008-09-10,1.76536
2008-09-09,1.77091
2008-09-08,1.77003
2008-09-05,1.77646
2008-09-04,1.78097
2008-09-03,1.79415
2008-09-02,1.81128
2008-09-01,1.82553
2008-08-29,1.83702
2008-08-28,1.84167
2008-08-27,1.84494
2008-08-26,1.85056
2008-08-25,1.85846
2008-08-22,1.86578
2008-08-21,1.86262
2008-08-20,1.86419
2008-08-19,1.86658
2008-08-18,1.86724
2008-08-15,1.87561
2008-08-14,1.89349
2008-08-13,1.90888
2008-08-12,1.9187
2008-08-11,1.93075
2008-08-08,1.94988
2008-08-07,1.95503
2008-08-06,1.96236
2008-08-05,1.97204
2008-08-04,1.97746
2008-08-01,1.98119
2008-07-31,1.98403
2008-07-30,1.98965
2008-07-29,1.99053
2008-07-28,1.99145
2008-07-25,1.99278
2008-07-24,1.99723
2008-07-23,1.99861
2008-07-22,1.99679
2008-07-21,1.99943
2008-07-18,2.00142
2008-07-17,2.00235
2008-07-16,1.99683
2008-07-15,1.98838
2008-07-14,1.98514
2008-07-11,1.97638
2008-07-10,1.97328
2008-07-09,1.97417
2008-07-08,1.97767
2008-07-07,1.98448
2008-07-04,1.9897
2008-07-03,1.99312
2008-07-02,1.99367
2008-07-01,1.99389
2008-06-30,1.98919
2008-06-27,1.97596
2008-06-26,1.96916
2008-06-25,1.9673
2008-06-24,1.9712
2008-06-23,1.97205
2008-06-20,1.96144
2008-06-19,1.9568
2008-06-18,1.95859
2008-06-17,1.95299
2008-06-16,1.94966
2008-06-13,1.95512
2008-06-12,1.95962
2008-06-11,1.96679
2008-06-10,1.97177
2008-06-09,1.96365
2008-06-06,1.95493
2008-06-05,1.96099
2008-06-04,1.96634
2008-06-03,1.97382
2008-06-02,1.97991
2008-05-30,1.97686
2008-05-29,1.97772
2008-05-28,1.97924
2008-05-27,1.98026
2008-05-26,1.97828
2008-05-23,1.97265
2008-05-22,1.96374
2008-05-21,1.95711
2008-05-20,1.95532
2008-05-19,1.95246
2008-05-16,1.94503
2008-05-15,1.94655
2008-05-14,1.9521
2008-05-13,1.95396
2008-05-12,1.95405
2008-05-09,1.95719
2008-05-08,1.96636
2008-05-07,1.97259
2008-05-06,1.97214
2008-05-05,1.97594
2008-05-02,1.97896
2008-05-01,1.97543
2008-04-30,1.98357
2008-04-29,1.98624
2008-04-28,1.98214
2008-04-25,1.98145
2008-04-24,1.98811
2008-04-23,1.9878
2008-04-22,1.99358
2008-04-21,1.99049
2008-04-18,1.97454
2008-04-17,1.96913
2008-04-16,1.97142
2008-04-15,1.97257
2008-04-14,1.97206
2008-04-11,1.97414
2008-04-10,1.97371
2008-04-09,1.98281
2008-04-08,1.98996
2008-04-07,1.9912
2008-04-04,1.98512
2008-04-03,1.98056
2008-04-02,1.9838
2008-04-01,1.99165
2008-03-31,1.99978
2008-03-28,2.00642
2008-03-27,1.99903
2008-03-26,1.98817
2008-03-25,1.98132
2008-03-24,1.98161
2008-03-21,1.98971
2008-03-20,2.00406
2008-03-19,2.00936
2008-03-18,2.01446
2008-03-17,2.02351
2008-03-14,2.02467
2008-03-13,2.01199
2008-03-12,2.01183
2008-03-11,2.01561
2008-03-10,2.00754
2008-03-07,1.99228
2008-03-06,1.98485
2008-03-05,1.98532
2008-03-04,1.9867
2008-03-03,1.98736
2008-02-29,1.98556
2008-02-28,1.98131
2008-02-27,1.96904
2008-02-26,1.96681
2008-02-25,1.96028
2008-02-22,1.94839
2008-02-21,1.94733
2008-02-20,1.95216
2008-02-19,1.95713
2008-02-18,1.963
2008-02-15,1.96448
2008-02-14,1.95763
2008-02-13,1.95114
2008-02-12,1.9467
2008-02-11,1.94877
2008-02-08,1.95699
2008-02-07,1.96487
2008-02-06,1.97044
2008-02-05,1.96876
2008-02-04,1.97341
2008-02-01,1.98878
2008-01-31,1.98847
2008-01-30,1.9844
2008-01-29,1.98229
2008-01-28,1.9744
2008-01-25,1.95849
2008-01-24,1.95316
2008-01-23,1.94875
2008-01-22,1.95235
2008-01-21,1.9597
2008-01-18,1.96481
2008-01-17,1.96136
2008-01-16,1.96077
2008-01-15,1.95884
2008-01-14,1.95752
2008-01-11,1.96139
2008-01-10,1.9695
2008-01-09,1.97268
2008-01-08,1.97254
2008-01-07,1.97574
2008-01-04,1.98045
2008-01-03,1.98439
2008-01-02,1.98933
2008-01-01,1.99674
2007-12-31,1.99371
2007-12-28,1.98538
2007-12-27,1.97918
2007-12-26,1.9784
2007-12-25,1.98199
2007-12-24,1.98661
2007-12-21,1.99821
2007-12-20,2.01245
2007-12-19,2.01756
2007-12-18,2.01721
2007-12-17,2.02682
2007-12-14,2.04244
2007-12-13,2.04291
2007-12-12,2.04275
2007-12-11,2.03501
2007-12-10,2.02912
2007-12-07,2.03454
2007-12-06,2.05205
2007-12-05,2.06155
2007-12-04,2.05866
2007-12-03,2.06141
2007-11-30,2.0691
2007-11-29,2.0683
2007-11-28,2.06867
2007-11-27,2.06464
2007-11-26,2.06317
2007-11-23,2.06351
2007-11-22,2.06048
2007-11-21,2.05494
2007-11-20,2.05295
2007-11-19,2.0536
2007-11-16,2.05873
2007-11-15,2.06889
2007-11-14,2.06908
2007-11-13,2.08146
2007-11-12,2.09545
2007-11-09,2.10094
2007-11-08,2.09166
2007-11-07,2.08445
2007-11-06,2.08633
2007-11-05,2.08594
2007-11-02,2.07707
2007-11-01,2.06855
2007-10-31,2.06106
2007-10-30,2.05546
2007-10-29,2.05107
2007-10-26,2.04905
2007-10-25,2.04587
2007-10-24,2.04118
2007-10-23,2.04609
2007-10-22,2.04872
2007-10-19,2.03973
2007-10-18,2.03528
2007-10-17,2.03755
2007-10-16,2.03716
2007-10-15,2.0368
2007-10-12,2.0391
2007-10-11,2.03792
2007-10-10,2.03551
2007-10-09,2.0403
2007-10-08,2.03903
2007-10-05,2.03581
2007-10-04,2.03998
2007-10-03,2.04236
2007-10-02,2.04547
2007-10-01,2.03707
2007-09-28,2.01897
2007-09-27,2.0162
2007-09-26,2.01862
2007-09-25,2.02235
2007-09-24,2.01457
2007-09-21,2.00593
2007-09-20,2.00226
2007-09-19,1.99769
2007-09-18,2.00397
2007-09-17,2.01494
2007-09-14,2.02958
2007-09-13,2.03082
2007-09-12,2.02887
2007-09-11,2.02888
2007-09-10,2.02578
2007-09-07,2.01843
2007-09-06,2.01444
2007-09-05,2.01616
2007-09-04,2.0173
2007-09-03,2.01579
2007-08-31,2.01114
2007-08-30,2.00742
2007-08-29,2.01098
2007-08-28,2.01499
2007-08-27,2.00854
2007-08-24,1.99404
2007-08-23,1.98494
2007-08-22,1.98365
2007-08-21,1.98255
2007-08-20,1.98216
2007-08-17,1.98711
2007-08-16,1.99747
2007-08-15,2.01028
2007-08-14,2.01977
2007-08-13,2.02646
2007-08-10,2.0305
2007-08-09,2.02744
2007-08-08,2.03114
2007-08-07,2.03832
2007-08-06,2.03715
2007-08-03,2.03036
2007-08-02,2.02904
2007-08-01,2.02862
2007-07-31,2.02414
2007-07-30,2.0345
2007-07-27,2.05248
2007-07-26,2.05841
2007-07-25,2.06051
2007-07-24,2.05704
2007-07-23,2.05436
2007-07-20,2.05093
2007-07-19,2.04718
2007-07-18,2.03904
2007-07-17,2.03547
2007-07-16,2.03337
2007-07-13,2.03089
2007-07-12,2.02491
2007-07-11,2.01608
2007-07-10,2.01239
2007-07-09,2.01248
2007-07-06,2.01598
2007-07-05,2.01705
2007-07-04,2.01469
2007-07-03,2.0101
2007-07-02,2.00577
2007-06-29,1.99967
2007-06-28,1.99773
2007-06-27,1.99878
2007-06-26,1.99906
2007-06-25,1.99659
2007-06-22,1.99148
2007-06-21,1.98873
2007-06-20,1.9841
2007-06-19,1.97947
2007-06-18,1.97418
2007-06-15,1.97137
2007-06-14,1.97255
2007-06-13,1.97082
2007-06-12,1.96854
2007-06-11,1.97705
2007-06-08,1.98996
2007-06-07,1.99312
2007-06-06,1.99005
2007-06-05,1.98469
2007-06-04,1.98047
2007-06-01,1.97737
2007-05-31,1.9804
2007-05-30,1.98376
2007-05-29,1.9846
2007-05-28,1.9846
2007-05-25,1.98348
2007-05-24,1.97671
2007-05-23,1.97244
2007-05-22,1.97311
2007-05-21,1.97537
2007-05-18,1.97918
2007-05-17,1.98218
2007-05-16,1.98088
2007-05-15,1.98175
2007-05-14,1.98441
2007-05-11,1.99019
2007-05-10,1.99237
2007-05-09,1.9938
2007-05-08,1.99414
2007-05-07,1.99148
2007-05-04,1.99153
2007-05-03,1.99662
2007-05-02,1.99911
2007-05-01,1.99657
2007-04-30,1.99811
2007-04-27,2.00039
2007-04-26,2.00194
2007-04-25,2.00044
2007-04-24,2.00205
2007-04-23,2.00294
2007-04-20,2.00535
2007-04-19,2.00367
2007-04-18,1.99397
2007-04-17,1.98807
2007-04-16,1.98236
2007-04-13,1.9763
2007-04-12,1.97337
2007-04-11,1.96696
2007-04-10,1.9643
2007-04-09,1.9688
2007-04-06,1.97405
2007-04-05,1.97554
2007-04-04,1.9756
2007-04-03,1.97081
2007-04-02,1.96634
2007-03-30,1.96381
2007-03-29,1.96545
2007-03-28,1.9655
2007-03-27,1.96236
2007-03-26,1.96393
2007-03-23,1.96542
2007-03-22,1.95752
2007-03-21,1.94794
2007-03-20,1.94281
2007-03-19,1.93981
2007-03-16,1.93299
2007-03-15,1.92968
2007-03-14,1.93248
2007-03-13,1.93361
2007-03-12,1.93197
2007-03-09,1.93099
2007-03-08,1.92871
2007-03-07,1.92653
2007-03-06,1.93468
2007-03-05,1.95189
2007-03-02,1.96143
2007-03-01,1.96197
2007-02-28,1.96379
2007-02-27,1.96334
2007-02-26,1.95948
2007-02-23,1.95336
2007-02-22,1.95338
2007-02-21,1.95188
2007-02-20,1.95055
2007-02-19,1.9537
2007-02-16,1.95726
2007-02-15,1.94987
2007-02-14,1.94767
2007-02-13,1.94957
2007-02-12,1.95549
2007-02-09,1.96774
2007-02-08,1.96816
2007-02-07,1.96342
2007-02-06,1.9635
2007-02-05,1.96602
2007-02-02,1.96345
2007-02-01,1.96066
2007-01-31,1.96122
2007-01-30,1.95883
2007-01-29,1.96263
2007-01-26,1.97133
2007-01-25,1.97787
2007-01-24,1.97892
2007-01-23,1.97445
2007-01-22,1.97305
2007-01-19,1.96918
2007-01-18,1.96465
2007-01-17,1.96357
2007-01-16,1.9611
2007-01-15,1.95141
2007-01-12,1.93757
2007-01-11,1.93859
2007-01-10,1.93773
2007-01-09,1.93111
2007-01-08,1.93582
2007-01-05,1.95462
2007-01-04,1.96687
2007-01-03,1.96461
2007-01-02,1.95879
2007-01-01,1.95879
2006-12-29,1.95852
2006-12-28,1.95782
2006-12-27,1.95887
2006-12-26,1.95905
2006-12-25,1.96058
2006-12-22,1.96658
2006-12-21,1.9651
2006-12-20,1.95456
2006-12-19,1.95189
2006-12-18,1.95741
2006-12-15,1.96689
2006-12-14,1.96649
2006-12-13,1.9586
2006-12-12,1.95314
2006-12-11,1.95919
2006-12-08,1.96784
2006-12-07,1.97259
2006-12-06,1.97741
2006-12-05,1.97939
2006-12-04,1.97119
2006-12-01,1.95272
2006-11-30,1.9475
2006-11-29,1.94074
2006-11-28,1.93618
2006-11-27,1.92604
2006-11-24,1.91148
2006-11-23,1.90276
2006-11-22,1.8971
2006-11-21,1.89539
2006-11-20,1.8929
2006-11-17,1.89004
2006-11-16,1.89539
2006-11-15,1.9036
2006-11-14,1.90958
2006-11-13,1.90873
2006-11-10,1.90512
2006-11-09,1.90511
2006-11-08,1.90211
2006-11-07,1.89978
2006-11-06,1.90383
2006-11-03,1.90794
2006-11-02,1.90565
2006-11-01,1.9007
2006-10-31,1.89877
2006-10-30,1.89251
2006-10-27,1.88052
2006-10-26,1.87426
2006-10-25,1.8741
2006-10-24,1.87954
2006-10-23,1.87849
2006-10-20,1.87062
2006-10-19,1.86848
2006-10-18,1.86282
2006-10-17,1.85729
2006-10-16,1.85615
2006-10-13,1.85596
2006-10-12,1.85769
2006-10-11,1.86426
2006-10-10,1.86914
2006-10-09,1.87541
2006-10-06,1.88368
2006-10-05,1.88558
2006-10-04,1.88292
2006-10-03,1.87465
2006-10-02,1.87605
2006-09-29,1.886
2006-09-28,1.89417
2006-09-27,1.89969
2006-09-26,1.90147
2006-09-25,1.89795
2006-09-22,1.89044
2006-09-21,1.88343
2006-09-20,1.88068
2006-09-19,1.87956
2006-09-18,1.8812
2006-09-15,1.87912
2006-09-14,1.87282
2006-09-13,1.8685
2006-09-12,1.86524
2006-09-11,1.87098
2006-09-08,1.88395
2006-09-07,1.89367
2006-09-06,1.90223
2006-09-05,1.90584
2006-09-04,1.90525
2006-09-01,1.90353
2006-08-31,1.89961
2006-08-30,1.89535
2006-08-29,1.89046
2006-08-28,1.88889
2006-08-25,1.8913
2006-08-24,1.89068
2006-08-23,1.89053
2006-08-22,1.88692
2006-08-21,1.88673
2006-08-18,1.89468
2006-08-17,1.8932
2006-08-16,1.89088
2006-08-15,1.89038
2006-08-14,1.89416
2006-08-11,1.90277
2006-08-10,1.90547
2006-08-09,1.90654
2006-08-08,1.90772
2006-08-07,1.89695
2006-08-04,1.87877
2006-08-03,1.87347
2006-08-02,1.86687
2006-08-01,1.86451
2006-07-31,1.86142
2006-07-28,1.85269
2006-07-27,1.8447
2006-07-26,1.8495
2006-07-25,1.85536
2006-07-24,1.85404
2006-07-21,1.83985
2006-07-20,1.82735
2006-07-19,1.82555
2006-07-18,1.83266
2006-07-17,1.83846
2006-07-14,1.83951
2006-07-13,1.84164
2006-07-12,1.8437
2006-07-11,1.84799
2006-07-10,1.84532
2006-07-07,1.83792
2006-07-06,1.84275
2006-07-05,1.84622
2006-07-04,1.84622
2006-07-03,1.83639
2006-06-30,1.81755
2006-06-29,1.82139
2006-06-28,1.82232
2006-06-27,1.81921
2006-06-26,1.8251
2006-06-23,1.8407
2006-06-22,1.8434
2006-06-21,1.8428
2006-06-20,1.8467
2006-06-19,1.84893
2006-06-16,1.84393
2006-06-15,1.84004
2006-06-14,1.84109
2006-06-13,1.84163
2006-06-12,1.844
2006-06-09,1.85366
2006-06-08,1.86309
2006-06-07,1.87383
2006-06-06,1.88213
2006-06-05,1.87565
2006-06-02,1.87102
2006-06-01,1.87625
2006-05-31,1.86721
2006-05-30,1.85969
2006-05-29,1.86366
2006-05-26,1.873
2006-05-25,1.87984
2006-05-24,1.88097
2006-05-23,1.87772
2006-05-22,1.88204
2006-05-19,1.88753
2006-05-18,1.88692
2006-05-17,1.88475
2006-05-16,1.89148
2006-05-15,1.88336
2006-05-12,1.86565
2006-05-11,1.86294
2006-05-10,1.85984
2006-05-09,1.86049
2006-05-08,1.85311
2006-05-05,1.84172
2006-05-04,1.83691
2006-05-03,1.82924
2006-05-02,1.82632
2006-05-01,1.81227
2006-04-28,1.78801
2006-04-27,1.78641
2006-04-26,1.78697
2006-04-25,1.78528
2006-04-24,1.78365
2006-04-21,1.78521
2006-04-20,1.78031
2006-04-19,1.76882
2006-04-18,1.75762
2006-04-17,1.7516
2006-04-14,1.75176
2006-04-13,1.74855
2006-04-12,1.74392
2006-04-11,1.74294
2006-04-10,1.74609
2006-04-07,1.75376
2006-04-06,1.75106
2006-04-05,1.74096
2006-04-04,1.7348
2006-04-03,1.73823
2006-03-31,1.73954
2006-03-30,1.74259
2006-03-29,1.7472
2006-03-28,1.74469
2006-03-27,1.74242
2006-03-24,1.74443
2006-03-23,1.7489
2006-03-22,1.75279
2006-03-21,1.75544
2006-03-20,1.75326
2006-03-17,1.74797
2006-03-16,1.7429
2006-03-15,1.7337
2006-03-14,1.72689
2006-03-13,1.73014
2006-03-10,1.73709
2006-03-09,1.73887
2006-03-08,1.74738
2006-03-07,1.75541
2006-03-06,1.75289
2006-03-03,1.75094
2006-03-02,1.75001
2006-03-01,1.74312
2006-02-28,1.74299
2006-02-27,1.7464
2006-02-24,1.74597
2006-02-23,1.74371
2006-02-22,1.74375
2006-02-21,1.7422
2006-02-20,1.739
2006-02-17,1.73765
2006-02-16,1.73818
2006-02-15,1.73982
2006-02-14,1.7429
2006-02-13,1.74354
2006-02-10,1.74247
2006-02-09,1.74488
2006-02-08,1.75085
2006-02-07,1.75868
2006-02-06,1.7674
2006-02-03,1.77641
2006-02-02,1.77571
2006-02-01,1.77011
2006-01-31,1.77394
2006-01-30,1.77394
2006-01-27,1.78568
2006-01-26,1.78576
2006-01-25,1.78368
2006-01-24,1.77673
2006-01-23,1.76648
2006-01-20,1.76193
2006-01-19,1.76504
2006-01-18,1.76669
2006-01-17,1.77262
2006-01-16,1.77271
2006-01-13,1.76402
2006-01-12,1.76342
2006-01-11,1.76687
2006-01-10,1.76907
2006-01-09,1.76523
2006-01-06,1.74617
2006-01-05,1.72627
2006-01-04,1.72266
2006-01-03,1.72299
2006-01-02,1.7254
2005-12-30,1.73109
2005-12-29,1.73294
2005-12-28,1.73354
2005-12-27,1.73354
2005-12-26,1.74056
2005-12-23,1.75558
2005-12-22,1.76378
2005-12-21,1.76974
2005-12-20,1.77266
2005-12-19,1.77256
2005-12-16,1.76842
2005-12-15,1.76842
2005-12-14,1.75895
2005-12-13,1.74807
2005-12-12,1.74807
2005-12-09,1.73784
2005-12-08,1.73749
2005-12-07,1.73348
2005-12-06,1.73296
2005-12-05,1.72881
2005-12-02,1.7234
2005-12-01,1.71995
2005-11-30,1.71345
2005-11-29,1.7178
2005-11-28,1.7178
2005-11-25,1.72347
2005-11-24,1.72328
2005-11-23,1.72041
2005-11-22,1.71817
2005-11-21,1.71873
2005-11-18,1.71862
2005-11-17,1.72453
2005-11-16,1.73683
2005-11-15,1.7396
2005-11-14,1.74157
2005-11-11,1.74195
2005-11-10,1.74347
2005-11-09,1.7438
2005-11-08,1.7463
2005-11-07,1.75648
2005-11-04,1.77281
2005-11-03,1.77228
2005-11-02,1.76847
2005-11-01,1.77379
2005-10-31,1.77796
2005-10-28,1.78004
2005-10-27,1.77791
2005-10-26,1.77768
2005-10-25,1.7674
2005-10-24,1.76943
2005-10-21,1.77122
2005-10-20,1.76058
2005-10-19,1.75192
2005-10-18,1.75996
2005-10-17,1.76416
2005-10-14,1.75464
2005-10-13,1.74937
2005-10-12,1.74979
2005-10-11,1.75786
2005-10-10,1.7676
2005-10-07,1.7722
2005-10-06,1.7612
2005-10-05,1.75849
2005-10-04,1.75872
2005-10-03,1.76352
2005-09-30,1.76449
2005-09-29,1.76743
2005-09-28,1.77144
2005-09-27,1.77628
2005-09-26,1.77877
2005-09-23,1.7974
2005-09-22,1.80567
2005-09-21,1.80134
2005-09-20,1.80578
2005-09-19,1.80698
2005-09-16,1.81179
2005-09-15,1.8234
2005-09-14,1.82142
2005-09-13,1.82692
2005-09-12,1.83856
2005-09-09,1.83619
2005-09-08,1.83896
2005-09-07,1.84331
2005-09-06,1.8436
2005-09-05,1.83896
2005-09-02,1.82184
2005-09-01,1.79698
2005-08-31,1.78973
2005-08-30,1.79809
2005-08-29,1.80234
2005-08-26,1.80207
2005-08-25,1.801
2005-08-24,1.80129
2005-08-23,1.79887
2005-08-22,1.7991
2005-08-19,1.7991
2005-08-18,1.80743
2005-08-17,1.81078
2005-08-16,1.81302
2005-08-15,1.81364
2005-08-12,1.80472
2005-08-11,1.79104
2005-08-10,1.78609
2005-08-09,1.78222
2005-08-08,1.7787
2005-08-05,1.77941
2005-08-04,1.77509
2005-08-03,1.76954
2005-08-02,1.76418
2005-08-01,1.75695
2005-07-29,1.75214
2005-07-28,1.74269
2005-07-27,1.7419
2005-07-26,1.74363
2005-07-25,1.74348
2005-07-22,1.7487
2005-07-21,1.74054
2005-07-20,1.74279
2005-07-19,1.7488
2005-07-18,1.75352
2005-07-15,1.75876
2005-07-14,1.76949
2005-07-13,1.77026
2005-07-12,1.74997
2005-07-11,1.74068
2005-07-08,1.74813
2005-07-07,1.75614
2005-07-06,1.7578
2005-07-05,1.76202
2005-07-04,1.77676
2005-07-01,1.79671
2005-06-30,1.80829
2005-06-29,1.82014
2005-06-28,1.82688
2005-06-27,1.82073
2005-06-24,1.81809
2005-06-23,1.82467
2005-06-22,1.82665
2005-06-21,1.82544
2005-06-20,1.82712
2005-06-17,1.8223
2005-06-16,1.81536
2005-06-15,1.80608
2005-06-14,1.80853
2005-06-13,1.81521
2005-06-10,1.82149
2005-06-09,1.8279
2005-06-08,1.83058
2005-06-07,1.81984
2005-06-06,1.81427
2005-06-03,1.81328
2005-06-02,1.812
2005-06-01,1.81931
2005-05-31,1.82278
2005-05-30,1.82147
2005-05-27,1.82445
2005-05-26,1.83047
2005-05-25,1.82853
2005-05-24,1.82817
2005-05-23,1.82853
2005-05-20,1.83643
2005-05-19,1.83787
2005-05-18,1.83485
2005-05-17,1.84252
2005-05-16,1.8561
2005-05-13,1.86802
2005-05-12,1.87554
2005-05-11,1.88257
2005-05-10,1.88591
2005-05-09,1.8964
2005-05-06,1.90409
2005-05-05,1.89882
2005-05-04,1.89363
2005-05-03,1.89891
2005-05-02,1.90692
2005-04-29,1.90646
2005-04-28,1.90586
2005-04-27,1.90785
2005-04-26,1.91262
2005-04-25,1.91319
2005-04-22,1.91301
2005-04-21,1.91961
2005-04-20,1.91307
2005-04-19,1.899
2005-04-18,1.88812
2005-04-15,1.88591
2005-04-14,1.89283
2005-04-13,1.89142
2005-04-12,1.8891
2005-04-11,1.87948
2005-04-08,1.87366
2005-04-07,1.88082
2005-04-06,1.87905
2005-04-05,1.87734
2005-04-04,1.88395
2005-04-01,1.88576
2005-03-31,1.87698
2005-03-30,1.87084
2005-03-29,1.86757
2005-03-28,1.87011
2005-03-25,1.86889
2005-03-24,1.87447
2005-03-23,1.89003
2005-03-22,1.9066
2005-03-21,1.92181
2005-03-18,1.92521
2005-03-17,1.92098
2005-03-16,1.9128
2005-03-15,1.91903
2005-03-14,1.92532
2005-03-11,1.92325
2005-03-10,1.92523
2005-03-09,1.92317
2005-03-08,1.91776
2005-03-07,1.91795
2005-03-04,1.9098
2005-03-03,1.91584
2005-03-02,1.92093
2005-03-01,1.92075
2005-02-28,1.91566
2005-02-25,1.91046
2005-02-24,1.91004
2005-02-23,1.90557
2005-02-22,1.89582
2005-02-21,1.89483
2005-02-18,1.89169
2005-02-17,1.88909
2005-02-16,1.89355
2005-02-15,1.88121
2005-02-14,1.86859
2005-02-11,1.8656
2005-02-10,1.8574
2005-02-09,1.85574
2005-02-08,1.8638
2005-02-07,1.87739
2005-02-04,1.88381
2005-02-03,1.88505
2005-02-02,1.88344
2005-02-01,1.88474
2005-01-31,1.88751
2005-01-28,1.88554
2005-01-27,1.87553
2005-01-26,1.87032
2005-01-25,1.87985
2005-01-24,1.87628
2005-01-21,1.87247
2005-01-20,1.86985
2005-01-19,1.86429
2005-01-18,1.86393
2005-01-17,1.87459
2005-01-14,1.88592
2005-01-13,1.88575
2005-01-12,1.87711
2005-01-11,1.87405
2005-01-10,1.87204
2005-01-07,1.87815
2005-01-06,1.8826
2005-01-05,1.89056
2005-01-04,1.90983
2005-01-03,1.92194
