Date,CURRFX.AUDUSD.1
2015-03-06,0.781042
2015-03-05,0.781711
2015-03-04,0.779713
2015-03-03,0.77913
2015-03-02,0.782619
2015-02-27,0.786269
2015-02-26,0.784253
2015-02-25,0.779672
2015-02-24,0.782561
2015-02-23,0.78259
2015-02-20,0.780138
2015-02-19,0.780423
2015-02-18,0.779119
2015-02-17,0.77726
2015-02-16,0.773995
2015-02-13,0.771466
2015-02-12,0.776674
2015-02-11,0.779324
2015-02-10,0.779351
2015-02-09,0.779294
2015-02-06,0.778838
2015-02-05,0.776587
2015-02-04,0.77513
2015-02-03,0.778355
2015-02-02,0.77903
2015-01-30,0.787994
2015-01-29,0.795736
2015-01-28,0.792431
2015-01-27,0.790714
2015-01-26,0.79795
2015-01-23,0.812062
2015-01-22,0.817851
2015-01-21,0.819749
2015-01-20,0.821853
2015-01-19,0.821573
2015-01-16,0.817778
2015-01-15,0.814558
2015-01-14,0.817258
2015-01-13,0.819729
2015-01-12,0.816487
2015-01-09,0.809009
2015-01-08,0.808579
2015-01-07,0.810465
2015-01-06,0.808123
2015-01-05,0.811608
2015-01-02,0.81705
2015-01-01,0.817515
2014-12-31,0.814952
2014-12-30,0.813076
2014-12-29,0.811705
2014-12-26,0.811039
2014-12-25,0.811276
2014-12-24,0.812704
2014-12-23,0.814629
2014-12-22,0.814885
2014-12-19,0.816533
2014-12-18,0.819864
2014-12-17,0.822857
2014-12-16,0.823713
2014-12-15,0.826717
2014-12-12,0.830278
2014-12-11,0.830041
2014-12-10,0.829014
2014-12-09,0.830681
2014-12-08,0.834832
2014-12-05,0.839868
2014-12-04,0.84399
2014-12-03,0.847672
2014-12-02,0.848791
2014-12-01,0.852747
2014-11-28,0.855063
2014-11-27,0.854228
2014-11-26,0.859831
2014-11-25,0.865955
2014-11-24,0.864565
2014-11-21,0.86268
2014-11-20,0.868072
2014-11-19,0.873018
2014-11-18,0.874924
2014-11-17,0.874149
2014-11-14,0.871622
2014-11-13,0.868118
2014-11-12,0.864502
2014-11-11,0.864621
2014-11-10,0.861776
2014-11-07,0.861998
2014-11-06,0.868673
2014-11-05,0.872096
2014-11-04,0.875174
2014-11-03,0.879682
2014-10-31,0.882064
2014-10-30,0.885247
2014-10-29,0.882262
2014-10-28,0.880257
2014-10-27,0.878594
2014-10-24,0.877505
2014-10-23,0.879052
2014-10-22,0.87909
2014-10-21,0.876453
2014-10-20,0.875351
2014-10-17,0.87561
2014-10-16,0.874443
2014-10-15,0.874417
2014-10-14,0.871609
2014-10-13,0.874547
2014-10-10,0.882096
2014-10-09,0.878788
2014-10-08,0.87601
2014-10-07,0.869842
2014-10-06,0.871426
2014-10-03,0.875532
2014-10-02,0.872122
2014-10-01,0.87316
2014-09-30,0.87403
2014-09-29,0.878579
2014-09-26,0.883893
2014-09-25,0.88723
2014-09-24,0.888606
2014-09-23,0.890894
2014-09-22,0.894087
2014-09-19,0.899803
2014-09-18,0.904978
2014-09-17,0.903118
2014-09-16,0.902428
2014-09-15,0.907736
2014-09-12,0.915034
2014-09-11,0.919867
2014-09-10,0.928575
2014-09-09,0.935381
2014-09-08,0.936816
2014-09-05,0.933823
2014-09-04,0.930685
2014-09-03,0.931211
2014-09-02,0.933937
2014-09-01,0.934472
2014-08-29,0.934408
2014-08-28,0.931834
2014-08-27,0.930418
2014-08-26,0.930966
2014-08-25,0.930378
2014-08-22,0.928826
2014-08-21,0.930798
2014-08-20,0.932407
2014-08-19,0.932137
2014-08-18,0.931716
2014-08-15,0.930258
2014-08-14,0.928092
2014-08-13,0.926733
2014-08-12,0.927376
2014-08-11,0.928208
2014-08-08,0.930014
2014-08-07,0.931917
2014-08-06,0.931805
2014-08-05,0.931805
2014-08-04,0.931108
2014-08-01,0.932668
2014-07-31,0.93736
2014-07-30,0.939681
2014-07-29,0.939885
2014-07-28,0.941223
2014-07-25,0.943623
2014-07-24,0.941797
2014-07-23,0.938621
2014-07-22,0.938607
2014-07-21,0.938112
2014-07-18,0.936401
2014-07-17,0.936347
2014-07-16,0.938476
2014-07-15,0.939327
2014-07-14,0.939164
2014-07-11,0.939536
2014-07-10,0.939826
2014-07-09,0.93817
2014-07-08,0.936379
2014-07-07,0.936986
2014-07-04,0.940829
2014-07-03,0.94421
2014-07-02,0.94421
2014-07-01,0.942024
2014-06-30,0.94208
2014-06-27,0.939569
2014-06-26,0.938538
2014-06-25,0.940956
2014-06-24,0.940864
2014-06-23,0.939577
2014-06-20,0.938509
2014-06-19,0.934998
2014-06-18,0.937192
2014-06-17,0.939681
2014-06-16,0.940038
2014-06-13,0.939439
2014-06-12,0.93758
2014-06-11,0.935728
2014-06-10,0.93438
2014-06-09,0.931966
2014-06-06,0.928728
2014-06-05,0.926526
2014-06-04,0.92597
2014-06-03,0.928069
2014-06-02,0.929771
2014-05-30,0.926537
2014-05-29,0.924795
2014-05-28,0.924839
2014-05-27,0.923628
2014-05-26,0.923627
2014-05-23,0.923839
2014-05-22,0.925006
2014-05-21,0.930881
2014-05-20,0.935728
2014-05-19,0.937248
2014-05-16,0.937248
2014-05-15,0.937468
2014-05-14,0.935959
2014-05-13,0.936425
2014-05-12,0.936536
2014-05-09,0.935846
2014-05-08,0.933128
2014-05-07,0.929983
2014-05-06,0.927337
2014-05-05,0.927939
2014-05-02,0.928119
2014-05-01,0.927057
2014-04-30,0.926482
2014-04-29,0.927636
2014-04-28,0.92766
2014-04-25,0.928473
2014-04-24,0.931985
2014-04-23,0.934562
2014-04-22,0.933076
2014-04-21,0.934113
2014-04-18,0.935782
2014-04-17,0.937049
2014-04-16,0.93893
2014-04-15,0.939901
2014-04-14,0.940167
2014-04-11,0.939702
2014-04-10,0.934888
2014-04-09,0.930163
2014-04-08,0.928218
2014-04-07,0.927007
2014-04-04,0.923407
2014-04-03,0.924792
2014-04-02,0.925383
2014-04-01,0.924778
2014-03-31,0.924583
2014-03-28,0.922541
2014-03-27,0.918078
2014-03-26,0.913048
2014-03-25,0.909568
2014-03-24,0.906152
2014-03-21,0.905567
2014-03-20,0.910399
2014-03-19,0.908443
2014-03-18,0.90507
2014-03-17,0.903772
2014-03-14,0.901639
2014-03-13,0.89847
2014-03-12,0.902651
2014-03-11,0.90486
2014-03-10,0.905864
2014-03-07,0.901272
2014-03-06,0.895927
2014-03-05,0.893353
2014-03-04,0.892299
2014-03-03,0.893349
2014-02-28,0.896063
2014-02-27,0.900394
2014-02-26,0.90139
2014-02-25,0.898541
2014-02-24,0.899305
2014-02-21,0.899305
2014-02-20,0.902771
2014-02-19,0.903919
2014-02-18,0.903825
2014-02-17,0.901048
2014-02-14,0.899794
2014-02-13,0.903004
2014-02-12,0.898397
2014-02-11,0.894681
2014-02-10,0.895822
2014-02-07,0.893835
2014-02-06,0.88921
2014-02-05,0.882715
2014-02-04,0.876533
2014-02-03,0.875421
2014-01-31,0.876221
2014-01-30,0.877664
2014-01-29,0.875445
2014-01-28,0.870832
2014-01-27,0.872422
2014-01-24,0.881951
2014-01-23,0.883517
2014-01-22,0.880071
2014-01-21,0.878973
2014-01-20,0.879631
2014-01-17,0.885712
2014-01-16,0.895875
2014-01-15,0.902214
2014-01-14,0.902137
2014-01-13,0.895381
2014-01-10,0.889947
2014-01-09,0.892484
2014-01-08,0.894094
2014-01-07,0.895271
2014-01-06,0.892994
2014-01-03,0.891141
2014-01-02,0.892727
2014-01-01,0.890715
2013-12-31,0.887212
2013-12-30,0.887781
2013-12-27,0.890589
2013-12-26,0.892419
2013-12-25,0.892561
2013-12-24,0.892907
2013-12-23,0.889672
2013-12-20,0.887005
2013-12-19,0.891173
2013-12-18,0.893532
2013-12-17,0.895523
2013-12-16,0.897962
2013-12-13,0.904758
2013-12-12,0.911501
2013-12-11,0.911125
2013-12-10,0.909757
2013-12-09,0.907833
2013-12-06,0.90432
2013-12-05,0.907137
2013-12-04,0.911668
2013-12-03,0.912198
2013-12-02,0.911015
2013-11-29,0.910974
2013-11-28,0.912387
2013-11-27,0.91545
2013-11-26,0.916524
2013-11-25,0.921794
2013-11-22,0.932616
2013-11-21,0.939818
2013-11-20,0.939826
2013-11-19,0.938383
2013-11-18,0.935482
2013-11-15,0.932087
2013-11-14,0.931368
2013-11-13,0.93442
2013-11-12,0.937639
2013-11-11,0.942082
2013-11-08,0.949481
2013-11-07,0.950928
2013-11-06,0.949447
2013-11-05,0.947111
2013-11-04,0.945612
2013-11-01,0.948671
2013-10-31,0.949661
2013-10-30,0.954255
2013-10-29,0.959028
2013-10-28,0.960066
2013-10-25,0.963762
2013-10-24,0.966412
2013-10-23,0.967046
2013-10-22,0.966941
2013-10-21,0.964516
2013-10-18,0.956776
2013-10-17,0.95288
2013-10-16,0.950178
2013-10-15,0.94674
2013-10-14,0.945737
2013-10-11,0.94387
2013-10-10,0.944076
2013-10-09,0.943558
2013-10-08,0.942761
2013-10-07,0.941614
2013-10-04,0.93811
2013-10-03,0.937174
2013-10-02,0.935566
2013-10-01,0.931822
2013-09-30,0.933528
2013-09-27,0.936912
2013-09-26,0.938317
2013-09-25,0.941065
2013-09-24,0.941279
2013-09-23,0.942561
2013-09-20,0.944498
2013-09-19,0.935482
2013-09-18,0.933597
2013-09-17,0.930573
2013-09-16,0.925527
2013-09-13,0.928378
2013-09-12,0.929231
2013-09-11,0.925021
2013-09-10,0.920095
2013-09-09,0.917261
2013-09-06,0.914017
2013-09-05,0.908978
2013-09-04,0.900789
2013-09-03,0.894767
2013-09-02,0.891757
2013-08-30,0.894179
2013-08-29,0.895185
2013-08-28,0.899683
2013-08-27,0.902913
2013-08-26,0.901502
2013-08-23,0.900866
2013-08-22,0.904722
2013-08-21,0.911479
2013-08-20,0.917772
2013-08-19,0.916955
2013-08-16,0.91327
2013-08-15,0.91157
2013-08-14,0.914004
2013-08-13,0.918584
2013-08-12,0.91557
2013-08-09,0.902937
2013-08-08,0.89669
2013-08-07,0.89373
2013-08-06,0.890084
2013-08-05,0.892157
2013-08-02,0.897699
2013-08-01,0.90468
2013-07-31,0.914973
2013-07-30,0.924907
2013-07-29,0.922846
2013-07-26,0.919519
2013-07-25,0.924188
2013-07-24,0.924758
2013-07-23,0.920286
2013-07-22,0.917479
2013-07-19,0.919805
2013-07-18,0.9213
2013-07-17,0.915016
2013-07-16,0.907191
2013-07-15,0.911231
2013-07-12,0.919864
2013-07-11,0.916514
2013-07-10,0.912718
2013-07-09,0.90765
2013-07-08,0.908895
2013-07-05,0.911462
2013-07-04,0.912898
2013-07-03,0.918677
2013-07-02,0.917001
2013-07-01,0.919928
2013-06-28,0.92898
2013-06-27,0.926825
2013-06-26,0.924316
2013-06-25,0.922142
2013-06-24,0.922183
2013-06-21,0.931674
2013-06-20,0.948438
2013-06-19,0.95338
2013-06-18,0.958185
2013-06-17,0.955502
2013-06-14,0.95136
2013-06-13,0.945573
2013-06-12,0.941668
2013-06-11,0.946008
2013-06-10,0.950424
2013-06-07,0.954365
2013-06-06,0.962434
2013-06-05,0.967935
2013-06-04,0.962878
2013-06-03,0.960221
2013-05-31,0.963154
2013-05-30,0.961504
2013-05-29,0.964296
2013-05-28,0.964345
2013-05-27,0.966476
2013-05-24,0.971374
2013-05-23,0.977314
2013-05-22,0.979114
2013-05-21,0.976223
2013-05-20,0.978037
2013-05-17,0.986595
2013-05-16,0.990831
2013-05-15,0.995577
2013-05-14,0.999491
2013-05-13,1.00877
2013-05-10,1.01925
2013-05-09,1.01904
2013-05-08,1.02246
2013-05-07,1.02872
2013-05-06,1.02925
2013-05-03,1.02833
2013-05-02,1.03429
2013-05-01,1.03423
2013-04-30,1.03064
2013-04-29,1.02867
2013-04-26,1.02901
2013-04-25,1.0259
2013-04-24,1.02584
2013-04-23,1.0275
2013-04-22,1.02888
2013-04-19,1.03222
2013-04-18,1.03506
2013-04-17,1.03826
2013-04-16,1.04542
2013-04-15,1.05221
2013-04-12,1.05343
2013-04-11,1.04929
2013-04-10,1.04276
2013-04-09,1.03854
2013-04-08,1.04036
2013-04-05,1.04469
2013-04-04,1.04613
2013-04-03,1.04379
2013-04-02,1.04145
2013-04-01,1.04219
2013-03-29,1.04376
2013-03-28,1.04625
2013-03-27,1.04668
2013-03-26,1.04531
2013-03-25,1.0429
2013-03-22,1.03945
2013-03-21,1.03778
2013-03-20,1.03778
2013-03-19,1.03879
2013-03-18,1.03902
2013-03-15,1.03396
2013-03-14,1.03068
2013-03-13,1.02735
2013-03-12,1.02348
2013-03-11,1.02434
2013-03-08,1.02603
2013-03-07,1.02525
2013-03-06,1.02011
2013-03-05,1.01756
2013-03-04,1.02232
2013-03-01,1.02377
2013-02-28,1.0228
2013-02-27,1.02685
2013-02-26,1.0302
2013-02-25,1.02927
2013-02-22,1.02741
2013-02-21,1.03292
2013-02-20,1.03196
2013-02-19,1.02995
2013-02-18,1.03218
2013-02-15,1.03466
2013-02-14,1.03111
2013-02-13,1.02759
2013-02-12,1.03024
2013-02-11,1.03171
2013-02-08,1.03225
2013-02-07,1.03644
2013-02-06,1.04168
2013-02-05,1.0419
2013-02-04,1.04116
2013-02-01,1.04278
2013-01-31,1.04322
2013-01-30,1.04322
2013-01-29,1.04141
2013-01-28,1.04533
2013-01-25,1.05198
2013-01-24,1.05495
2013-01-23,1.05351
2013-01-22,1.05136
2013-01-21,1.05192
2013-01-18,1.05427
2013-01-17,1.05562
2013-01-16,1.05542
2013-01-15,1.05491
2013-01-14,1.05445
2013-01-11,1.0539
2013-01-10,1.05019
2013-01-09,1.04902
2013-01-08,1.0484
2013-01-07,1.04881
2013-01-04,1.04871
2013-01-03,1.0437
2013-01-02,1.03834
2013-01-01,1.038
2012-12-31,1.03716
2012-12-28,1.03678
2012-12-27,1.03755
2012-12-26,1.03755
2012-12-25,1.03955
2012-12-24,1.04328
2012-12-21,1.04918
2012-12-20,1.05199
2012-12-19,1.05395
2012-12-18,1.05506
2012-12-17,1.05579
2012-12-14,1.05433
2012-12-13,1.05248
2012-12-12,1.04906
2012-12-11,1.04862
2012-12-10,1.04833
2012-12-07,1.04728
2012-12-06,1.04636
2012-12-05,1.04412
2012-12-04,1.04216
2012-12-03,1.04377
2012-11-30,1.04549
2012-11-29,1.04599
2012-11-28,1.04645
2012-11-27,1.04559
2012-11-26,1.0428
2012-11-23,1.03745
2012-11-22,1.03766
2012-11-21,1.03902
2012-11-20,1.0366
2012-11-19,1.03426
2012-11-16,1.03782
2012-11-15,1.04241
2012-11-14,1.04194
2012-11-13,1.04074
2012-11-12,1.03959
2012-11-09,1.04221
2012-11-08,1.0428
2012-11-07,1.03927
2012-11-06,1.03489
2012-11-05,1.03533
2012-11-02,1.03798
2012-11-01,1.03707
2012-10-31,1.03549
2012-10-30,1.03583
2012-10-29,1.03705
2012-10-26,1.03477
2012-10-25,1.03074
2012-10-24,1.0302
2012-10-23,1.03226
2012-10-22,1.03495
2012-10-19,1.03632
2012-10-18,1.0308
2012-10-17,1.02553
2012-10-16,1.02344
2012-10-15,1.02452
2012-10-12,1.02501
2012-10-11,1.0221
2012-10-10,1.02006
2012-10-09,1.01812
2012-10-08,1.01998
2012-10-05,1.02256
2012-10-04,1.02585
2012-10-03,1.03345
2012-10-02,1.03679
2012-10-01,1.03889
2012-09-28,1.03894
2012-09-27,1.03872
2012-09-26,1.04238
2012-09-25,1.0433
2012-09-24,1.04441
2012-09-21,1.04351
2012-09-20,1.0454
2012-09-19,1.04742
2012-09-18,1.05286
2012-09-17,1.05214
2012-09-14,1.04687
2012-09-13,1.04339
2012-09-12,1.03705
2012-09-11,1.03661
2012-09-10,1.03271
2012-09-07,1.02246
2012-09-06,1.02152
2012-09-05,1.02493
2012-09-04,1.02819
2012-09-03,1.03215
2012-08-31,1.03397
2012-08-30,1.03681
2012-08-29,1.03784
2012-08-28,1.03978
2012-08-27,1.04381
2012-08-24,1.04758
2012-08-23,1.04669
2012-08-22,1.04701
2012-08-21,1.04363
2012-08-20,1.04486
2012-08-17,1.04925
2012-08-16,1.04961
2012-08-15,1.05232
2012-08-14,1.05542
2012-08-13,1.05764
2012-08-10,1.05699
2012-08-09,1.05614
2012-08-08,1.05701
2012-08-07,1.05665
2012-08-06,1.05358
2012-08-03,1.04851
2012-08-02,1.05065
2012-08-01,1.05004
2012-07-31,1.0481
2012-07-30,1.04385
2012-07-27,1.03205
2012-07-26,1.02639
2012-07-25,1.028
2012-07-24,1.03286
2012-07-23,1.03866
2012-07-20,1.0374
2012-07-19,1.0306
2012-07-18,1.02624
2012-07-17,1.02286
2012-07-16,1.02045
2012-07-13,1.0188
2012-07-12,1.02175
2012-07-11,1.01972
2012-07-10,1.0197
2012-07-09,1.02344
2012-07-06,1.02784
2012-07-05,1.02773
2012-07-04,1.02568
2012-07-03,1.02418
2012-07-02,1.01725
2012-06-29,1.00681
2012-06-28,1.00545
2012-06-27,1.00283
2012-06-26,1.00316
2012-06-25,1.00926
2012-06-22,1.01588
2012-06-21,1.01736
2012-06-20,1.01336
2012-06-19,1.00968
2012-06-18,1.00354
2012-06-15,0.996079
2012-06-14,0.994056
2012-06-13,0.992206
2012-06-12,0.99468
2012-06-11,0.993743
2012-06-08,0.990574
2012-06-07,0.980915
2012-06-06,0.972253
2012-06-05,0.969301
2012-06-04,0.970998
2012-06-01,0.974046
2012-05-31,0.979932
2012-05-30,0.984679
2012-05-29,0.981641
2012-05-28,0.976014
2012-05-25,0.975623
2012-05-24,0.980262
2012-05-23,0.987512
2012-05-22,0.984898
2012-05-21,0.987474
2012-05-18,0.992785
2012-05-17,0.994332
2012-05-16,0.998292
2012-05-15,1.00095
2012-05-14,1.00578
2012-05-11,1.00869
2012-05-10,1.01019
2012-05-09,1.01594
2012-05-08,1.01748
2012-05-07,1.02245
2012-05-04,1.0302
2012-05-03,1.03395
2012-05-02,1.03888
2012-05-01,1.04504
2012-04-30,1.04339
2012-04-27,1.03574
2012-04-26,1.03151
2012-04-25,1.03028
2012-04-24,1.03467
2012-04-23,1.03727
2012-04-20,1.03629
2012-04-19,1.03737
2012-04-18,1.03565
2012-04-17,1.03569
2012-04-16,1.0379
2012-04-13,1.03511
2012-04-12,1.02892
2012-04-11,1.02941
2012-04-10,1.02987
2012-04-09,1.02977
2012-04-06,1.02848
2012-04-05,1.03214
2012-04-04,1.03971
2012-04-03,1.03949
2012-04-02,1.03628
2012-03-30,1.03813
2012-03-29,1.04474
2012-03-28,1.05014
2012-03-27,1.0478
2012-03-26,1.04433
2012-03-23,1.04279
2012-03-22,1.04985
2012-03-21,1.05594
2012-03-20,1.05944
2012-03-19,1.05489
2012-03-16,1.04909
2012-03-15,1.05099
2012-03-14,1.05277
2012-03-13,1.05414
2012-03-12,1.0588
2012-03-09,1.05926
2012-03-08,1.05752
2012-03-07,1.06419
2012-03-06,1.07105
2012-03-05,1.07439
2012-03-02,1.07771
2012-03-01,1.07863
2012-02-29,1.07381
2012-02-28,1.06979
2012-02-27,1.0683
2012-02-24,1.06586
2012-02-23,1.06675
2012-02-22,1.073
2012-02-21,1.07546
2012-02-20,1.07161
2012-02-17,1.07094
2012-02-16,1.07143
2012-02-15,1.07096
2012-02-14,1.07109
2012-02-13,1.07197
2012-02-10,1.07997
2012-02-09,1.07949
2012-02-08,1.07559
2012-02-07,1.07414
2012-02-06,1.07486
2012-02-03,1.0694
2012-02-02,1.06469
2012-02-01,1.0611
2012-01-31,1.0611
2012-01-30,1.06463
2012-01-27,1.05836
2012-01-26,1.04996
2012-01-25,1.04968
2012-01-24,1.04992
2012-01-23,1.0455
2012-01-20,1.03999
2012-01-19,1.03881
2012-01-18,1.03493
2012-01-17,1.0308
2012-01-16,1.03204
2012-01-13,1.03095
2012-01-12,1.02983
2012-01-11,1.02628
2012-01-10,1.02105
2012-01-09,1.0252
2012-01-06,1.03186
2012-01-05,1.03368
2012-01-04,1.02824
2012-01-03,1.02171
2012-01-02,1.01643
2011-12-30,1.0114
2011-12-29,1.0152
2011-12-28,1.01582
2011-12-27,1.01563
2011-12-26,1.01348
2011-12-23,1.01118
2011-12-22,1.00676
2011-12-21,0.996598
2011-12-20,0.995525
2011-12-19,0.995752
2011-12-16,0.993968
2011-12-15,1.00219
2011-12-14,1.01048
2011-12-13,1.01678
2011-12-12,1.0232
2011-12-09,1.02591
2011-12-08,1.025
2011-12-07,1.02357
2011-12-06,1.02399
2011-12-05,1.02214
2011-12-02,1.01775
2011-12-01,1.0046
2011-11-30,0.993685
2011-11-29,0.982289
2011-11-28,0.97235
2011-11-25,0.97389
2011-11-24,0.979432
2011-11-23,0.98795
2011-11-22,0.995249
2011-11-21,1.00259
2011-11-18,1.00827
2011-11-17,1.01455
2011-11-16,1.02093
2011-11-15,1.02673
2011-11-14,1.02231
2011-11-11,1.01966
2011-11-10,1.03068
2011-11-09,1.03464
2011-11-08,1.03604
2011-11-07,1.03512
2011-11-04,1.03281
2011-11-03,1.03738
2011-11-02,1.04804
2011-11-01,1.06342
2011-10-31,1.0651
2011-10-28,1.05029
2011-10-27,1.04119
2011-10-26,1.04374
2011-10-25,1.03888
2011-10-24,1.03109
2011-10-21,1.02432
2011-10-20,1.02474
2011-10-19,1.02263
2011-10-18,1.03047
2011-10-17,1.02754
2011-10-14,1.01212
2011-10-13,1.00183
2011-10-12,0.993567
2011-10-11,0.984296
2011-10-10,0.973671
2011-10-07,0.964531
2011-10-06,0.953706
2011-10-05,0.953657
2011-10-04,0.964125
2011-10-03,0.971256
2011-09-30,0.982553
2011-09-29,0.98839
2011-09-28,0.983705
2011-09-27,0.976839
2011-09-26,0.983537
2011-09-23,1.00254
2011-09-22,1.02348
2011-09-21,1.02394
2011-09-20,1.0286
2011-09-19,1.03251
2011-09-16,1.02668
2011-09-15,1.02863
2011-09-14,1.03378
2011-09-13,1.0392
2011-09-12,1.05213
2011-09-09,1.06067
2011-09-08,1.05689
2011-09-07,1.05473
2011-09-06,1.05978
2011-09-05,1.06661
2011-09-02,1.07007
2011-09-01,1.06769
2011-08-31,1.06465
2011-08-30,1.05998
2011-08-29,1.05312
2011-08-26,1.04681
2011-08-25,1.04793
2011-08-24,1.04475
2011-08-23,1.04135
2011-08-22,1.04249
2011-08-19,1.04817
2011-08-18,1.04942
2011-08-17,1.04525
2011-08-16,1.04046
2011-08-15,1.03128
2011-08-12,1.02674
2011-08-11,1.02498
2011-08-10,1.0234
2011-08-09,1.03876
2011-08-08,1.05169
2011-08-05,1.06738
2011-08-04,1.08005
2011-08-03,1.09424
2011-08-02,1.101
2011-08-01,1.10114
2011-07-29,1.10275
2011-07-28,1.0987
2011-07-27,1.08882
2011-07-26,1.08418
2011-07-25,1.08186
2011-07-22,1.07537
2011-07-21,1.07099
2011-07-20,1.06438
2011-07-19,1.06221
2011-07-18,1.0686
2011-07-15,1.07213
2011-07-14,1.06478
2011-07-13,1.06388
2011-07-12,1.07132
2011-07-11,1.07486
2011-07-08,1.07236
2011-07-07,1.06977
2011-07-06,1.07179
2011-07-05,1.07535
2011-07-04,1.07538
2011-07-01,1.06723
2011-06-30,1.0554
2011-06-29,1.0464
2011-06-28,1.04584
2011-06-27,1.05017
2011-06-24,1.05525
2011-06-23,1.0592
2011-06-22,1.05761
2011-06-21,1.05851
2011-06-20,1.05912
2011-06-17,1.05863
2011-06-16,1.06538
2011-06-15,1.06153
2011-06-14,1.05521
2011-06-13,1.05649
2011-06-10,1.0625
2011-06-09,1.06759
2011-06-08,1.07231
2011-06-07,1.07289
2011-06-06,1.06876
2011-06-03,1.06646
2011-06-02,1.07004
2011-06-01,1.06905
2011-05-31,1.06988
2011-05-30,1.06651
2011-05-27,1.05573
2011-05-26,1.05245
2011-05-25,1.05482
2011-05-24,1.05938
2011-05-23,1.06548
2011-05-20,1.06377
2011-05-19,1.06041
2011-05-18,1.05755
2011-05-17,1.05714
2011-05-16,1.05996
2011-05-13,1.07067
2011-05-12,1.08047
2011-05-11,1.07753
2011-05-10,1.07348
2011-05-09,1.0697
2011-05-06,1.07362
2011-05-05,1.08469
2011-05-04,1.09199
2011-05-03,1.09629
2011-05-02,1.0946
2011-04-29,1.08741
2011-04-28,1.07881
2011-04-27,1.07342
2011-04-26,1.07337
2011-04-25,1.07373
2011-04-22,1.06957
2011-04-21,1.0571
2011-04-20,1.05072
2011-04-19,1.05434
2011-04-18,1.05448
2011-04-15,1.05006
2011-04-14,1.04774
2011-04-13,1.04989
2011-04-12,1.05529
2011-04-11,1.05265
2011-04-08,1.04318
2011-04-07,1.0364
2011-04-06,1.03495
2011-04-05,1.03797
2011-04-04,1.03691
2011-04-01,1.0328
2011-03-31,1.02879
2011-03-30,1.02554
2011-03-29,1.02624
2011-03-28,1.0219
2011-03-25,1.01404
2011-03-24,1.00975
2011-03-23,1.00652
2011-03-22,0.999735
2011-03-21,0.990808
2011-03-18,0.984636
2011-03-17,0.992053
2011-03-16,1.00022
2011-03-15,1.01077
2011-03-14,1.0103
2011-03-11,1.00663
2011-03-10,1.00996
2011-03-09,1.01195
2011-03-08,1.01465
2011-03-07,1.01465
2011-03-04,1.01488
2011-03-03,1.01475
2011-03-02,1.01695
2011-03-01,1.01668
2011-02-28,1.01305
2011-02-25,1.00442
2011-02-24,1.00202
2011-02-23,1.00625
2011-02-22,1.01258
2011-02-21,1.0113
2011-02-18,1.00298
2011-02-17,1.00006
2011-02-16,1.00212
2011-02-15,1.00246
2011-02-14,1.00352
2011-02-11,1.00859
2011-02-10,1.01343
2011-02-09,1.01454
2011-02-08,1.01372
2011-02-07,1.01295
2011-02-04,1.01121
2011-02-03,1.0081
2011-02-02,1.00069
2011-02-01,0.993573
2011-01-31,0.993875
2011-01-28,0.995223
2011-01-27,0.995888
2011-01-26,0.993506
2011-01-25,0.990921
2011-01-24,0.990822
2011-01-21,0.996954
2011-01-20,1.00019
2011-01-19,0.994201
2011-01-18,0.990474
2011-01-17,0.992166
2011-01-14,0.993846
2011-01-13,0.988335
2011-01-12,0.989392
2011-01-11,0.994351
2011-01-10,0.996285
2011-01-07,0.999053
2011-01-06,1.00454
2011-01-05,1.01348
2011-01-04,1.02109
2011-01-03,1.02031
2010-12-31,1.01491
2010-12-30,1.01141
2010-12-29,1.00688
2010-12-28,1.00326
2010-12-27,1.00327
2010-12-24,1.00072
2010-12-23,0.997372
2010-12-22,0.993782
2010-12-21,0.989454
2010-12-20,0.987688
2010-12-17,0.989413
2010-12-16,0.994828
2010-12-15,0.994175
2010-12-14,0.987521
2010-12-13,0.984936
2010-12-10,0.982746
2010-12-09,0.984319
2010-12-08,0.990175
2010-12-07,0.990342
2010-12-06,0.983528
2010-12-03,0.966146
2010-12-02,0.961647
2010-12-01,0.962071
2010-11-30,0.964134
2010-11-29,0.970556
2010-11-26,0.979954
2010-11-25,0.979952
2010-11-24,0.984864
2010-11-23,0.988851
2010-11-22,0.986153
2010-11-19,0.982438
2010-11-18,0.979137
2010-11-17,0.983689
2010-11-16,0.986048
2010-11-15,0.991216
2010-11-12,1.00254
2010-11-11,1.0067
2010-11-10,1.01214
2010-11-09,1.01379
2010-11-08,1.0135
2010-11-05,1.00482
2010-11-04,0.997468
2010-11-03,0.992884
2010-11-02,0.98605
2010-11-01,0.981388
2010-10-29,0.975102
2010-10-28,0.977052
2010-10-27,0.989946
2010-10-26,0.989959
2010-10-25,0.983395
2010-10-22,0.982351
2010-10-21,0.980109
2010-10-20,0.982649
2010-10-19,0.989234
2010-10-18,0.992473
2010-10-15,0.99261
2010-10-14,0.986234
2010-10-13,0.983121
2010-10-12,0.985218
2010-10-11,0.985323
2010-10-08,0.98164
2010-10-07,0.970644
2010-10-06,0.965327
2010-10-05,0.969813
2010-10-04,0.970882
2010-10-01,0.968591
2010-09-30,0.967184
2010-09-29,0.962046
2010-09-28,0.960037
2010-09-27,0.956308
2010-09-24,0.95347
2010-09-23,0.952805
2010-09-22,0.947132
2010-09-21,0.942483
2010-09-20,0.936327
2010-09-17,0.93679
2010-09-16,0.937478
2010-09-15,0.935617
2010-09-14,0.93066
2010-09-13,0.925844
2010-09-10,0.921396
2010-09-09,0.915096
2010-09-08,0.914136
2010-09-07,0.916748
2010-09-06,0.913867
2010-09-03,0.907478
2010-09-02,0.899796
2010-09-01,0.892487
2010-08-31,0.89739
2010-08-30,0.895059
2010-08-27,0.885678
2010-08-26,0.883496
2010-08-25,0.888269
2010-08-24,0.893208
2010-08-23,0.894335
2010-08-20,0.898188
2010-08-19,0.901955
2010-08-18,0.899687
2010-08-17,0.893086
2010-08-16,0.893976
2010-08-13,0.898089
2010-08-12,0.905415
2010-08-11,0.913355
2010-08-10,0.917986
2010-08-09,0.916959
2010-08-06,0.91356
2010-08-05,0.91356
2010-08-04,0.911765
2010-08-03,0.909063
2010-08-02,0.902828
2010-07-30,0.898031
2010-07-29,0.897374
2010-07-28,0.901253
2010-07-27,0.897502
2010-07-26,0.892452
2010-07-23,0.885237
2010-07-22,0.880854
2010-07-21,0.875193
2010-07-20,0.868923
2010-07-19,0.873204
2010-07-16,0.881123
2010-07-15,0.880459
2010-07-14,0.875605
2010-07-13,0.875043
2010-07-12,0.876163
2010-07-09,0.866394
2010-07-08,0.851756
2010-07-07,0.8461
2010-07-06,0.840891
2010-07-05,0.840249
2010-07-02,0.84285
2010-07-01,0.852048
2010-06-30,0.862897
2010-06-29,0.873579
2010-06-28,0.872304
2010-06-25,0.870291
2010-06-24,0.873496
2010-06-23,0.878624
2010-06-22,0.878216
2010-06-21,0.869663
2010-06-18,0.863821
2010-06-17,0.861821
2010-06-16,0.859229
2010-06-15,0.856357
2010-06-14,0.848009
2010-06-11,0.838207
2010-06-10,0.82507
2010-06-09,0.818332
2010-06-08,0.818635
2010-06-07,0.831579
2010-06-04,0.841341
2010-06-03,0.834783
2010-06-02,0.839647
2010-06-01,0.846373
2010-05-31,0.844688
2010-05-28,0.835875
2010-05-27,0.823137
2010-05-26,0.820537
2010-05-25,0.831368
2010-05-24,0.831227
2010-05-21,0.835806
2010-05-20,0.857032
2010-05-19,0.874471
2010-05-18,0.879914
2010-05-17,0.890553
2010-05-14,0.897267
2010-05-13,0.89529
2010-05-12,0.89969
2010-05-11,0.897535
2010-05-10,0.892299
2010-05-07,0.902044
2010-05-06,0.910613
2010-05-05,0.919703
2010-05-04,0.925277
2010-05-03,0.925167
2010-04-30,0.925047
2010-04-29,0.924092
2010-04-28,0.924092
2010-04-27,0.927868
2010-04-26,0.927317
2010-04-23,0.928203
2010-04-22,0.925959
2010-04-21,0.925959
2010-04-20,0.921018
2010-04-19,0.927636
2010-04-16,0.933538
2010-04-15,0.931023
2010-04-14,0.927416
2010-04-13,0.930824
2010-04-12,0.930952
2010-04-09,0.92657
2010-04-08,0.92617
2010-04-07,0.922899
2010-04-06,0.920125
2010-04-05,0.919207
2010-04-02,0.917969
2010-04-01,0.91743
2010-03-31,0.917433
2010-03-30,0.910407
2010-03-29,0.906742
2010-03-26,0.911265
2010-03-25,0.913589
2010-03-24,0.915803
2010-03-23,0.914529
2010-03-22,0.917564
2010-03-19,0.921496
2010-03-18,0.919855
2010-03-17,0.914771
2010-03-16,0.914371
2010-03-15,0.915413
2010-03-12,0.915177
2010-03-11,0.913588
2010-03-10,0.910646
2010-03-09,0.909632
2010-03-08,0.905118
2010-03-05,0.902195
2010-03-04,0.903633
2010-03-03,0.900605
2010-03-02,0.897282
2010-03-01,0.892129
2010-02-26,0.888498
2010-02-25,0.893811
2010-02-24,0.89873
2010-02-23,0.899673
2010-02-22,0.898669
2010-02-19,0.899086
2010-02-18,0.899532
2010-02-17,0.894174
2010-02-16,0.888412
2010-02-15,0.887176
2010-02-12,0.882764
2010-02-11,0.874041
2010-02-10,0.869319
2010-02-09,0.867885
2010-02-08,0.871815
2010-02-05,0.880323
2010-02-04,0.8857
2010-02-03,0.88466
2010-02-02,0.884053
2010-02-01,0.88927
2010-01-29,0.899231
2010-01-28,0.899231
2010-01-27,0.901988
2010-01-26,0.903524
2010-01-25,0.904236
2010-01-22,0.911712
2010-01-21,0.918555
2010-01-20,0.923921
2010-01-19,0.923326
2010-01-18,0.924956
2010-01-15,0.927079
2010-01-14,0.924091
2010-01-13,0.927512
2010-01-12,0.928363
2010-01-11,0.923097
2010-01-08,0.917946
2010-01-07,0.914197
2010-01-06,0.909656
2010-01-05,0.901286
2010-01-04,0.89769
2010-01-01,0.895746
2009-12-31,0.892651
2009-12-30,0.890104
2009-12-29,0.885982
2009-12-28,0.883591
2009-12-25,0.880262
2009-12-24,0.877951
2009-12-23,0.881734
2009-12-22,0.887308
2009-12-21,0.890589
2009-12-18,0.894557
2009-12-17,0.904372
2009-12-16,0.91069
2009-12-15,0.911895
2009-12-14,0.913464
2009-12-11,0.911609
2009-12-10,0.90807
2009-12-09,0.911794
2009-12-08,0.913699
2009-12-07,0.919554
2009-12-04,0.927574
2009-12-03,0.923822
2009-12-02,0.917861
2009-12-01,0.911967
2009-11-30,0.912244
2009-11-27,0.922558
2009-11-26,0.923797
2009-11-25,0.920261
2009-11-24,0.91892
2009-11-23,0.917527
2009-11-20,0.924764
2009-11-19,0.930461
2009-11-18,0.932645
2009-11-17,0.934307
2009-11-16,0.932289
2009-11-13,0.930339
2009-11-12,0.929683
2009-11-11,0.927767
2009-11-10,0.923703
2009-11-09,0.915229
2009-11-06,0.907374
2009-11-05,0.903933
2009-11-04,0.901512
2009-11-03,0.901653
2009-11-02,0.901633
2009-10-30,0.905898
2009-10-29,0.910943
2009-10-28,0.918885
2009-10-27,0.922135
2009-10-26,0.922982
2009-10-23,0.924598
2009-10-22,0.925393
2009-10-21,0.924023
2009-10-20,0.919056
2009-10-19,0.917483
2009-10-16,0.916648
2009-10-15,0.910404
2009-10-14,0.90614
2009-10-13,0.904291
2009-10-12,0.903087
2009-10-09,0.897218
2009-10-08,0.888144
2009-10-07,0.881011
2009-10-06,0.870255
2009-10-05,0.870408
2009-10-02,0.879279
2009-10-01,0.876931
2009-09-30,0.870448
2009-09-29,0.866954
2009-09-28,0.868957
2009-09-25,0.871837
2009-09-24,0.873142
2009-09-23,0.868231
2009-09-22,0.865198
2009-09-21,0.869627
2009-09-18,0.871613
2009-09-17,0.865874
2009-09-16,0.860174
2009-09-15,0.860622
2009-09-14,0.862286
2009-09-11,0.860736
2009-09-10,0.860928
2009-09-09,0.857599
2009-09-08,0.853063
2009-09-07,0.845848
2009-09-04,0.83496
2009-09-03,0.833439
2009-09-02,0.83876
2009-09-01,0.840679
2009-08-31,0.837279
2009-08-28,0.831752
2009-08-27,0.834449
2009-08-26,0.838133
2009-08-25,0.837558
2009-08-24,0.833242
2009-08-21,0.828463
2009-08-20,0.824879
2009-08-19,0.823449
2009-08-18,0.826136
2009-08-17,0.83474
2009-08-14,0.834716
2009-08-13,0.829839
2009-08-12,0.835401
2009-08-11,0.837701
2009-08-10,0.838621
2009-08-07,0.841632
2009-08-06,0.842274
2009-08-05,0.841061
2009-08-04,0.837724
2009-08-03,0.830802
2009-07-31,0.821702
2009-07-30,0.823232
2009-07-29,0.824753
2009-07-28,0.819562
2009-07-27,0.817497
2009-07-24,0.816925
2009-07-23,0.81485
2009-07-22,0.812293
2009-07-21,0.807053
2009-07-20,0.801883
2009-07-17,0.800167
2009-07-16,0.794141
2009-07-15,0.783994
2009-07-14,0.778925
2009-07-13,0.780038
2009-07-10,0.782885
2009-07-09,0.788716
2009-07-08,0.795095
2009-07-07,0.794356
2009-07-06,0.798841
2009-07-03,0.803834
2009-07-02,0.807998
2009-07-01,0.807952
2009-06-30,0.805656
2009-06-29,0.80411
2009-06-26,0.798396
2009-06-25,0.79387
2009-06-24,0.790854
2009-06-23,0.800372
2009-06-22,0.802776
2009-06-19,0.79543
2009-06-18,0.793737
2009-06-17,0.79812
2009-06-16,0.805461
2009-06-15,0.809806
2009-06-12,0.809806
2009-06-11,0.801224
2009-06-10,0.792986
2009-06-09,0.791733
2009-06-08,0.796447
2009-06-05,0.807324
2009-06-04,0.815991
2009-06-03,0.811094
2009-06-02,0.805176
2009-06-01,0.794028
2009-05-29,0.782547
2009-05-28,0.782921
2009-05-27,0.779905
2009-05-26,0.781535
2009-05-25,0.779361
2009-05-22,0.773974
2009-05-21,0.772758
2009-05-20,0.765069
2009-05-19,0.752677
2009-05-18,0.750752
2009-05-15,0.757227
2009-05-14,0.762675
2009-05-13,0.76308
2009-05-12,0.766132
2009-05-11,0.763609
2009-05-08,0.750247
2009-05-07,0.741963
2009-05-06,0.739444
2009-05-05,0.733644
2009-05-04,0.730105
2009-05-01,0.724412
2009-04-30,0.711963
2009-04-29,0.708396
2009-04-28,0.717988
2009-04-27,0.717856
2009-04-24,0.707958
2009-04-23,0.705171
2009-04-22,0.705911
2009-04-21,0.715709
2009-04-20,0.722856
2009-04-17,0.722438
2009-04-16,0.723586
2009-04-15,0.726798
2009-04-14,0.722828
2009-04-13,0.717049
2009-04-10,0.711173
2009-04-09,0.709798
2009-04-08,0.712939
2009-04-07,0.715061
2009-04-06,0.712156
2009-04-03,0.701373
2009-04-02,0.691775
2009-04-01,0.688568
2009-03-31,0.687624
2009-03-30,0.69649
2009-03-27,0.699367
2009-03-26,0.699517
2009-03-25,0.700906
2009-03-24,0.692845
2009-03-23,0.684672
2009-03-20,0.673962
2009-03-19,0.661294
2009-03-18,0.65949
2009-03-17,0.658675
2009-03-16,0.654369
2009-03-13,0.647433
2009-03-12,0.644242
2009-03-11,0.639203
2009-03-10,0.638862
2009-03-09,0.641235
2009-03-06,0.641584
2009-03-05,0.639259
2009-03-04,0.636797
2009-03-03,0.635622
2009-03-02,0.643089
2009-02-27,0.650235
2009-02-26,0.648587
2009-02-25,0.645718
2009-02-24,0.646028
2009-02-23,0.644696
2009-02-20,0.642156
2009-02-19,0.639678
2009-02-18,0.645258
2009-02-17,0.652802
2009-02-16,0.654974
2009-02-13,0.653064
2009-02-12,0.65977
2009-02-11,0.670004
2009-02-10,0.674032
2009-02-09,0.663946
2009-02-06,0.647004
2009-02-05,0.643474
2009-02-04,0.636446
2009-02-03,0.633008
2009-02-02,0.643967
2009-01-30,0.662033
2009-01-29,0.665493
2009-01-28,0.660361
2009-01-27,0.655265
2009-01-26,0.655142
2009-01-23,0.655037
2009-01-22,0.655044
2009-01-21,0.666098
2009-01-20,0.675004
2009-01-19,0.668665
2009-01-16,0.663706
2009-01-15,0.670473
2009-01-14,0.679151
2009-01-13,0.695421
2009-01-12,0.704544
2009-01-09,0.711543
2009-01-08,0.717994
2009-01-07,0.713795
2009-01-06,0.712134
2009-01-05,0.708462
2009-01-02,0.700034
2009-01-01,0.692048
2008-12-31,0.690306
2008-12-30,0.687807
2008-12-29,0.683781
2008-12-26,0.682469
2008-12-25,0.681559
2008-12-24,0.683239
2008-12-23,0.682431
2008-12-22,0.689679
2008-12-19,0.70059
2008-12-18,0.686607
2008-12-17,0.669605
2008-12-16,0.664359
2008-12-15,0.661101
2008-12-12,0.661441
2008-12-11,0.658711
2008-12-10,0.657843
2008-12-09,0.653572
2008-12-08,0.647192
2008-12-05,0.645164
2008-12-04,0.642508
2008-12-03,0.642817
2008-12-02,0.649557
2008-12-01,0.654403
2008-11-28,0.651909
2008-11-27,0.647046
2008-11-26,0.641144
2008-11-25,0.633818
2008-11-24,0.631972
2008-11-21,0.637687
2008-11-20,0.647993
2008-11-19,0.64799
2008-11-18,0.648415
2008-11-17,0.645434
2008-11-14,0.646589
2008-11-13,0.659695
2008-11-12,0.673867
2008-11-11,0.681963
2008-11-10,0.67601
2008-11-07,0.684099
2008-11-06,0.688371
2008-11-05,0.678599
2008-11-04,0.673531
2008-11-03,0.671391
2008-10-31,0.666958
2008-10-30,0.636857
2008-10-29,0.614995
2008-10-28,0.616124
2008-10-27,0.638871
2008-10-24,0.667959
2008-10-23,0.68008
2008-10-22,0.693791
2008-10-21,0.694328
2008-10-20,0.681959
2008-10-17,0.678181
2008-10-16,0.698192
2008-10-15,0.694455
2008-10-14,0.661798
2008-10-13,0.661958
2008-10-10,0.689421
2008-10-09,0.698763
2008-10-08,0.729343
2008-10-07,0.755545
2008-10-06,0.77801
2008-10-03,0.788392
2008-10-02,0.796636
2008-10-01,0.807593
2008-09-30,0.824729
2008-09-29,0.833333
2008-09-26,0.836713
2008-09-25,0.838008
2008-09-24,0.839485
2008-09-23,0.835924
2008-09-22,0.819669
2008-09-19,0.796695
2008-09-18,0.794917
2008-09-17,0.801714
2008-09-16,0.817962
2008-09-15,0.813846
2008-09-12,0.799911
2008-09-11,0.807238
2008-09-10,0.815843
2008-09-09,0.821004
2008-09-08,0.822364
2008-09-05,0.833099
2008-09-04,0.83598
2008-09-03,0.846191
2008-09-02,0.855109
2008-09-01,0.860035
2008-08-29,0.861766
2008-08-28,0.857898
2008-08-27,0.859966
2008-08-26,0.865771
2008-08-25,0.868939
2008-08-22,0.87277
2008-08-21,0.869992
2008-08-20,0.868935
2008-08-19,0.86927
2008-08-18,0.868521
2008-08-15,0.871536
2008-08-14,0.87255
2008-08-13,0.881197
2008-08-12,0.887893
2008-08-11,0.896719
2008-08-08,0.911424
2008-08-07,0.917014
2008-08-06,0.925157
2008-08-05,0.930548
2008-08-04,0.934799
2008-08-01,0.945102
2008-07-31,0.950661
2008-07-30,0.955757
2008-07-29,0.95607
2008-07-28,0.95742
2008-07-25,0.962211
2008-07-24,0.97002
2008-07-23,0.974861
2008-07-22,0.972873
2008-07-21,0.972063
2008-07-18,0.976055
2008-07-17,0.977464
2008-07-16,0.974305
2008-07-15,0.968257
2008-07-14,0.963654
2008-07-11,0.95693
2008-07-10,0.953484
2008-07-09,0.955598
2008-07-08,0.960273
2008-07-07,0.962675
2008-07-04,0.960722
2008-07-03,0.958176
2008-07-02,0.958
2008-07-01,0.961434
2008-06-30,0.960153
2008-06-27,0.957736
2008-06-26,0.955313
2008-06-25,0.953449
2008-06-24,0.953182
2008-06-23,0.951271
2008-06-20,0.946038
2008-06-19,0.942725
2008-06-18,0.940916
2008-06-17,0.939174
2008-06-16,0.938673
2008-06-13,0.941742
2008-06-12,0.947277
2008-06-11,0.952278
2008-06-10,0.960378
2008-06-09,0.960013
2008-06-06,0.956071
2008-06-05,0.956328
2008-06-04,0.954944
2008-06-03,0.95481
2008-06-02,0.957336
2008-05-30,0.959606
2008-05-29,0.96012
2008-05-28,0.960455
2008-05-27,0.959698
2008-05-26,0.959665
2008-05-23,0.960648
2008-05-22,0.959671
2008-05-21,0.956317
2008-05-20,0.954604
2008-05-19,0.948092
2008-05-16,0.935694
2008-05-15,0.93945
2008-05-14,0.943344
2008-05-13,0.942373
2008-05-12,0.942559
2008-05-09,0.943428
2008-05-08,0.94674
2008-05-07,0.944568
2008-05-06,0.938384
2008-05-05,0.936209
2008-05-02,0.937717
2008-05-01,0.935788
2008-04-30,0.935737
2008-04-29,0.935628
2008-04-28,0.937818
2008-04-25,0.946417
2008-04-24,0.946986
2008-04-23,0.941939
2008-04-22,0.937317
2008-04-21,0.935702
2008-04-18,0.935219
2008-04-17,0.929263
2008-04-16,0.925239
2008-04-15,0.925538
2008-04-14,0.929488
2008-04-11,0.931042
2008-04-10,0.928692
2008-04-09,0.926723
2008-04-08,0.925094
2008-04-07,0.91978
2008-04-04,0.912566
2008-04-03,0.909871
2008-04-02,0.911669
2008-04-01,0.915599
2008-03-31,0.918516
2008-03-28,0.919381
2008-03-27,0.915517
2008-03-26,0.908717
2008-03-25,0.90262
2008-03-24,0.90454
2008-03-21,0.91544
2008-03-20,0.926781
2008-03-19,0.925145
2008-03-18,0.930647
2008-03-17,0.937515
2008-03-14,0.935328
2008-03-13,0.927405
2008-03-12,0.922504
2008-03-11,0.925646
2008-03-10,0.929313
2008-03-07,0.931352
2008-03-06,0.929232
2008-03-05,0.932895
2008-03-04,0.932634
2008-03-03,0.935215
2008-02-29,0.940556
2008-02-28,0.933585
2008-02-27,0.926636
2008-02-26,0.924089
2008-02-25,0.921915
2008-02-22,0.917938
2008-02-21,0.917483
2008-02-20,0.916424
2008-02-19,0.910619
2008-02-18,0.906265
2008-02-15,0.901141
2008-02-14,0.901798
2008-02-13,0.903561
2008-02-12,0.899323
2008-02-11,0.894722
2008-02-08,0.894341
2008-02-07,0.899415
2008-02-06,0.905016
2008-02-05,0.905357
2008-02-04,0.899527
2008-02-01,0.890591
2008-01-31,0.888485
2008-01-30,0.88555
2008-01-29,0.880313
2008-01-28,0.877705
2008-01-25,0.871794
2008-01-24,0.865226
2008-01-23,0.865171
2008-01-22,0.874083
2008-01-21,0.880053
2008-01-18,0.881643
2008-01-17,0.887638
2008-01-16,0.896992
2008-01-15,0.893963
2008-01-14,0.88868
2008-01-11,0.883793
2008-01-10,0.880323
2008-01-09,0.875737
2008-01-08,0.875708
2008-01-07,0.875708
2008-01-04,0.881228
2008-01-03,0.877873
2008-01-02,0.876426
2008-01-01,0.877788
2007-12-31,0.875745
2007-12-28,0.873873
2007-12-27,0.871571
2007-12-26,0.87024
2007-12-25,0.868731
2007-12-24,0.864306
2007-12-21,0.859717
2007-12-20,0.860277
2007-12-19,0.85976
2007-12-18,0.86034
2007-12-17,0.868184
2007-12-14,0.880227
2007-12-13,0.882311
2007-12-12,0.883484
2007-12-11,0.877677
2007-12-10,0.874473
2007-12-07,0.871571
2007-12-06,0.872437
2007-12-05,0.878257
2007-12-04,0.882941
2007-12-03,0.884092
2007-11-30,0.881651
2007-11-29,0.876881
2007-11-28,0.877302
2007-11-27,0.880107
2007-11-26,0.876032
2007-11-23,0.875649
2007-11-22,0.882562
2007-11-21,0.88788
2007-11-20,0.892198
2007-11-19,0.893737
2007-11-16,0.897431
2007-11-15,0.896598
2007-11-14,0.890232
2007-11-13,0.900141
2007-11-12,0.917164
2007-11-09,0.929678
2007-11-08,0.930373
2007-11-07,0.922341
2007-11-06,0.920945
2007-11-05,0.924315
2007-11-02,0.925618
2007-11-01,0.921573
2007-10-31,0.92044
2007-10-30,0.92079
2007-10-29,0.913049
2007-10-26,0.902136
2007-10-25,0.896332
2007-10-24,0.888933
2007-10-23,0.887199
2007-10-22,0.891208
2007-10-19,0.891253
2007-10-18,0.890439
2007-10-17,0.897515
2007-10-16,0.904312
2007-10-15,0.903284
2007-10-12,0.900386
2007-10-11,0.897223
2007-10-10,0.896124
2007-10-09,0.898436
2007-10-08,0.89266
2007-10-05,0.885542
2007-10-04,0.887236
2007-10-03,0.888393
2007-10-02,0.889521
2007-10-01,0.884616
2007-09-28,0.87679
2007-09-27,0.870852
2007-09-26,0.866876
2007-09-25,0.86717
2007-09-24,0.86452
2007-09-21,0.857708
2007-09-20,0.845541
2007-09-19,0.83654
2007-09-18,0.840832
2007-09-17,0.841272
2007-09-14,0.838713
2007-09-13,0.832988
2007-09-12,0.825989
2007-09-11,0.824291
2007-09-10,0.825749
2007-09-07,0.824046
2007-09-06,0.823572
2007-09-05,0.822654
2007-09-04,0.819889
2007-09-03,0.81815
2007-08-31,0.815866
2007-08-30,0.817575
2007-08-29,0.826346
2007-08-28,0.828992
2007-08-27,0.82249
2007-08-24,0.810216
2007-08-23,0.802489
2007-08-22,0.801163
2007-08-21,0.798712
2007-08-20,0.798827
2007-08-17,0.810555
2007-08-16,0.831855
2007-08-15,0.840997
2007-08-14,0.844564
2007-08-13,0.850034
2007-08-10,0.858492
2007-08-09,0.857537
2007-08-08,0.856105
2007-08-07,0.855431
2007-08-06,0.854919
2007-08-03,0.853513
2007-08-02,0.853635
2007-08-01,0.856044
2007-07-31,0.851347
2007-07-30,0.862811
2007-07-27,0.882596
2007-07-26,0.88403
2007-07-25,0.883514
2007-07-24,0.881442
2007-07-23,0.879656
2007-07-20,0.877581
2007-07-19,0.874864
2007-07-18,0.872801
2007-07-17,0.871907
2007-07-16,0.868179
2007-07-13,0.862216
2007-07-12,0.860642
2007-07-11,0.859782
2007-07-10,0.858853
2007-07-09,0.857867
2007-07-06,0.857306
2007-07-05,0.856788
2007-07-04,0.855653
2007-07-03,0.852669
2007-07-02,0.846967
2007-06-29,0.842528
2007-06-28,0.843586
2007-06-27,0.84785
2007-06-26,0.84797
2007-06-25,0.846514
2007-06-22,0.845759
2007-06-21,0.845443
2007-06-20,0.843397
2007-06-19,0.842357
2007-06-18,0.840438
2007-06-15,0.838569
2007-06-14,0.841255
2007-06-13,0.84298
2007-06-12,0.843583
2007-06-11,0.844753
2007-06-08,0.843126
2007-06-07,0.83924
2007-06-06,0.83493
2007-06-05,0.832973
2007-06-04,0.829933
2007-06-01,0.822915
2007-05-31,0.8193
2007-05-30,0.819078
2007-05-29,0.818743
2007-05-28,0.819439
2007-05-25,0.82218
2007-05-24,0.821879
2007-05-23,0.821487
2007-05-22,0.822344
2007-05-21,0.823444
2007-05-18,0.826561
2007-05-17,0.830942
2007-05-16,0.832735
2007-05-15,0.832467
2007-05-14,0.831157
2007-05-11,0.829737
2007-05-10,0.828284
2007-05-09,0.826623
2007-05-08,0.82322
2007-05-07,0.822504
2007-05-04,0.824782
2007-05-03,0.826968
2007-05-02,0.829315
2007-05-01,0.829205
2007-04-30,0.830339
2007-04-27,0.831115
2007-04-26,0.830089
2007-04-25,0.830218
2007-04-24,0.835582
2007-04-23,0.836398
2007-04-20,0.835083
2007-04-19,0.83525
2007-04-18,0.833686
2007-04-17,0.833336
2007-04-16,0.830805
2007-04-13,0.825742
2007-04-12,0.824125
2007-04-11,0.820211
2007-04-10,0.817097
2007-04-09,0.817097
2007-04-06,0.816749
2007-04-05,0.81386
2007-04-04,0.814231
2007-04-03,0.811791
2007-04-02,0.808161
2007-03-30,0.80706
2007-03-29,0.807344
2007-03-28,0.807973
2007-03-27,0.805815
2007-03-26,0.805691
2007-03-23,0.805342
2007-03-22,0.801668
2007-03-21,0.798923
2007-03-20,0.79645
2007-03-19,0.792728
2007-03-16,0.785619
2007-03-15,0.783869
2007-03-14,0.784364
2007-03-13,0.7816
2007-03-12,0.778976
2007-03-09,0.77691
2007-03-08,0.775164
2007-03-07,0.77414
2007-03-06,0.77868
2007-03-05,0.784496
2007-03-02,0.787026
2007-03-01,0.789825
2007-02-28,0.792822
2007-02-27,0.792154
2007-02-26,0.791068
2007-02-23,0.789389
2007-02-22,0.787612
2007-02-21,0.786499
2007-02-20,0.786962
2007-02-19,0.785852
2007-02-16,0.78302
2007-02-15,0.77871
2007-02-14,0.77489
2007-02-13,0.77489
2007-02-12,0.777497
2007-02-09,0.779119
2007-02-08,0.776957
2007-02-07,0.775378
2007-02-06,0.774697
2007-02-05,0.775154
2007-02-02,0.774137
2007-02-01,0.77228
2007-01-31,0.772584
2007-01-30,0.773287
2007-01-29,0.775907
2007-01-26,0.781265
2007-01-25,0.786774
2007-01-24,0.789888
2007-01-23,0.789519
2007-01-22,0.788967
2007-01-19,0.786539
2007-01-18,0.784101
2007-01-17,0.783925
2007-01-16,0.78424
2007-01-15,0.782749
2007-01-12,0.780443
2007-01-11,0.780269
2007-01-10,0.781023
2007-01-09,0.779387
2007-01-08,0.782509
2007-01-05,0.79102
2007-01-04,0.794702
2007-01-03,0.791876
2007-01-02,0.788736
2007-01-01,0.788189
2006-12-29,0.786078
2006-12-28,0.784394
2006-12-27,0.784439
2006-12-26,0.783923
2006-12-25,0.784347
2006-12-22,0.785163
2006-12-21,0.783856
2006-12-20,0.781612
2006-12-19,0.781458
2006-12-18,0.782841
2006-12-15,0.7859
2006-12-14,0.786738
2006-12-13,0.784804
2006-12-12,0.784345
2006-12-11,0.786736
2006-12-08,0.787888
2006-12-07,0.787085
2006-12-06,0.787637
2006-12-05,0.788196
2006-12-04,0.788035
2006-12-01,0.785117
2006-11-30,0.782031
2006-11-29,0.779575
2006-11-28,0.779087
2006-11-27,0.777345
2006-11-24,0.774062
2006-11-23,0.77166
2006-11-22,0.769441
2006-11-21,0.767885
2006-11-20,0.767885
2006-11-17,0.765723
2006-11-16,0.764855
2006-11-15,0.76483
2006-11-14,0.766051
2006-11-13,0.768853
2006-11-10,0.768853
2006-11-09,0.771929
2006-11-08,0.772066
2006-11-07,0.769925
2006-11-06,0.771026
2006-11-03,0.773797
2006-11-02,0.772819
2006-11-01,0.769667
2006-10-31,0.768752
2006-10-30,0.766213
2006-10-27,0.761546
2006-10-26,0.759034
2006-10-25,0.757822
2006-10-24,0.758591
2006-10-23,0.757659
2006-10-20,0.755405
2006-10-19,0.753839
2006-10-18,0.753115
2006-10-17,0.751495
2006-10-16,0.749663
2006-10-13,0.746152
2006-10-12,0.744115
2006-10-11,0.744053
2006-10-10,0.74322
2006-10-09,0.743891
2006-10-06,0.745134
2006-10-05,0.744739
2006-10-04,0.746315
2006-10-03,0.745906
2006-10-02,0.747562
2006-09-29,0.750106
2006-09-28,0.751524
2006-09-27,0.752612
2006-09-26,0.751226
2006-09-25,0.752306
2006-09-22,0.754485
2006-09-21,0.753514
2006-09-20,0.75382
2006-09-19,0.75272
2006-09-18,0.753189
2006-09-15,0.752848
2006-09-14,0.751529
2006-09-13,0.752118
2006-09-12,0.753014
2006-09-11,0.757668
2006-09-08,0.765432
2006-09-07,0.769056
2006-09-06,0.770227
2006-09-05,0.768819
2006-09-04,0.765401
2006-09-01,0.763144
2006-08-31,0.762765
2006-08-30,0.760439
2006-08-29,0.757877
2006-08-28,0.759155
2006-08-25,0.762725
2006-08-24,0.763082
2006-08-23,0.761965
2006-08-22,0.760662
2006-08-21,0.761871
2006-08-18,0.76579
2006-08-17,0.763993
2006-08-16,0.762469
2006-08-15,0.765059
2006-08-14,0.766929
2006-08-11,0.765746
2006-08-10,0.761701
2006-08-09,0.76258
2006-08-08,0.764906
2006-08-07,0.764333
2006-08-04,0.763599
2006-08-03,0.764919
2006-08-02,0.764458
2006-08-01,0.766415
2006-07-31,0.765389
2006-07-28,0.760251
2006-07-27,0.755845
2006-07-26,0.753483
2006-07-25,0.752162
2006-07-24,0.751474
2006-07-21,0.748923
2006-07-20,0.747193
2006-07-19,0.749419
2006-07-18,0.751559
2006-07-17,0.753647
2006-07-14,0.753807
2006-07-13,0.751914
2006-07-12,0.749853
2006-07-11,0.750601
2006-07-10,0.747974
2006-07-07,0.743222
2006-07-06,0.74412
2006-07-05,0.744059
2006-07-04,0.743194
2006-07-03,0.738257
2006-06-30,0.730151
2006-06-29,0.731501
2006-06-28,0.732735
2006-06-27,0.73164
2006-06-26,0.733872
2006-06-23,0.737771
2006-06-22,0.737669
2006-06-21,0.737669
2006-06-20,0.737564
2006-06-19,0.738111
2006-06-16,0.738262
2006-06-15,0.739444
2006-06-14,0.743954
2006-06-13,0.747877
2006-06-12,0.746275
2006-06-09,0.742487
2006-06-08,0.742562
2006-06-07,0.747559
2006-06-06,0.751675
2006-06-05,0.750579
2006-06-02,0.752551
2006-06-01,0.760262
2006-05-31,0.76022
2006-05-30,0.757923
2006-05-29,0.756551
2006-05-26,0.754245
2006-05-25,0.753337
2006-05-24,0.753572
2006-05-23,0.754433
2006-05-22,0.759611
2006-05-19,0.76402
2006-05-18,0.765561
2006-05-17,0.764635
2006-05-16,0.7692
2006-05-15,0.772979
2006-05-12,0.773529
2006-05-11,0.772116
2006-05-10,0.769947
2006-05-09,0.771861
2006-05-08,0.771474
2006-05-05,0.768522
2006-05-04,0.764628
2006-05-03,0.759545
2006-05-02,0.759964
2006-05-01,0.75744
2006-04-28,0.751142
2006-04-27,0.746663
2006-04-26,0.74525
2006-04-25,0.745099
2006-04-24,0.743595
2006-04-21,0.743038
2006-04-20,0.741778
2006-04-19,0.736698
2006-04-18,0.73098
2006-04-17,0.72844
2006-04-14,0.730495
2006-04-13,0.731994
2006-04-12,0.729946
2006-04-11,0.727284
2006-04-10,0.727338
2006-04-07,0.727261
2006-04-06,0.721115
2006-04-05,0.716388
2006-04-04,0.716349
2006-04-03,0.714552
2006-03-31,0.70844
2006-03-30,0.706059
2006-03-29,0.707941
2006-03-28,0.707429
2006-03-27,0.711983
2006-03-24,0.71804
2006-03-23,0.71804
2006-03-22,0.720635
2006-03-21,0.724929
2006-03-20,0.731127
2006-03-17,0.73779
2006-03-16,0.7371
2006-03-15,0.733784
2006-03-14,0.732348
2006-03-13,0.732895
2006-03-10,0.734486
2006-03-09,0.735115
2006-03-08,0.7399
2006-03-07,0.74441
2006-03-06,0.745256
2006-03-03,0.745062
2006-03-02,0.741775
2006-03-01,0.738964
2006-02-28,0.738789
2006-02-27,0.738792
2006-02-24,0.737594
2006-02-23,0.738021
2006-02-22,0.739549
2006-02-21,0.740099
2006-02-20,0.738935
2006-02-17,0.739158
2006-02-16,0.739727
2006-02-15,0.737574
2006-02-14,0.738374
2006-02-13,0.738374
2006-02-10,0.739416
2006-02-09,0.740456
2006-02-08,0.743825
2006-02-07,0.747312
2006-02-06,0.750332
2006-02-03,0.754104
2006-02-02,0.754705
2006-02-01,0.75143
2006-01-31,0.749624
2006-01-30,0.75129
2006-01-27,0.753565
2006-01-26,0.752175
2006-01-25,0.751682
2006-01-24,0.750788
2006-01-23,0.747486
2006-01-20,0.747632
2006-01-19,0.750978
2006-01-18,0.753801
2006-01-17,0.755029
2006-01-16,0.755173
2006-01-13,0.753295
2006-01-12,0.751791
2006-01-11,0.752011
2006-01-10,0.753225
2006-01-09,0.751427
2006-01-06,0.742673
2006-01-05,0.73486
2006-01-04,0.733215
2006-01-03,0.73294
2006-01-02,0.73098
2005-12-30,0.728296
2005-12-29,0.72947
2005-12-28,0.729632
2005-12-27,0.730632
2005-12-26,0.730632
2005-12-23,0.736057
2005-12-22,0.740757
2005-12-21,0.744025
2005-12-20,0.747867
2005-12-19,0.747867
2005-12-16,0.754037
2005-12-15,0.754037
2005-12-14,0.751513
2005-12-13,0.750138
2005-12-12,0.750138
2005-12-09,0.750304
2005-12-08,0.750495
2005-12-07,0.748037
2005-12-06,0.748037
2005-12-05,0.744458
2005-12-02,0.739416
2005-12-01,0.738387
2005-11-30,0.735119
2005-11-29,0.737121
2005-11-28,0.737121
2005-11-25,0.73863
2005-11-24,0.737594
2005-11-23,0.737012
2005-11-22,0.735076
2005-11-21,0.733545
2005-11-18,0.733634
2005-11-17,0.732433
2005-11-16,0.731376
2005-11-15,0.729485
2005-11-14,0.731271
2005-11-11,0.732539
2005-11-10,0.736303
2005-11-09,0.734368
2005-11-08,0.732883
2005-11-07,0.734582
2005-11-04,0.740718
2005-11-03,0.743594
2005-11-02,0.746191
2005-11-01,0.749551
2005-10-31,0.753141
2005-10-28,0.756274
2005-10-27,0.75519
2005-10-26,0.754526
2005-10-25,0.750116
2005-10-24,0.750025
2005-10-21,0.751821
2005-10-20,0.749972
2005-10-19,0.748452
2005-10-18,0.750542
2005-10-17,0.752651
2005-10-14,0.752828
2005-10-13,0.754228
2005-10-12,0.754736
2005-10-11,0.757955
2005-10-10,0.75719
2005-10-07,0.757946
2005-10-06,0.759475
2005-10-05,0.763619
2005-10-04,0.763152
2005-10-03,0.761843
2005-09-30,0.75972
2005-09-29,0.757841
2005-09-28,0.756439
2005-09-27,0.756847
2005-09-26,0.758703
2005-09-23,0.765759
2005-09-22,0.769248
2005-09-21,0.766743
2005-09-20,0.76732
2005-09-19,0.767259
2005-09-16,0.768186
2005-09-15,0.77043
2005-09-14,0.769045
2005-09-13,0.771823
2005-09-12,0.774672
2005-09-09,0.770398
2005-09-08,0.766802
2005-09-07,0.767906
2005-09-06,0.766776
2005-09-05,0.763882
2005-09-02,0.759103
2005-09-01,0.752186
2005-08-31,0.749862
2005-08-30,0.75404
2005-08-29,0.757338
2005-08-26,0.758069
2005-08-25,0.755747
2005-08-24,0.755221
2005-08-23,0.753738
2005-08-22,0.752372
2005-08-19,0.755956
2005-08-18,0.763955
2005-08-17,0.769199
2005-08-16,0.770025
2005-08-15,0.77338
2005-08-12,0.771073
2005-08-11,0.763879
2005-08-10,0.762238
2005-08-09,0.765741
2005-08-08,0.769766
2005-08-05,0.772326
2005-08-04,0.769527
2005-08-03,0.764118
2005-08-02,0.760001
2005-08-01,0.758072
2005-07-29,0.758498
2005-07-28,0.756892
2005-07-27,0.760259
2005-07-26,0.763153
2005-07-25,0.763737
2005-07-22,0.761775
2005-07-21,0.754012
2005-07-20,0.752157
2005-07-19,0.751567
2005-07-18,0.749822
2005-07-15,0.750852
2005-07-14,0.752625
2005-07-13,0.753368
2005-07-12,0.745675
2005-07-11,0.741761
2005-07-08,0.74048
2005-07-07,0.741438
2005-07-06,0.745216
2005-07-05,0.750769
2005-07-04,0.75598
2005-07-01,0.76145
2005-06-30,0.761976
2005-06-29,0.764943
2005-06-28,0.769625
2005-06-27,0.77094
2005-06-24,0.775019
2005-06-23,0.779588
2005-06-22,0.778919
2005-06-21,0.776022
2005-06-20,0.775366
2005-06-17,0.771879
2005-06-16,0.767296
2005-06-15,0.762502
2005-06-14,0.761769
2005-06-13,0.764144
2005-06-10,0.766232
2005-06-09,0.766208
2005-06-08,0.767372
2005-06-07,0.761831
2005-06-06,0.755384
2005-06-03,0.752421
2005-06-02,0.750787
2005-06-01,0.757302
2005-05-31,0.760889
2005-05-30,0.760404
2005-05-27,0.760151
2005-05-26,0.762986
2005-05-25,0.761943
2005-05-24,0.757835
2005-05-23,0.755825
2005-05-20,0.759103
2005-05-19,0.759234
2005-05-18,0.755699
2005-05-17,0.758301
2005-05-16,0.763479
2005-05-13,0.76886
2005-05-12,0.775233
2005-05-11,0.774543
2005-05-10,0.773102
2005-05-09,0.777161
2005-05-06,0.780637
2005-05-05,0.778289
2005-05-04,0.776618
2005-05-03,0.780033
2005-05-02,0.779966
2005-04-29,0.777876
2005-04-28,0.777029
2005-04-27,0.778798
2005-04-26,0.780478
2005-04-25,0.779711
2005-04-22,0.776161
2005-04-21,0.774524
2005-04-20,0.77006
2005-04-19,0.767844
2005-04-18,0.769105
2005-04-15,0.773348
2005-04-14,0.77705
2005-04-13,0.775604
2005-04-12,0.773898
2005-04-11,0.76973
2005-04-08,0.766028
2005-04-07,0.766484
2005-04-06,0.768561
2005-04-05,0.768595
2005-04-04,0.770954
2005-04-01,0.771386
2005-03-31,0.770075
2005-03-30,0.769805
2005-03-29,0.770063
2005-03-28,0.771413
2005-03-25,0.771413
2005-03-24,0.775719
2005-03-23,0.783808
2005-03-22,0.788891
2005-03-21,0.793574
2005-03-18,0.793233
2005-03-17,0.792757
2005-03-16,0.789395
2005-03-15,0.789615
2005-03-14,0.79278
2005-03-11,0.792547
2005-03-10,0.795241
2005-03-09,0.796009
2005-03-08,0.792136
2005-03-07,0.788001
2005-03-04,0.783214
2005-03-03,0.784606
2005-03-02,0.788569
2005-03-01,0.790327
2005-02-28,0.786925
2005-02-25,0.787191
2005-02-24,0.789514
2005-02-23,0.792532
2005-02-22,0.789638
2005-02-21,0.78916
2005-02-18,0.786692
2005-02-17,0.785515
2005-02-16,0.787157
2005-02-15,0.78705
2005-02-14,0.784346
2005-02-11,0.778715
2005-02-10,0.76908
2005-02-09,0.766823
2005-02-08,0.768603
2005-02-07,0.770639
2005-02-04,0.773659
2005-02-03,0.776998
2005-02-02,0.774939
2005-02-01,0.77446
2005-01-31,0.774729
2005-01-28,0.775898
2005-01-27,0.770955
2005-01-26,0.766725
2005-01-25,0.769624
2005-01-24,0.765019
2005-01-21,0.759238
2005-01-20,0.758092
2005-01-19,0.756616
2005-01-18,0.758877
2005-01-17,0.762016
2005-01-14,0.766627
2005-01-13,0.765702
2005-01-12,0.76081
2005-01-11,0.757299
2005-01-10,0.757421
2005-01-07,0.762154
2005-01-06,0.769444
2005-01-05,0.769444
2005-01-04,0.779037
2005-01-03,0.780806
