Date,CURRFX.USDJPY.1
2015-03-06,119.843
2015-03-05,119.706
2015-03-04,119.826
2015-03-03,119.783
2015-03-02,119.397
2015-02-27,118.948
2015-02-26,118.945
2015-02-25,119.098
2015-02-24,119.016
2015-02-23,118.936
2015-02-20,118.95
2015-02-19,119.004
2015-02-18,118.66
2015-02-17,118.641
2015-02-16,119.13
2015-02-13,119.752
2015-02-12,119.431
2015-02-11,118.838
2015-02-10,118.889
2015-02-09,118.463
2015-02-06,117.419
2015-02-05,117.501
2015-02-04,117.423
2015-02-03,117.516
2015-02-02,117.677
2015-01-30,117.902
2015-01-29,117.944
2015-01-28,118.058
2015-01-27,117.946
2015-01-26,117.861
2015-01-23,117.966
2015-01-22,118.086
2015-01-21,117.932
2015-01-20,117.458
2015-01-19,117.447
2015-01-16,117.176
2015-01-15,117.579
2015-01-14,118.359
2015-01-13,118.521
2015-01-12,118.962
2015-01-09,119.42
2015-01-08,119.048
2015-01-07,119.429
2015-01-06,120.279
2015-01-05,120.277
2015-01-02,119.772
2015-01-01,119.719
2014-12-31,120.132
2014-12-30,120.443
2014-12-29,120.408
2014-12-26,120.467
2014-12-25,120.414
2014-12-24,120.083
2014-12-23,119.629
2014-12-22,119.209
2014-12-19,118.173
2014-12-18,117.147
2014-12-17,117.639
2014-12-16,118.574
2014-12-15,118.682
2014-12-12,118.715
2014-12-11,119.404
2014-12-10,120.432
2014-12-09,121.302
2014-12-08,120.879
2014-12-05,119.704
2014-12-04,119.2
2014-12-03,118.693
2014-12-02,118.583
2014-12-01,118.241
2014-11-28,117.639
2014-11-27,117.869
2014-11-26,118.056
2014-11-25,117.997
2014-11-24,118.003
2014-11-21,117.904
2014-11-20,117.137
2014-11-19,116.504
2014-11-18,116.231
2014-11-17,116.046
2014-11-14,115.567
2014-11-13,115.43
2014-11-12,115.001
2014-11-11,114.467
2014-11-10,114.647
2014-11-07,114.526
2014-11-06,113.966
2014-11-05,113.419
2014-11-04,112.854
2014-11-03,111.093
2014-10-31,108.739
2014-10-30,108.111
2014-10-29,107.936
2014-10-28,108.0
2014-10-27,107.957
2014-10-24,107.414
2014-10-23,106.932
2014-10-22,106.84
2014-10-21,106.993
2014-10-20,106.56
2014-10-17,106.32
2014-10-16,106.904
2014-10-15,107.147
2014-10-14,107.417
2014-10-13,107.757
2014-10-10,108.048
2014-10-09,108.38
2014-10-08,108.891
2014-10-07,109.52
2014-10-06,109.344
2014-10-03,109.025
2014-10-02,109.592
2014-10-01,109.495
2014-09-30,109.381
2014-09-29,109.202
2014-09-26,108.942
2014-09-25,108.735
2014-09-24,108.788
2014-09-23,108.973
2014-09-22,108.892
2014-09-19,108.207
2014-09-18,107.291
2014-09-17,107.173
2014-09-16,107.279
2014-09-15,107.182
2014-09-12,106.761
2014-09-11,106.41
2014-09-10,105.864
2014-09-09,105.238
2014-09-08,105.041
2014-09-05,104.994
2014-09-04,104.95
2014-09-03,104.611
2014-09-02,104.165
2014-09-01,103.961
2014-08-29,103.841
2014-08-28,104.014
2014-08-27,104.014
2014-08-26,104.032
2014-08-25,103.9
2014-08-22,103.602
2014-08-21,103.028
2014-08-20,102.596
2014-08-19,102.41
2014-08-18,102.402
2014-08-15,102.44
2014-08-14,102.323
2014-08-13,102.207
2014-08-12,102.09
2014-08-11,102.088
2014-08-08,102.282
2014-08-07,102.488
2014-08-06,102.611
2014-08-05,102.591
2014-08-04,102.697
2014-08-01,102.657
2014-07-31,102.231
2014-07-30,101.917
2014-07-29,101.824
2014-07-28,101.757
2014-07-25,101.566
2014-07-24,101.462
2014-07-23,101.418
2014-07-22,101.324
2014-07-21,101.385
2014-07-18,101.57
2014-07-17,101.674
2014-07-16,101.558
2014-07-15,101.416
2014-07-14,101.363
2014-07-11,101.495
2014-07-10,101.658
2014-07-09,101.815
2014-07-08,102.028
2014-07-07,102.046
2014-07-04,101.859
2014-07-03,101.577
2014-07-02,101.429
2014-07-01,101.395
2014-06-30,101.57
2014-06-27,101.785
2014-06-26,101.906
2014-06-25,101.946
2014-06-24,101.994
2014-06-23,102.004
2014-06-20,101.984
2014-06-19,102.108
2014-06-18,101.963
2014-06-17,101.93
2014-06-16,102.003
2014-06-13,102.036
2014-06-12,102.238
2014-06-11,102.429
2014-06-10,102.505
2014-06-09,102.502
2014-06-06,102.577
2014-06-05,102.558
2014-06-04,102.3
2014-06-03,101.961
2014-06-02,101.714
2014-05-30,101.745
2014-05-29,101.91
2014-05-28,101.945
2014-05-27,101.94
2014-05-26,101.832
2014-05-23,101.473
2014-05-22,101.298
2014-05-21,101.382
2014-05-20,101.422
2014-05-19,101.606
2014-05-16,101.856
2014-05-15,102.081
2014-05-14,102.141
2014-05-13,101.939
2014-05-12,101.815
2014-05-09,101.722
2014-05-08,101.738
2014-05-07,101.943
2014-05-06,102.118
2014-05-05,102.234
2014-05-02,102.313
2014-05-01,102.46
2014-04-30,102.462
2014-04-29,102.25
2014-04-28,102.261
2014-04-25,102.418
2014-04-24,102.51
2014-04-23,102.582
2014-04-22,102.512
2014-04-21,102.33
2014-04-18,102.178
2014-04-17,102.058
2014-04-16,101.767
2014-04-15,101.649
2014-04-14,101.651
2014-04-11,101.807
2014-04-10,102.172
2014-04-09,102.764
2014-04-08,103.226
2014-04-07,103.534
2014-04-04,103.863
2014-04-03,103.613
2014-04-02,103.244
2014-04-01,102.944
2014-03-31,102.558
2014-03-28,102.176
2014-03-27,102.272
2014-03-26,102.294
2014-03-25,102.31
2014-03-24,102.3
2014-03-21,102.084
2014-03-20,101.616
2014-03-19,101.606
2014-03-18,101.51
2014-03-17,101.768
2014-03-14,102.603
2014-03-13,102.98
2014-03-12,103.208
2014-03-11,103.212
2014-03-10,103.051
2014-03-07,102.555
2014-03-06,102.123
2014-03-05,101.655
2014-03-04,101.55
2014-03-03,101.94
2014-02-28,102.24
2014-02-27,102.341
2014-02-26,102.391
2014-02-25,102.455
2014-02-24,102.35
2014-02-21,102.154
2014-02-20,102.251
2014-02-19,102.11
2014-02-18,101.797
2014-02-17,101.95
2014-02-14,102.296
2014-02-13,102.438
2014-02-12,102.322
2014-02-11,102.316
2014-02-10,102.068
2014-02-07,101.517
2014-02-06,101.351
2014-02-05,101.502
2014-02-04,101.926
2014-02-03,102.182
2014-01-31,102.598
2014-01-30,102.816
2014-01-29,102.688
2014-01-28,102.442
2014-01-27,103.009
2014-01-24,104.213
2014-01-23,104.391
2014-01-22,104.329
2014-01-21,104.194
2014-01-20,104.431
2014-01-17,104.509
2014-01-16,104.043
2014-01-15,103.503
2014-01-14,103.733
2014-01-13,104.439
2014-01-10,104.859
2014-01-09,104.685
2014-01-08,104.445
2014-01-07,104.624
2014-01-06,104.981
2014-01-03,105.211
2014-01-02,105.181
2014-01-01,105.112
2013-12-31,105.205
2013-12-30,104.992
2013-12-27,104.519
2013-12-26,104.248
2013-12-25,104.167
2013-12-24,104.043
2013-12-23,104.087
2013-12-20,103.674
2013-12-19,102.965
2013-12-18,102.941
2013-12-17,103.095
2013-12-16,103.091
2013-12-13,102.731
2013-12-12,102.809
2013-12-11,103.023
2013-12-10,103.023
2013-12-09,102.595
2013-12-06,102.228
2013-12-05,102.606
2013-12-04,102.763
2013-12-03,102.592
2013-12-02,102.346
2013-11-29,102.016
2013-11-28,101.612
2013-11-27,101.528
2013-11-26,101.519
2013-11-25,101.045
2013-11-22,100.438
2013-11-21,99.9883
2013-11-20,99.9895
2013-11-19,100.13
2013-11-18,100.014
2013-11-15,99.637
2013-11-14,99.513
2013-11-13,99.3958
2013-11-12,99.0932
2013-11-11,98.8983
2013-11-08,98.6183
2013-11-07,98.5414
2013-11-06,98.5329
2013-11-05,98.6761
2013-11-04,98.5469
2013-11-01,98.3148
2013-10-31,98.0755
2013-10-30,97.7272
2013-10-29,97.5436
2013-10-28,97.3914
2013-10-25,97.4283
2013-10-24,97.8227
2013-10-23,98.177
2013-10-22,97.9403
2013-10-21,97.9048
2013-10-18,98.354
2013-10-17,98.5228
2013-10-16,98.4335
2013-10-15,98.4043
2013-10-14,98.3059
2013-10-11,97.6024
2013-10-10,97.1508
2013-10-09,96.98
2013-10-08,97.1942
2013-10-07,97.4809
2013-10-04,97.5395
2013-10-03,97.7735
2013-10-02,98.0336
2013-10-01,98.0504
2013-09-30,98.4468
2013-09-27,98.7182
2013-09-26,98.6986
2013-09-25,98.8861
2013-09-24,99.1212
2013-09-23,99.1339
2013-09-20,98.8539
2013-09-19,99.0384
2013-09-18,99.0806
2013-09-17,99.0648
2013-09-16,99.4109
2013-09-13,99.7574
2013-09-12,100.141
2013-09-11,99.8531
2013-09-10,99.4244
2013-09-09,99.3894
2013-09-06,99.7828
2013-09-05,99.5714
2013-09-04,99.3097
2013-09-03,98.6725
2013-09-02,98.118
2013-08-30,97.7871
2013-08-29,97.5462
2013-08-28,98.0995
2013-08-27,98.6547
2013-08-26,98.5876
2013-08-23,98.0314
2013-08-22,97.461
2013-08-21,97.5043
2013-08-20,97.6531
2013-08-19,97.653
2013-08-16,97.9766
2013-08-15,98.0191
2013-08-14,97.2633
2013-08-13,96.4143
2013-08-12,96.2787
2013-08-09,96.6514
2013-08-08,97.4181
2013-08-07,98.2754
2013-08-06,98.7631
2013-08-05,98.8408
2013-08-02,98.4096
2013-08-01,98.0393
2013-07-31,98.0301
2013-07-30,98.0563
2013-07-29,98.8789
2013-07-26,99.9013
2013-07-25,99.8323
2013-07-24,99.73
2013-07-23,100.166
2013-07-22,100.432
2013-07-19,99.89
2013-07-18,99.5072
2013-07-17,99.5994
2013-07-16,99.4793
2013-07-15,99.1623
2013-07-12,99.6207
2013-07-11,100.745
2013-07-10,101.115
2013-07-09,101.171
2013-07-08,100.682
2013-07-05,100.001
2013-07-04,100.106
2013-07-03,99.8188
2013-07-02,99.3844
2013-07-01,98.7381
2013-06-28,97.9212
2013-06-27,97.6739
2013-06-26,97.7685
2013-06-25,97.9848
2013-06-24,97.6921
2013-06-21,96.6547
2013-06-20,95.2655
2013-06-19,94.9454
2013-06-18,94.4745
2013-06-17,94.3262
2013-06-14,95.3449
2013-06-13,96.7402
2013-06-12,97.9129
2013-06-11,98.1412
2013-06-10,97.9746
2013-06-07,99.071
2013-06-06,99.7837
2013-06-05,100.016
2013-06-04,100.249
2013-06-03,100.683
2013-05-31,101.264
2013-05-30,101.77
2013-05-29,101.571
2013-05-28,101.126
2013-05-27,101.635
2013-05-24,102.454
2013-05-23,102.739
2013-05-22,102.564
2013-05-21,102.836
2013-05-20,102.852
2013-05-17,102.293
2013-05-16,102.124
2013-05-15,101.775
2013-05-14,101.728
2013-05-13,100.72
2013-05-10,99.0624
2013-05-09,98.9906
2013-05-08,99.1698
2013-05-07,99.1508
2013-05-06,98.4669
2013-05-03,97.4669
2013-05-02,97.4832
2013-05-01,97.7486
2013-04-30,97.9181
2013-04-29,98.4994
2013-04-26,99.3813
2013-04-25,99.3183
2013-04-24,99.2809
2013-04-23,99.5968
2013-04-22,99.0275
2013-04-19,98.0722
2013-04-18,97.7711
2013-04-17,97.6519
2013-04-16,98.123
2013-04-15,98.8767
2013-04-12,99.5331
2013-04-11,99.2745
2013-04-10,98.98
2013-04-09,98.2692
2013-04-08,96.5309
2013-04-05,94.2025
2013-04-04,93.2564
2013-04-03,93.393
2013-04-02,93.922
2013-04-01,94.1986
2013-03-29,94.3012
2013-03-28,94.4263
2013-03-27,94.3937
2013-03-26,94.5444
2013-03-25,94.8818
2013-03-22,95.4606
2013-03-21,95.3385
2013-03-20,95.1638
2013-03-19,95.0537
2013-03-18,95.6041
2013-03-15,96.0359
2013-03-14,96.0379
2013-03-13,96.1981
2013-03-12,96.0871
2013-03-11,95.3359
2013-03-08,93.9525
2013-03-07,93.3783
2013-03-06,93.342
2013-03-05,93.509
2013-03-04,93.1076
2013-03-01,92.1489
2013-02-28,91.9006
2013-02-27,92.697
2013-02-26,93.6636
2013-02-25,93.3761
2013-02-22,93.3988
2013-02-21,93.5734
2013-02-20,93.7478
2013-02-19,93.7848
2013-02-18,93.4332
2013-02-15,93.3307
2013-02-14,93.5787
2013-02-13,93.603
2013-02-12,92.8689
2013-02-11,92.9783
2013-02-08,93.5866
2013-02-07,93.3213
2013-02-06,92.7524
2013-02-05,92.7523
2013-02-04,92.1642
2013-02-01,91.0527
2013-01-31,90.9037
2013-01-30,90.74
2013-01-29,90.3154
2013-01-28,90.3154
2013-01-25,89.0631
2013-01-24,88.7284
2013-01-23,89.3109
2013-01-22,89.8466
2013-01-21,89.6892
2013-01-18,88.758
2013-01-17,88.5641
2013-01-16,89.1271
2013-01-15,89.3228
2013-01-14,88.7667
2013-01-11,87.8899
2013-01-10,87.4808
2013-01-09,87.616
2013-01-08,87.9971
2013-01-07,87.7564
2013-01-04,87.0914
2013-01-03,86.8726
2013-01-02,86.4583
2013-01-01,86.0622
2012-12-31,85.8588
2012-12-28,85.5279
2012-12-27,84.9289
2012-12-26,84.6734
2012-12-25,84.4035
2012-12-24,84.2252
2012-12-21,84.2576
2012-12-20,84.2115
2012-12-19,83.9476
2012-12-18,83.772
2012-12-17,83.5124
2012-12-14,83.2175
2012-12-13,82.6514
2012-12-12,82.3986
2012-12-11,82.4188
2012-12-10,82.4618
2012-12-07,82.3187
2012-12-06,82.1104
2012-12-05,82.1218
2012-12-04,82.364
2012-12-03,82.3437
2012-11-30,82.0257
2012-11-29,81.9911
2012-11-28,82.161
2012-11-27,82.2812
2012-11-26,82.4475
2012-11-23,82.3709
2012-11-22,81.8414
2012-11-21,81.3684
2012-11-20,81.2786
2012-11-19,81.1238
2012-11-16,80.465
2012-11-15,79.6913
2012-11-14,79.4357
2012-11-13,79.4706
2012-11-12,79.6216
2012-11-09,79.9345
2012-11-08,80.1466
2012-11-07,80.2598
2012-11-06,80.3795
2012-11-05,80.2909
2012-11-02,79.9064
2012-11-01,79.6961
2012-10-31,79.6597
2012-10-30,79.6745
2012-10-29,79.8047
2012-10-26,79.9935
2012-10-25,79.8358
2012-10-24,79.7715
2012-10-23,79.5146
2012-10-22,79.2597
2012-10-19,79.0339
2012-10-18,78.8076
2012-10-17,78.7574
2012-10-16,78.5442
2012-10-15,78.3551
2012-10-12,78.2346
2012-10-11,78.2743
2012-10-10,78.3396
2012-10-09,78.5087
2012-10-08,78.6171
2012-10-05,78.4405
2012-10-04,78.2322
2012-10-03,78.0367
2012-10-02,77.9549
2012-10-01,77.8357
2012-09-28,77.6993
2012-09-27,77.7766
2012-09-26,77.8945
2012-09-25,78.0705
2012-09-24,78.2082
2012-09-21,78.4467
2012-09-20,78.6976
2012-09-19,78.5896
2012-09-18,78.4407
2012-09-17,78.1058
2012-09-14,77.7235
2012-09-13,77.9244
2012-09-12,78.1238
2012-09-11,78.2493
2012-09-10,78.3655
2012-09-07,78.5265
2012-09-06,78.3986
2012-09-05,78.3507
2012-09-04,78.3288
2012-09-03,78.4716
2012-08-31,78.6264
2012-08-30,78.6055
2012-08-29,78.632
2012-08-28,78.7014
2012-08-27,78.6242
2012-08-24,78.7773
2012-08-23,79.2486
2012-08-22,79.4231
2012-08-21,79.5179
2012-08-20,79.4287
2012-08-17,79.0744
2012-08-16,78.7447
2012-08-15,78.4723
2012-08-14,78.282
2012-08-13,78.3681
2012-08-10,78.5001
2012-08-09,78.4517
2012-08-08,78.4005
2012-08-07,78.4038
2012-08-06,78.4131
2012-08-03,78.2765
2012-08-02,78.1677
2012-08-01,78.2265
2012-07-31,78.3467
2012-07-30,78.3339
2012-07-27,78.1776
2012-07-26,78.2098
2012-07-25,78.255
2012-07-24,78.3629
2012-07-23,78.5436
2012-07-20,78.7561
2012-07-19,78.9837
2012-07-18,78.9938
2012-07-17,79.0711
2012-07-16,79.2787
2012-07-13,79.4161
2012-07-12,79.4282
2012-07-11,79.5165
2012-07-10,79.6353
2012-07-09,79.7265
2012-07-06,79.8315
2012-07-05,79.7762
2012-07-04,79.7052
2012-07-03,79.7027
2012-07-02,79.6574
2012-06-29,79.4956
2012-06-28,79.5626
2012-06-27,79.7057
2012-06-26,80.169
2012-06-25,80.2261
2012-06-22,79.5768
2012-06-21,79.0614
2012-06-20,79.0246
2012-06-19,78.9544
2012-06-18,78.9508
2012-06-15,79.426
2012-06-14,79.5041
2012-06-13,79.4812
2012-06-12,79.5084
2012-06-11,79.4741
2012-06-08,79.2854
2012-06-07,78.7831
2012-06-06,78.3463
2012-06-05,78.1226
2012-06-04,78.287
2012-06-01,78.8945
2012-05-31,79.3492
2012-05-30,79.4889
2012-05-29,79.5306
2012-05-28,79.602
2012-05-25,79.5084
2012-05-24,79.602
2012-05-23,79.52
2012-05-22,79.1643
2012-05-21,79.4261
2012-05-18,80.1506
2012-05-17,80.204
2012-05-16,79.9653
2012-05-15,79.8744
2012-05-14,79.8744
2012-05-11,79.7543
2012-05-10,79.7865
2012-05-09,79.8686
2012-05-08,80.0014
2012-05-07,80.0014
2012-05-04,80.2448
2012-05-03,80.1152
2012-05-02,79.989
2012-05-01,80.1687
2012-04-30,80.6025
2012-04-27,81.1724
2012-04-26,81.2721
2012-04-25,81.1688
2012-04-24,81.367
2012-04-23,81.5391
2012-04-20,81.4068
2012-04-19,81.0239
2012-04-18,80.6249
2012-04-17,80.7685
2012-04-16,80.9235
2012-04-13,80.8943
2012-04-12,80.971
2012-04-11,81.309
2012-04-10,81.5024
2012-04-09,81.8582
2012-04-06,82.3836
2012-04-05,82.4379
2012-04-04,82.3357
2012-04-03,82.7534
2012-04-02,82.7296
2012-03-30,82.6485
2012-03-29,82.9474
2012-03-28,82.8704
2012-03-27,82.5931
2012-03-26,82.6065
2012-03-23,83.2851
2012-03-22,83.6483
2012-03-21,83.4747
2012-03-20,83.3785
2012-03-19,83.5242
2012-03-16,83.5553
2012-03-15,83.0423
2012-03-14,82.4282
2012-03-13,82.3537
2012-03-12,82.0925
2012-03-09,81.19
2012-03-08,80.9611
2012-03-07,81.2717
2012-03-06,81.5899
2012-03-05,81.5556
2012-03-02,80.9242
2012-03-01,80.5622
2012-02-29,80.6182
2012-02-28,80.9646
2012-02-27,80.822
2012-02-24,80.1413
2012-02-23,79.952
2012-02-22,79.6576
2012-02-21,79.5578
2012-02-20,79.243
2012-02-17,78.5714
2012-02-16,78.2663
2012-02-15,77.8505
2012-02-14,77.4737
2012-02-13,77.4737
2012-02-10,77.1394
2012-02-09,76.8645
2012-02-08,76.689
2012-02-07,76.6124
2012-02-06,76.4318
2012-02-03,76.1546
2012-02-02,76.2235
2012-02-01,76.4161
2012-01-31,76.6366
2012-01-30,77.0558
2012-01-27,77.7257
2012-01-26,77.7016
2012-01-25,77.1804
2012-01-24,77.002
2012-01-23,76.9659
2012-01-20,76.8337
2012-01-19,76.7888
2012-01-18,76.7888
2012-01-17,76.8769
2012-01-16,76.9278
2012-01-13,76.8735
2012-01-12,76.8846
2012-01-11,76.8588
2012-01-10,76.9135
2012-01-09,76.9228
2012-01-06,76.8163
2012-01-05,76.7352
2012-01-04,76.8504
2012-01-03,76.934
2012-01-02,77.2429
2011-12-30,77.7975
2011-12-29,77.8431
2011-12-28,77.9311
2011-12-27,78.0186
2011-12-26,78.0937
2011-12-23,78.0183
2011-12-22,77.8881
2011-12-21,77.9162
2011-12-20,77.8645
2011-12-19,77.8575
2011-12-16,77.9851
2011-12-15,77.9571
2011-12-14,77.8266
2011-12-13,77.6968
2011-12-12,77.5992
2011-12-09,77.6285
2011-12-08,77.7282
2011-12-07,77.8266
2011-12-06,77.9582
2011-12-05,77.8656
2011-12-02,77.726
2011-12-01,77.8748
2011-11-30,77.8786
2011-11-29,77.7415
2011-11-28,77.4987
2011-11-25,77.1337
2011-11-24,77.0897
2011-11-23,76.9509
2011-11-22,76.8773
2011-11-21,76.9331
2011-11-18,77.0038
2011-11-17,77.0219
2011-11-16,77.0546
2011-11-15,77.1019
2011-11-14,77.3413
2011-11-11,77.6926
2011-11-10,77.7832
2011-11-09,78.0064
2011-11-08,78.1462
2011-11-07,78.1604
2011-11-04,78.0743
2011-11-03,78.1695
2011-11-02,78.1091
2011-11-01,77.0785
2011-10-31,75.8499
2011-10-28,75.9819
2011-10-27,76.0391
2011-10-26,76.1086
2011-10-25,76.2054
2011-10-24,76.4804
2011-10-21,76.8062
2011-10-20,76.7813
2011-10-19,76.9158
2011-10-18,77.1336
2011-10-17,77.1163
2011-10-14,76.9581
2011-10-13,76.8265
2011-10-12,76.6911
2011-10-11,76.7364
2011-10-10,76.7544
2011-10-07,76.7251
2011-10-06,76.7423
2011-10-05,76.7896
2011-10-04,76.9567
2011-10-03,76.8911
2011-09-30,76.5897
2011-09-29,76.5175
2011-09-28,76.458
2011-09-27,76.4704
2011-09-26,76.5331
2011-09-23,76.4537
2011-09-22,76.4421
2011-09-21,76.6148
2011-09-20,76.773
2011-09-19,76.7699
2011-09-16,76.7469
2011-09-15,76.8883
2011-09-14,77.0906
2011-09-13,77.352
2011-09-12,77.4902
2011-09-09,77.3545
2011-09-08,77.264
2011-09-07,77.0334
2011-09-06,76.8344
2011-09-05,76.8428
2011-09-02,76.7956
2011-09-01,76.6715
2011-08-31,76.7727
2011-08-30,76.7385
2011-08-29,76.8837
2011-08-26,76.9943
2011-08-25,76.7274
2011-08-24,76.7274
2011-08-23,76.6947
2011-08-22,76.5778
2011-08-19,76.598
2011-08-18,76.6787
2011-08-17,76.8077
2011-08-16,76.7783
2011-08-15,76.7289
2011-08-12,76.7289
2011-08-11,76.9388
2011-08-10,77.4853
2011-08-09,78.0254
2011-08-08,78.505
2011-08-05,78.2408
2011-08-04,77.1825
2011-08-03,77.2923
2011-08-02,77.1087
2011-08-01,77.1783
2011-07-29,77.8396
2011-07-28,77.9495
2011-07-27,78.1703
2011-07-26,78.3823
2011-07-25,78.5817
2011-07-22,78.8102
2011-07-21,78.9972
2011-07-20,79.048
2011-07-19,79.0851
2011-07-18,79.0625
2011-07-15,79.0662
2011-07-14,79.4714
2011-07-13,80.0894
2011-07-12,80.5915
2011-07-11,80.7878
2011-07-08,81.0135
2011-07-07,80.9724
2011-07-06,80.9284
2011-07-05,80.7846
2011-07-04,80.7243
2011-07-01,80.7064
2011-06-30,80.9405
2011-06-29,80.8355
2011-06-28,80.6511
2011-06-27,80.4759
2011-06-24,80.4126
2011-06-23,80.2055
2011-06-22,80.1916
2011-06-21,80.1525
2011-06-20,80.3383
2011-06-17,80.7341
2011-06-16,80.532
2011-06-15,80.3372
2011-06-14,80.3382
2011-06-13,80.24
2011-06-10,80.038
2011-06-09,80.0258
2011-06-08,80.1973
2011-06-07,80.2368
2011-06-06,80.5239
2011-06-03,81.0192
2011-06-02,81.2268
2011-06-01,81.1274
2011-05-31,80.8349
2011-05-30,81.1492
2011-05-27,81.8063
2011-05-26,81.9703
2011-05-25,81.8787
2011-05-24,81.7737
2011-05-23,81.7214
2011-05-20,81.5895
2011-05-19,81.1421
2011-05-18,81.1421
2011-05-17,80.8321
2011-05-16,80.867
2011-05-13,80.9669
2011-05-12,80.7979
2011-05-11,80.5779
2011-05-10,80.6173
2011-05-09,80.4979
2011-05-06,80.4829
2011-05-05,80.9134
2011-05-04,81.121
2011-05-03,81.2779
2011-05-02,81.3904
2011-04-29,81.8135
2011-04-28,81.8668
2011-04-27,81.84
2011-04-26,81.9753
2011-04-25,81.9551
2011-04-22,82.299
2011-04-21,82.6084
2011-04-20,82.617
2011-04-19,82.9302
2011-04-18,83.2422
2011-04-15,83.6181
2011-04-14,83.9762
2011-04-13,84.3134
2011-04-12,84.7584
2011-04-11,84.9456
2011-04-08,85.2047
2011-04-07,84.9202
2011-04-06,84.2896
2011-04-05,83.6526
2011-04-04,83.6526
2011-04-01,82.879
2011-03-31,82.5521
2011-03-30,81.8767
2011-03-29,81.5606
2011-03-28,81.2084
2011-03-25,80.9292
2011-03-24,80.9496
2011-03-23,81.0138
2011-03-22,80.8713
2011-03-21,79.9816
2011-03-18,79.5165
2011-03-17,80.8905
2011-03-16,81.5329
2011-03-15,82.2581
2011-03-14,82.2581
2011-03-11,82.8376
2011-03-10,82.6573
2011-03-09,82.3608
2011-03-08,82.2413
2011-03-07,82.1959
2011-03-04,81.9518
2011-03-03,81.925
2011-03-02,81.9136
2011-03-01,81.7293
2011-02-28,81.8038
2011-02-25,82.2645
2011-02-24,82.8249
2011-02-23,83.0888
2011-02-22,83.1506
2011-02-21,83.2951
2011-02-18,83.5911
2011-02-17,83.6661
2011-02-16,83.4597
2011-02-15,83.3541
2011-02-14,83.1671
2011-02-11,82.6375
2011-02-10,82.3329
2011-02-09,82.2376
2011-02-08,82.2645
2011-02-07,81.9896
2011-02-04,81.5935
2011-02-03,81.6041
2011-02-02,81.8844
2011-02-01,82.0976
2011-01-31,82.2878
2011-01-28,82.4193
2011-01-27,82.2789
2011-01-26,82.5166
2011-01-25,82.6502
2011-01-24,82.5072
2011-01-21,82.331
2011-01-20,82.3609
2011-01-19,82.6681
2011-01-18,82.8161
2011-01-17,82.8919
2011-01-14,83.0445
2011-01-13,83.145
2011-01-12,83.0555
2011-01-11,83.0875
2011-01-10,83.1836
2011-01-07,82.9053
2011-01-06,82.2706
2011-01-05,81.7776
2011-01-04,81.3237
2011-01-03,81.3384
2010-12-31,81.7535
2010-12-30,82.2268
2010-12-29,82.5459
2010-12-28,82.8612
2010-12-27,82.9918
2010-12-24,83.3502
2010-12-23,83.6777
2010-12-22,83.764
2010-12-21,83.9017
2010-12-20,84.0649
2010-12-17,84.0993
2010-12-16,83.7337
2010-12-15,83.5904
2010-12-14,83.9188
2010-12-13,83.9239
2010-12-10,83.876
2010-12-09,83.4454
2010-12-08,82.7736
2010-12-07,82.6931
2010-12-06,83.1329
2010-12-03,83.972
2010-12-02,83.8697
2010-12-01,84.0111
2010-11-30,84.0987
2010-11-29,83.8448
2010-11-26,83.4484
2010-11-25,83.2839
2010-11-24,83.3455
2010-11-23,83.4749
2010-11-22,83.452
2010-11-19,83.3336
2010-11-18,83.2861
2010-11-17,83.0401
2010-11-16,82.6893
2010-11-15,82.4364
2010-11-12,82.1824
2010-11-11,81.6293
2010-11-10,81.074
2010-11-09,81.2228
2010-11-08,81.1234
2010-11-05,80.8772
2010-11-04,80.8038
2010-11-03,80.6082
2010-11-02,80.4663
2010-11-01,80.6905
2010-10-29,81.4013
2010-10-28,81.5062
2010-10-27,80.9887
2010-10-26,80.9469
2010-10-25,81.2834
2010-10-22,81.1688
2010-10-21,81.3345
2010-10-20,81.4183
2010-10-19,81.2978
2010-10-18,81.3892
2010-10-15,81.4998
2010-10-14,81.8514
2010-10-13,81.9398
2010-10-12,81.9913
2010-10-11,82.1428
2010-10-08,82.6666
2010-10-07,83.1361
2010-10-06,83.3661
2010-10-05,83.314
2010-10-04,83.2993
2010-10-01,83.5086
2010-09-30,83.7947
2010-09-29,84.1157
2010-09-28,84.2264
2010-09-27,84.3093
2010-09-24,84.5196
2010-09-23,84.9233
2010-09-22,85.4979
2010-09-21,85.7581
2010-09-20,85.7627
2010-09-17,85.5403
2010-09-16,84.5758
2010-09-15,83.4641
2010-09-14,83.9711
2010-09-13,83.983
2010-09-10,83.7578
2010-09-09,83.797
2010-09-08,83.9896
2010-09-07,84.2472
2010-09-06,84.2597
2010-09-03,84.2382
2010-09-02,84.271
2010-09-01,84.4579
2010-08-31,84.9772
2010-08-30,85.0024
2010-08-27,84.5665
2010-08-26,84.4508
2010-08-25,84.7103
2010-08-24,85.398
2010-08-23,85.5543
2010-08-20,85.4316
2010-08-19,85.3894
2010-08-18,85.4635
2010-08-17,85.7909
2010-08-16,85.971
2010-08-13,85.4642
2010-08-12,85.4196
2010-08-11,85.7566
2010-08-10,85.6193
2010-08-09,85.6941
2010-08-06,85.9431
2010-08-05,85.8707
2010-08-04,86.2041
2010-08-03,86.5302
2010-08-02,86.6712
2010-07-30,87.2753
2010-07-29,87.6321
2010-07-28,87.3612
2010-07-27,87.2701
2010-07-26,87.2205
2010-07-23,86.8958
2010-07-22,87.0857
2010-07-21,86.9806
2010-07-20,86.7478
2010-07-19,87.0476
2010-07-16,88.1227
2010-07-15,88.548
2010-07-14,88.5356
2010-07-13,88.6589
2010-07-12,88.5043
2010-07-09,87.9539
2010-07-08,87.4615
2010-07-07,87.7268
2010-07-06,87.7801
2010-07-05,87.7958
2010-07-02,88.1599
2010-07-01,88.6121
2010-06-30,88.9176
2010-06-29,89.2973
2010-06-28,89.3434
2010-06-25,89.7874
2010-06-24,90.3892
2010-06-23,90.8072
2010-06-22,90.9094
2010-06-21,90.8032
2010-06-18,91.2251
2010-06-17,91.412
2010-06-16,91.5061
2010-06-15,91.7478
2010-06-14,91.4924
2010-06-11,91.272
2010-06-10,91.4253
2010-06-09,91.5306
2010-06-08,91.7878
2010-06-07,92.1814
2010-06-04,92.2767
2010-06-03,91.6036
2010-06-02,91.1784
2010-06-01,91.2389
2010-05-31,90.8531
2010-05-28,90.4296
2010-05-27,90.0748
2010-05-26,89.9685
2010-05-25,90.2151
2010-05-24,90.2541
2010-05-21,91.009
2010-05-20,91.9865
2010-05-19,92.4672
2010-05-18,92.3406
2010-05-17,92.6358
2010-05-14,92.976
2010-05-13,92.8602
2010-05-12,92.8515
2010-05-11,92.5344
2010-05-10,92.0668
2010-05-07,93.4671
2010-05-06,94.5033
2010-05-05,94.4945
2010-05-04,94.1252
2010-05-03,93.9132
2010-04-30,93.9491
2010-04-29,93.7024
2010-04-28,93.7623
2010-04-27,94.0802
2010-04-26,93.6448
2010-04-23,93.15
2010-04-22,93.1277
2010-04-21,92.6379
2010-04-20,92.1195
2010-04-19,92.5087
2010-04-16,93.2295
2010-04-15,93.223
2010-04-14,93.1319
2010-04-13,93.2663
2010-04-12,93.3781
2010-04-09,93.3781
2010-04-08,93.7908
2010-04-07,94.0873
2010-04-06,94.4821
2010-04-05,94.277
2010-04-02,93.566
2010-04-01,93.0907
2010-03-31,92.6336
2010-03-30,92.5384
2010-03-29,92.4389
2010-03-26,92.0589
2010-03-25,91.0795
2010-03-24,90.3286
2010-03-23,90.3976
2010-03-22,90.4374
2010-03-19,90.3291
2010-03-18,90.4246
2010-03-17,90.4701
2010-03-16,90.5964
2010-03-15,90.5561
2010-03-12,90.46
2010-03-11,90.2213
2010-03-10,90.0493
2010-03-09,90.3058
2010-03-08,89.6401
2010-03-05,88.697
2010-03-04,88.8006
2010-03-03,89.1004
2010-03-02,89.1076
2010-03-01,89.0422
2010-02-26,89.5576
2010-02-25,90.3204
2010-02-24,90.8997
2010-02-23,91.4019
2010-02-22,91.3184
2010-02-19,90.9294
2010-02-18,90.4823
2010-02-17,89.9982
2010-02-16,89.9982
2010-02-15,89.9104
2010-02-12,89.8204
2010-02-11,89.6534
2010-02-10,89.4312
2010-02-09,89.3089
2010-02-08,89.7247
2010-02-05,90.544
2010-02-04,90.5103
2010-02-03,90.5103
2010-02-02,90.3085
2010-02-01,90.1911
2010-01-29,89.8971
2010-01-28,89.6303
2010-01-27,89.9892
2010-01-26,90.076
2010-01-25,90.4595
2010-01-22,91.2278
2010-01-21,90.9779
2010-01-20,90.7881
2010-01-19,90.8058
2010-01-18,91.0322
2010-01-15,91.3898
2010-01-14,91.4117
2010-01-13,91.9185
2010-01-12,92.4356
2010-01-11,92.6828
2010-01-08,92.5143
2010-01-07,92.0797
2010-01-06,92.2697
2010-01-05,92.8855
2010-01-04,92.8684
2010-01-01,92.4508
2009-12-31,92.0485
2009-12-30,91.6818
2009-12-29,91.4786
2009-12-28,91.4234
2009-12-25,91.5612
2009-12-24,91.5896
2009-12-23,91.1071
2009-12-22,90.5574
2009-12-21,90.2826
2009-12-18,89.8385
2009-12-17,89.481
2009-12-16,88.9903
2009-12-15,88.8379
2009-12-14,88.72
2009-12-11,88.1201
2009-12-10,88.3767
2009-12-09,89.217
2009-12-08,90.1115
2009-12-07,89.5603
2009-12-04,87.5893
2009-12-03,86.9815
2009-12-02,86.657
2009-12-01,86.5079
2009-11-30,86.7046
2009-11-27,87.295
2009-11-26,88.2492
2009-11-25,88.7886
2009-11-24,88.8984
2009-11-23,88.9399
2009-11-20,89.1227
2009-11-19,89.2047
2009-11-18,89.2587
2009-11-17,89.5286
2009-11-16,89.7672
2009-11-13,89.9157
2009-11-12,89.8227
2009-11-11,89.9349
2009-11-10,89.951
2009-11-09,90.1025
2009-11-06,90.528
2009-11-05,90.4655
2009-11-04,90.1909
2009-11-03,90.0764
2009-11-02,90.367
2009-10-30,90.993
2009-10-29,91.5067
2009-10-28,92.0095
2009-10-27,91.9957
2009-10-26,91.7638
2009-10-23,91.0982
2009-10-22,90.717
2009-10-21,90.6119
2009-10-20,90.8196
2009-10-19,90.5153
2009-10-16,89.7326
2009-10-15,89.5249
2009-10-14,89.8547
2009-10-13,89.8887
2009-10-12,89.2444
2009-10-09,88.5282
2009-10-08,88.8514
2009-10-07,89.3146
2009-10-06,89.7478
2009-10-05,89.804
2009-10-02,89.8018
2009-10-01,89.8317
2009-09-30,89.7309
2009-09-29,89.4753
2009-09-28,90.1855
2009-09-25,91.0427
2009-09-24,91.2366
2009-09-23,91.6325
2009-09-22,91.656
2009-09-21,91.209
2009-09-18,90.9535
2009-09-17,90.882
2009-09-16,90.9234
2009-09-15,90.6806
2009-09-14,91.159
2009-09-11,92.0883
2009-09-10,92.3442
2009-09-09,92.7137
2009-09-08,93.0421
2009-09-07,92.7628
2009-09-04,92.4753
2009-09-03,92.792
2009-09-02,93.0414
2009-09-01,93.1896
2009-08-31,93.63
2009-08-28,93.9065
2009-08-27,94.1884
2009-08-26,94.3871
2009-08-25,94.563
2009-08-24,94.3174
2009-08-21,94.2443
2009-08-20,94.5037
2009-08-19,94.7101
2009-08-18,94.6887
2009-08-17,95.2729
2009-08-14,95.8585
2009-08-13,96.0929
2009-08-12,96.8075
2009-08-11,97.3692
2009-08-10,96.7395
2009-08-07,95.2237
2009-08-06,95.1138
2009-08-05,95.0556
2009-08-04,94.8557
2009-08-03,94.9115
2009-07-31,95.039
2009-07-30,94.7208
2009-07-29,94.8868
2009-07-28,94.9357
2009-07-27,94.637
2009-07-24,94.0816
2009-07-23,93.7006
2009-07-22,94.1298
2009-07-21,94.369
2009-07-20,94.0802
2009-07-17,93.8154
2009-07-16,93.4793
2009-07-15,92.9211
2009-07-14,92.5821
2009-07-13,92.7278
2009-07-10,93.3786
2009-07-09,94.4336
2009-07-08,95.24
2009-07-07,95.6274
2009-07-06,96.1787
2009-07-03,96.4958
2009-07-02,96.4131
2009-07-01,95.8537
2009-06-30,95.4074
2009-06-29,95.5132
2009-06-26,95.8434
2009-06-25,95.3829
2009-06-24,95.6047
2009-06-23,96.0983
2009-06-22,96.1695
2009-06-19,96.0713
2009-06-18,96.4363
2009-06-17,97.3078
2009-06-16,98.2592
2009-06-15,98.2345
2009-06-12,97.8811
2009-06-11,97.8786
2009-06-10,98.1892
2009-06-09,98.5611
2009-06-08,97.7847
2009-06-05,96.1928
2009-06-04,95.9819
2009-06-03,95.8526
2009-06-02,95.4071
2009-06-01,95.7582
2009-05-29,96.0084
2009-05-28,95.0891
2009-05-27,94.8378
2009-05-26,94.8194
2009-05-25,94.716
2009-05-22,94.9666
2009-05-21,95.8337
2009-05-20,95.9947
2009-05-19,95.3761
2009-05-18,95.3027
2009-05-15,95.7282
2009-05-14,96.4706
2009-05-13,97.4383
2009-05-12,98.183
2009-05-11,98.6863
2009-05-08,98.8101
2009-05-07,98.6347
2009-05-06,99.0333
2009-05-05,99.263
2009-05-04,98.7158
2009-05-01,97.5474
2009-04-30,96.6805
2009-04-29,96.483
2009-04-28,96.8925
2009-04-27,97.4753
2009-04-24,98.0909
2009-04-23,98.4081
2009-04-22,98.4081
2009-04-21,98.8693
2009-04-20,99.1416
2009-04-17,99.0599
2009-04-16,99.2191
2009-04-15,99.9029
2009-04-14,100.323
2009-04-13,100.182
2009-04-10,100.076
2009-04-09,100.228
2009-04-08,100.625
2009-04-07,100.617
2009-04-06,99.8645
2009-04-03,98.9743
2009-04-02,98.7375
2009-04-01,98.0933
2009-03-31,97.5049
2009-03-30,97.9296
2009-03-27,97.9138
2009-03-26,97.7693
2009-03-25,97.3374
2009-03-24,96.241
2009-03-23,95.7459
2009-03-20,96.5234
2009-03-19,98.3756
2009-03-18,98.4262
2009-03-17,98.1362
2009-03-16,97.6205
2009-03-13,97.4729
2009-03-12,98.4149
2009-03-11,98.6122
2009-03-10,98.4573
2009-03-09,98.5629
2009-03-06,98.9922
2009-03-05,98.4893
2009-03-04,97.6341
2009-03-03,97.4824
2009-03-02,97.7103
2009-02-27,97.5556
2009-02-26,96.405
2009-02-25,94.8125
2009-02-24,93.5127
2009-02-23,93.516
2009-02-20,93.4116
2009-02-19,92.5448
2009-02-18,91.9877
2009-02-17,91.7489
2009-02-16,91.2323
2009-02-13,90.2456
2009-02-12,90.5899
2009-02-11,91.3134
2009-02-10,91.6938
2009-02-09,91.193
2009-02-06,89.7128
2009-02-05,89.4076
2009-02-04,89.4869
2009-02-03,89.7001
2009-02-02,89.9617
2009-01-30,89.7779
2009-01-29,89.3221
2009-01-28,89.1425
2009-01-27,88.9283
2009-01-26,88.8541
2009-01-23,89.1951
2009-01-22,89.8536
2009-01-21,90.4934
2009-01-20,90.7291
2009-01-19,90.1912
2009-01-16,89.2308
2009-01-15,89.3459
2009-01-14,89.5185
2009-01-13,90.0273
2009-01-12,90.9968
2009-01-09,92.4499
2009-01-08,93.4346
2009-01-07,93.2685
2009-01-06,92.3321
2009-01-05,91.4092
2009-01-02,90.5891
2009-01-01,90.413
2008-12-31,90.3895
2008-12-30,90.5511
2008-12-29,90.6431
2008-12-26,90.4561
2008-12-25,90.458
2008-12-24,90.1009
2008-12-23,89.627
2008-12-22,88.9209
2008-12-19,88.3344
2008-12-18,89.1936
2008-12-17,90.4788
2008-12-16,90.9687
2008-12-15,91.5625
2008-12-12,92.3295
2008-12-11,92.591
2008-12-10,92.7657
2008-12-09,92.9259
2008-12-08,92.8635
2008-12-05,93.0199
2008-12-04,93.2006
2008-12-03,93.7866
2008-12-02,94.9504
2008-12-01,95.4606
2008-11-28,95.2965
2008-11-27,95.5914
2008-11-26,96.0445
2008-11-25,95.7953
2008-11-24,95.7586
2008-11-21,95.917
2008-11-20,96.6548
2008-11-19,96.6585
2008-11-18,96.839
2008-11-17,96.4788
2008-11-14,96.2291
2008-11-13,97.3966
2008-11-12,98.2304
2008-11-11,98.6754
2008-11-10,98.1937
2008-11-07,98.4665
2008-11-06,99.2761
2008-11-05,99.1587
2008-11-04,98.7996
2008-11-03,98.4007
2008-10-31,97.8985
2008-10-30,96.3851
2008-10-29,94.1917
2008-10-28,93.6972
2008-10-27,95.3814
2008-10-24,98.1106
2008-10-23,100.091
2008-10-22,101.483
2008-10-21,101.746
2008-10-20,101.193
2008-10-17,100.76
2008-10-16,101.787
2008-10-15,101.708
2008-10-14,100.616
2008-10-13,100.597
2008-10-10,100.494
2008-10-09,101.132
2008-10-08,102.512
2008-10-07,103.993
2008-10-06,105.407
2008-10-03,105.772
2008-10-02,105.596
2008-10-01,105.23
2008-09-30,105.929
2008-09-29,106.038
2008-09-26,105.993
2008-09-25,105.715
2008-09-24,105.859
2008-09-23,106.815
2008-09-22,106.406
2008-09-19,105.018
2008-09-18,105.138
2008-09-17,104.905
2008-09-16,106.534
2008-09-15,107.593
2008-09-12,107.188
2008-09-11,107.481
2008-09-10,107.993
2008-09-09,108.213
2008-09-08,107.879
2008-09-05,108.27
2008-09-04,108.566
2008-09-03,108.385
2008-09-02,108.428
2008-09-01,108.982
2008-08-29,109.334
2008-08-28,109.446
2008-08-27,109.695
2008-08-26,109.925
2008-08-25,109.693
2008-08-22,109.344
2008-08-21,110.026
2008-08-20,110.026
2008-08-19,110.341
2008-08-18,110.124
2008-08-15,109.327
2008-08-14,109.339
2008-08-13,110.053
2008-08-12,110.053
2008-08-11,109.917
2008-08-08,109.183
2008-08-07,108.452
2008-08-06,108.023
2008-08-05,107.8
2008-08-04,107.826
2008-08-01,108.037
2008-07-31,107.917
2008-07-30,107.702
2008-07-29,107.764
2008-07-28,107.8
2008-07-25,107.666
2008-07-24,107.193
2008-07-23,106.7
2008-07-22,106.862
2008-07-21,106.377
2008-07-18,105.093
2008-07-17,104.854
2008-07-16,105.78
2008-07-15,106.374
2008-07-14,106.56
2008-07-11,107.128
2008-07-10,107.228
2008-07-09,107.124
2008-07-08,107.05
2008-07-07,106.585
2008-07-04,106.205
2008-07-03,106.03
2008-07-02,105.913
2008-07-01,106.011
2008-06-30,106.719
2008-06-27,107.757
2008-06-26,107.784
2008-06-25,107.784
2008-06-24,107.475
2008-06-23,107.511
2008-06-20,107.873
2008-06-19,108.027
2008-06-18,108.111
2008-06-17,108.214
2008-06-16,107.903
2008-06-13,107.399
2008-06-12,107.117
2008-06-11,106.273
2008-06-10,105.278
2008-06-09,105.234
2008-06-06,105.442
2008-06-05,104.86
2008-06-04,104.744
2008-06-03,105.18
2008-06-02,105.358
2008-05-30,104.846
2008-05-29,104.152
2008-05-28,103.59
2008-05-27,103.367
2008-05-26,103.376
2008-05-23,103.374
2008-05-22,103.618
2008-05-21,104.052
2008-05-20,104.121
2008-05-19,104.393
2008-05-16,104.959
2008-05-15,104.64
2008-05-14,103.827
2008-05-13,103.227
2008-05-12,103.362
2008-05-09,104.562
2008-05-08,104.918
2008-05-07,104.912
2008-05-06,105.285
2008-05-05,104.826
2008-05-02,104.049
2008-05-01,104.122
2008-04-30,104.206
2008-04-29,104.473
2008-04-28,104.189
2008-04-25,103.546
2008-04-24,103.136
2008-04-23,103.295
2008-04-22,103.641
2008-04-21,103.059
2008-04-18,101.895
2008-04-17,101.435
2008-04-16,101.134
2008-04-15,101.002
2008-04-14,101.095
2008-04-11,101.643
2008-04-10,102.346
2008-04-09,102.387
2008-04-08,102.071
2008-04-07,101.866
2008-04-04,102.332
2008-04-03,101.426
2008-04-02,100.101
2008-04-01,99.441
2008-03-31,99.2752
2008-03-28,99.4546
2008-03-27,99.9562
2008-03-26,100.262
2008-03-25,99.8481
2008-03-24,99.4155
2008-03-21,99.2011
2008-03-20,98.6568
2008-03-19,97.5318
2008-03-18,97.9624
2008-03-17,99.6952
2008-03-14,101.572
2008-03-13,102.614
2008-03-12,102.218
2008-03-11,102.349
2008-03-10,103.006
2008-03-07,103.567
2008-03-06,103.442
2008-03-05,103.203
2008-03-04,103.384
2008-03-03,104.59
2008-02-29,106.403
2008-02-28,107.182
2008-02-27,107.757
2008-02-26,107.442
2008-02-25,107.498
2008-02-22,107.948
2008-02-21,107.879
2008-02-20,107.906
2008-02-19,107.936
2008-02-18,107.967
2008-02-15,107.927
2008-02-14,107.36
2008-02-13,107.051
2008-02-12,107.14
2008-02-11,107.03
2008-02-08,106.567
2008-02-07,106.715
2008-02-06,106.882
2008-02-05,106.693
2008-02-04,106.49
2008-02-01,106.62
2008-01-31,106.914
2008-01-30,106.751
2008-01-29,106.658
2008-01-28,106.651
2008-01-25,106.4
2008-01-24,106.197
2008-01-23,106.311
2008-01-22,106.581
2008-01-21,107.012
2008-01-18,106.994
2008-01-17,107.002
2008-01-16,107.89
2008-01-15,108.505
2008-01-14,109.166
2008-01-11,109.54
2008-01-10,109.303
2008-01-09,109.227
2008-01-08,108.845
2008-01-07,108.898
2008-01-04,110.042
2008-01-03,111.409
2008-01-02,111.796
2008-01-01,112.125
2007-12-31,113.054
2007-12-28,114.186
2007-12-27,114.167
2007-12-26,114.124
2007-12-25,114.124
2007-12-24,113.702
2007-12-21,113.196
2007-12-20,113.205
2007-12-19,113.196
2007-12-18,113.243
2007-12-17,112.79
2007-12-14,111.732
2007-12-13,111.464
2007-12-12,111.722
2007-12-11,111.645
2007-12-10,111.421
2007-12-07,110.705
2007-12-06,110.216
2007-12-05,110.284
2007-12-04,110.83
2007-12-03,110.774
2007-11-30,109.688
2007-11-29,108.778
2007-11-28,108.182
2007-11-27,108.368
2007-11-26,108.419
2007-11-23,108.822
2007-11-22,109.427
2007-11-21,110.212
2007-11-20,110.697
2007-11-19,111.076
2007-11-16,111.12
2007-11-15,110.754
2007-11-14,110.075
2007-11-13,110.31
2007-11-12,111.469
2007-11-09,113.179
2007-11-08,114.116
2007-11-07,114.537
2007-11-06,114.588
2007-11-05,114.94
2007-11-02,115.181
2007-11-01,114.844
2007-10-31,114.555
2007-10-30,114.301
2007-10-29,114.16
2007-10-26,114.25
2007-10-25,114.482
2007-10-24,114.342
2007-10-23,114.159
2007-10-22,115.068
2007-10-19,116.35
2007-10-18,116.815
2007-10-17,117.218
2007-10-16,117.574
2007-10-15,117.508
2007-10-12,117.315
2007-10-11,117.228
2007-10-10,117.225
2007-10-09,117.142
2007-10-08,116.837
2007-10-05,116.408
2007-10-04,115.948
2007-10-03,115.554
2007-10-02,115.168
2007-10-01,115.106
2007-09-28,115.374
2007-09-27,114.918
2007-09-26,114.791
2007-09-25,115.218
2007-09-24,115.462
2007-09-21,115.618
2007-09-20,115.692
2007-09-19,115.208
2007-09-18,115.211
2007-09-17,115.095
2007-09-14,114.457
2007-09-13,113.99
2007-09-12,113.605
2007-09-11,113.326
2007-09-10,114.058
2007-09-07,115.466
2007-09-06,115.814
2007-09-05,115.874
2007-09-04,115.843
2007-09-03,115.757
2007-08-31,115.326
2007-08-30,114.923
2007-08-29,115.693
2007-08-28,116.312
2007-08-27,116.279
2007-08-24,115.545
2007-08-23,114.688
2007-08-22,114.658
2007-08-21,114.568
2007-08-20,114.676
2007-08-17,115.965
2007-08-16,117.505
2007-08-15,118.139
2007-08-14,118.302
2007-08-13,118.663
2007-08-10,119.152
2007-08-09,118.998
2007-08-08,118.352
2007-08-07,117.885
2007-08-06,118.379
2007-08-03,118.711
2007-08-02,118.645
2007-08-01,118.862
2007-07-31,118.545
2007-07-30,119.12
2007-07-27,120.101
2007-07-26,120.419
2007-07-25,120.917
2007-07-24,121.255
2007-07-23,121.526
2007-07-20,121.968
2007-07-19,121.979
2007-07-18,121.971
2007-07-17,121.901
2007-07-16,122.063
2007-07-13,122.08
2007-07-12,122.169
2007-07-11,123.145
2007-07-10,123.414
2007-07-09,123.118
2007-07-06,122.628
2007-07-05,122.448
2007-07-04,122.526
2007-07-03,122.912
2007-07-02,123.11
2007-06-29,122.9
2007-06-28,122.96
2007-06-27,123.487
2007-06-26,123.792
2007-06-25,123.782
2007-06-22,123.556
2007-06-21,123.484
2007-06-20,123.582
2007-06-19,123.566
2007-06-18,123.234
2007-06-15,122.593
2007-06-14,121.973
2007-06-13,121.719
2007-06-12,121.711
2007-06-11,121.538
2007-06-08,121.214
2007-06-07,121.393
2007-06-06,121.745
2007-06-05,121.993
2007-06-04,121.948
2007-06-01,121.623
2007-05-31,121.568
2007-05-30,121.606
2007-05-29,121.725
2007-05-28,121.672
2007-05-25,121.537
2007-05-24,121.576
2007-05-23,121.427
2007-05-22,121.261
2007-05-21,121.077
2007-05-18,120.791
2007-05-17,120.406
2007-05-16,120.32
2007-05-15,120.243
2007-05-14,120.196
2007-05-11,120.081
2007-05-10,119.887
2007-05-09,119.926
2007-05-08,120.053
2007-05-07,120.197
2007-05-04,120.122
2007-05-03,119.834
2007-05-02,119.534
2007-05-01,119.537
2007-04-30,119.382
2007-04-27,118.839
2007-04-26,118.556
2007-04-25,118.601
2007-04-24,118.656
2007-04-23,118.49
2007-04-20,118.352
2007-04-19,118.906
2007-04-18,119.422
2007-04-17,119.41
2007-04-16,119.266
2007-04-13,119.241
2007-04-12,119.173
2007-04-11,119.184
2007-04-10,119.284
2007-04-09,119.044
2007-04-06,118.747
2007-04-05,118.645
2007-04-04,118.118
2007-04-03,117.771
2007-04-02,117.641
2007-03-30,117.344
2007-03-29,117.594
2007-03-28,118.082
2007-03-27,118.071
2007-03-26,117.95
2007-03-23,117.594
2007-03-22,117.538
2007-03-21,117.428
2007-03-20,116.991
2007-03-19,116.911
2007-03-16,116.926
2007-03-15,116.617
2007-03-14,117.514
2007-03-13,118.153
2007-03-12,117.728
2007-03-09,116.585
2007-03-08,116.395
2007-03-07,116.093
2007-03-06,116.2
2007-03-05,117.288
2007-03-02,118.209
2007-03-01,118.856
2007-02-28,120.161
2007-02-27,120.91
2007-02-26,121.111
2007-02-23,120.905
2007-02-22,120.284
2007-02-21,119.757
2007-02-20,119.479
2007-02-19,119.66
2007-02-16,120.483
2007-02-15,121.23
2007-02-14,121.621
2007-02-13,121.844
2007-02-12,121.473
2007-02-09,120.783
2007-02-08,120.367
2007-02-07,120.453
2007-02-06,120.887
2007-02-05,120.959
2007-02-02,120.941
2007-02-01,121.542
2007-01-31,121.775
2007-01-30,121.709
2007-01-29,121.282
2007-01-26,120.994
2007-01-25,121.442
2007-01-24,121.518
2007-01-23,121.386
2007-01-22,121.16
2007-01-19,120.887
2007-01-18,120.595
2007-01-17,120.44
2007-01-16,120.355
2007-01-15,120.221
2007-01-12,119.774
2007-01-11,119.253
2007-01-10,118.83
2007-01-09,118.546
2007-01-08,118.887
2007-01-05,119.232
2007-01-04,118.97
2007-01-03,118.896
2007-01-02,118.97
2007-01-01,118.97
2006-12-29,118.796
2006-12-28,118.842
2006-12-27,118.89
2006-12-26,118.836
2006-12-25,118.657
2006-12-22,118.28
2006-12-21,118.114
2006-12-20,118.028
2006-12-19,118.068
2006-12-18,117.925
2006-12-15,117.362
2006-12-14,117.012
2006-12-13,116.847
2006-12-12,116.592
2006-12-11,115.86
2006-12-08,115.023
2006-12-07,114.979
2006-12-06,115.242
2006-12-05,115.473
2006-12-04,115.698
2006-12-01,116.103
2006-11-30,116.084
2006-11-29,116.041
2006-11-28,115.903
2006-11-27,116.119
2006-11-24,116.814
2006-11-23,117.605
2006-11-22,118.02
2006-11-21,117.902
2006-11-20,117.865
2006-11-17,117.961
2006-11-16,117.806
2006-11-15,117.699
2006-11-14,117.638
2006-11-13,117.75
2006-11-10,117.851
2006-11-09,117.739
2006-11-08,117.986
2006-11-07,118.126
2006-11-06,117.685
2006-11-03,117.059
2006-11-02,117.158
2006-11-01,117.465
2006-10-31,117.5
2006-10-30,118.042
2006-10-27,118.93
2006-10-26,119.271
2006-10-25,119.25
2006-10-24,118.906
2006-10-23,118.702
2006-10-20,118.687
2006-10-19,118.805
2006-10-18,119.097
2006-10-17,119.508
2006-10-16,119.6
2006-10-13,119.586
2006-10-12,119.52
2006-10-11,119.245
2006-10-10,119.048
2006-10-09,118.517
2006-10-06,117.809
2006-10-05,117.911
2006-10-04,117.854
2006-10-03,118.101
2006-10-02,117.953
2006-09-29,117.462
2006-09-28,116.983
2006-09-27,116.563
2006-09-26,116.499
2006-09-25,116.72
2006-09-22,117.135
2006-09-21,117.499
2006-09-20,117.804
2006-09-19,117.769
2006-09-18,117.516
2006-09-15,117.612
2006-09-14,117.713
2006-09-13,117.486
2006-09-12,117.076
2006-09-11,116.782
2006-09-08,116.484
2006-09-07,116.216
2006-09-06,116.085
2006-09-05,116.674
2006-09-04,117.141
2006-09-01,117.117
2006-08-31,116.912
2006-08-30,116.975
2006-08-29,117.195
2006-08-28,116.937
2006-08-25,116.392
2006-08-24,116.33
2006-08-23,116.047
2006-08-22,115.746
2006-08-21,115.732
2006-08-18,115.764
2006-08-17,116.151
2006-08-16,116.415
2006-08-15,116.394
2006-08-14,115.878
2006-08-11,115.23
2006-08-10,115.224
2006-08-09,114.925
2006-08-08,114.588
2006-08-07,114.596
2006-08-04,114.719
2006-08-03,114.588
2006-08-02,114.649
2006-08-01,114.56
2006-07-31,115.147
2006-07-28,116.308
2006-07-27,116.882
2006-07-26,116.739
2006-07-25,116.424
2006-07-24,116.39
2006-07-21,116.996
2006-07-20,117.231
2006-07-19,116.94
2006-07-18,116.453
2006-07-17,115.812
2006-07-14,115.117
2006-07-13,114.569
2006-07-12,114.096
2006-07-11,113.94
2006-07-10,114.589
2006-07-07,115.318
2006-07-06,114.918
2006-07-05,114.594
2006-07-04,114.538
2006-07-03,115.15
2006-06-30,116.302
2006-06-29,116.26
2006-06-28,116.266
2006-06-27,116.431
2006-06-26,116.044
2006-06-23,115.112
2006-06-22,114.923
2006-06-21,115.269
2006-06-20,115.376
2006-06-19,115.105
2006-06-16,114.99
2006-06-15,114.92
2006-06-14,114.507
2006-06-13,114.126
2006-06-12,113.941
2006-06-09,113.662
2006-06-08,113.016
2006-06-07,112.248
2006-06-06,111.718
2006-06-05,112.094
2006-06-02,112.494
2006-06-01,112.154
2006-05-31,112.25
2006-05-30,112.495
2006-05-29,112.579
2006-05-26,112.36
2006-05-25,111.918
2006-05-24,111.658
2006-05-23,111.93
2006-05-22,111.377
2006-05-19,110.403
2006-05-18,109.907
2006-05-17,110.113
2006-05-16,109.963
2006-05-15,110.342
2006-05-12,110.861
2006-05-11,111.052
2006-05-10,111.554
2006-05-09,111.976
2006-05-08,113.024
2006-05-05,113.617
2006-05-04,113.432
2006-05-03,113.437
2006-05-02,113.466
2006-05-01,114.12
2006-04-28,114.722
2006-04-27,114.856
2006-04-26,114.889
2006-04-25,115.77
2006-04-24,116.917
2006-04-21,117.413
2006-04-20,117.414
2006-04-19,117.917
2006-04-18,118.333
2006-04-17,118.614
2006-04-14,118.408
2006-04-13,118.336
2006-04-12,118.422
2006-04-11,118.287
2006-04-10,118.024
2006-04-07,117.475
2006-04-06,117.426
2006-04-05,117.814
2006-04-04,117.997
2006-04-03,117.71
2006-03-31,117.683
2006-03-30,117.485
2006-03-29,116.869
2006-03-28,117.069
2006-03-27,117.332
2006-03-24,117.112
2006-03-23,116.938
2006-03-22,116.46
2006-03-21,116.054
2006-03-20,116.454
2006-03-17,117.455
2006-03-16,117.818
2006-03-15,118.545
2006-03-14,118.495
2006-03-13,118.495
2006-03-10,117.748
2006-03-09,117.733
2006-03-08,117.412
2006-03-07,116.764
2006-03-06,116.291
2006-03-03,116.047
2006-03-02,116.004
2006-03-01,116.22
2006-02-28,116.515
2006-02-27,117.175
2006-02-24,118.05
2006-02-23,118.639
2006-02-22,118.461
2006-02-21,118.142
2006-02-20,118.017
2006-02-17,117.805
2006-02-16,117.543
2006-02-15,117.614
2006-02-14,117.866
2006-02-13,118.132
2006-02-10,118.426
2006-02-09,118.29
2006-02-08,118.599
2006-02-07,118.839
2006-02-06,118.713
2006-02-03,118.021
2006-02-02,117.425
2006-02-01,117.383
2006-01-31,117.388
2006-01-30,116.755
2006-01-27,115.527
2006-01-26,114.904
2006-01-25,114.63
2006-01-24,114.95
2006-01-23,115.279
2006-01-20,115.288
2006-01-19,115.3
2006-01-18,115.035
2006-01-17,114.526
2006-01-16,114.132
2006-01-13,114.199
2006-01-12,114.441
2006-01-11,114.364
2006-01-10,114.302
2006-01-09,115.101
2006-01-06,116.565
2006-01-05,117.482
2006-01-04,117.782
2006-01-03,117.761
2006-01-02,117.626
2005-12-30,117.189
2005-12-29,116.704
2005-12-28,116.299
2005-12-27,116.598
2005-12-26,116.598
2005-12-23,116.917
2005-12-22,116.332
2005-12-21,115.903
2005-12-20,115.674
2005-12-19,116.75
2005-12-16,119.159
2005-12-15,120.182
2005-12-14,120.576
2005-12-13,120.664
2005-12-12,120.769
2005-12-09,120.942
2005-12-08,121.022
2005-12-07,120.925
2005-12-06,120.629
2005-12-05,120.233
2005-12-02,119.402
2005-12-01,119.362
2005-11-30,119.668
2005-11-29,119.626
2005-11-28,119.354
2005-11-25,118.867
2005-11-24,118.762
2005-11-23,118.863
2005-11-22,119.021
2005-11-21,119.019
2005-11-18,118.874
2005-11-17,119.035
2005-11-16,118.797
2005-11-15,118.46
2005-11-14,118.061
2005-11-11,117.988
2005-11-10,117.437
2005-11-09,117.366
2005-11-08,117.871
2005-11-07,117.87
2005-11-04,117.048
2005-11-03,116.744
2005-11-02,116.255
2005-11-01,115.683
2005-10-31,115.603
2005-10-28,115.623
2005-10-27,115.565
2005-10-26,115.239
2005-10-25,115.665
2005-10-24,115.738
2005-10-21,115.338
2005-10-20,115.412
2005-10-19,115.391
2005-10-18,114.647
2005-10-17,114.223
2005-10-14,114.359
2005-10-13,114.451
2005-10-12,114.392
2005-10-11,113.998
2005-10-10,113.598
2005-10-07,113.526
2005-10-06,114.074
2005-10-05,114.177
2005-10-04,113.842
2005-10-03,113.236
2005-09-30,113.057
2005-09-29,113.203
2005-09-28,112.881
2005-09-27,112.317
2005-09-26,112.239
2005-09-23,111.579
2005-09-22,111.553
2005-09-21,111.752
2005-09-20,111.438
2005-09-19,111.107
2005-09-16,110.555
2005-09-15,110.471
2005-09-14,110.499
2005-09-13,109.809
2005-09-12,109.568
2005-09-09,110.335
2005-09-08,109.888
2005-09-07,109.466
2005-09-06,109.346
2005-09-05,109.761
2005-09-02,110.169
2005-09-01,110.927
2005-08-31,111.016
2005-08-30,110.455
2005-08-29,110.148
2005-08-26,110.129
2005-08-25,110.082
2005-08-24,109.78
2005-08-23,109.969
2005-08-22,110.436
2005-08-19,110.281
2005-08-18,109.82
2005-08-17,109.416
2005-08-16,109.375
2005-08-15,109.606
2005-08-12,110.052
2005-08-11,111.213
2005-08-10,112.061
2005-08-09,112.101
2005-08-08,111.754
2005-08-05,111.214
2005-08-04,111.187
2005-08-03,111.732
2005-08-02,112.342
2005-08-01,112.375
2005-07-29,112.224
2005-07-28,112.417
2005-07-27,112.119
2005-07-26,111.372
2005-07-25,110.829
2005-07-22,111.164
2005-07-21,112.744
2005-07-20,112.435
2005-07-19,112.049
2005-07-18,112.279
2005-07-15,112.175
2005-07-14,111.503
2005-07-13,111.196
2005-07-12,111.933
2005-07-11,112.125
2005-07-08,112.112
2005-07-07,111.977
2005-07-06,111.612
2005-07-05,111.648
2005-07-04,111.387
2005-07-01,110.778
2005-06-30,110.34
2005-06-29,109.713
2005-06-28,109.186
2005-06-27,108.969
2005-06-24,108.86
2005-06-23,108.631
2005-06-22,108.674
2005-06-21,109.18
2005-06-20,108.876
2005-06-17,109.056
2005-06-16,109.318
2005-06-15,109.499
2005-06-14,109.155
2005-06-13,108.174
2005-06-10,107.458
2005-06-09,107.069
2005-06-08,106.714
2005-06-07,107.223
2005-06-06,107.921
2005-06-03,108.442
2005-06-02,108.67
2005-06-01,108.335
2005-05-31,107.991
2005-05-30,107.974
2005-05-27,107.841
2005-05-26,107.657
2005-05-25,107.576
2005-05-24,107.858
2005-05-23,108.022
2005-05-20,107.378
2005-05-19,107.096
2005-05-18,107.282
2005-05-17,106.999
2005-05-16,107.065
2005-05-13,106.394
2005-05-12,105.704
2005-05-11,105.615
2005-05-10,105.446
2005-05-09,104.914
2005-05-06,104.665
2005-05-05,104.665
2005-05-04,104.951
2005-05-03,105.063
2005-05-02,105.51
2005-04-29,105.972
2005-04-28,105.902
2005-04-27,105.847
2005-04-26,105.543
2005-04-25,105.937
2005-04-22,106.844
2005-04-21,106.769
2005-04-20,107.042
2005-04-19,107.62
2005-04-18,107.87
2005-04-15,107.846
2005-04-14,107.512
2005-04-13,107.764
2005-04-12,108.015
2005-04-11,108.421
2005-04-08,108.654
2005-04-07,108.476
2005-04-06,108.218
2005-04-05,108.042
2005-04-04,107.497
2005-04-01,107.347
2005-03-31,107.547
2005-03-30,107.422
2005-03-29,106.87
2005-03-28,106.332
2005-03-25,106.235
2005-03-24,105.904
2005-03-23,105.403
2005-03-22,104.955
2005-03-21,104.67
2005-03-18,104.421
2005-03-17,104.302
2005-03-16,104.665
2005-03-15,104.509
2005-03-14,103.93
2005-03-11,104.011
2005-03-10,104.24
2005-03-09,104.895
2005-03-08,105.002
2005-03-07,104.932
2005-03-04,105.034
2005-03-03,104.564
2005-03-02,104.453
2005-03-01,104.788
2005-02-28,105.294
2005-02-25,105.227
2005-02-24,104.588
2005-02-23,104.631
2005-02-22,105.61
2005-02-21,105.632
2005-02-18,105.508
2005-02-17,105.06
2005-02-16,104.697
2005-02-15,105.321
2005-02-14,105.693
2005-02-11,105.782
2005-02-10,105.721
2005-02-09,105.467
2005-02-08,104.688
2005-02-07,104.398
2005-02-04,104.179
2005-02-03,103.709
2005-02-02,103.659
2005-02-01,103.584
2005-01-31,103.344
2005-01-28,103.084
2005-01-27,103.443
2005-01-26,103.569
2005-01-25,102.685
2005-01-24,102.989
2005-01-21,103.138
2005-01-20,102.623
2005-01-19,102.234
2005-01-18,102.096
2005-01-17,102.149
2005-01-14,102.409
2005-01-13,102.78
2005-01-12,103.678
2005-01-11,104.454
2005-01-10,104.921
2005-01-07,104.715
2005-01-06,104.317
2005-01-05,103.905
2005-01-04,102.714
2005-01-03,102.857
