Date,CURRFX.USDCAD.1
2015-03-06,1.24621
2015-03-05,1.24928
2015-03-04,1.25086
2015-03-03,1.25115
2015-03-02,1.24857
2015-02-27,1.24516
2015-02-26,1.25023
2015-02-25,1.25851
2015-02-24,1.2556
2015-02-23,1.25119
2015-02-20,1.24537
2015-02-19,1.2419
2015-02-18,1.24338
2015-02-17,1.24502
2015-02-16,1.24986
2015-02-13,1.25859
2015-02-12,1.25656
2015-02-11,1.25058
2015-02-10,1.25058
2015-02-09,1.25206
2015-02-06,1.2496
2015-02-05,1.24963
2015-02-04,1.25944
2015-02-03,1.27018
2015-02-02,1.26649
2015-01-30,1.25065
2015-01-29,1.24439
2015-01-28,1.24527
2015-01-27,1.24366
2015-01-26,1.23981
2015-01-23,1.22847
2015-01-22,1.20983
2015-01-21,1.19894
2015-01-20,1.1974
2015-01-19,1.19703
2015-01-16,1.19545
2015-01-15,1.19669
2015-01-14,1.19339
2015-01-13,1.18771
2015-01-12,1.18498
2015-01-09,1.18286
2015-01-08,1.18121
2015-01-07,1.17776
2015-01-06,1.17876
2015-01-05,1.17185
2015-01-02,1.16087
2015-01-01,1.16103
2014-12-31,1.16284
2014-12-30,1.16284
2014-12-29,1.16298
2014-12-26,1.16259
2014-12-25,1.16208
2014-12-24,1.16199
2014-12-23,1.1609
2014-12-22,1.16099
2014-12-19,1.16253
2014-12-18,1.16395
2014-12-17,1.16227
2014-12-16,1.15853
2014-12-15,1.15443
2014-12-12,1.14776
2014-12-11,1.14617
2014-12-10,1.14593
2014-12-09,1.14427
2014-12-08,1.14089
2014-12-05,1.13746
2014-12-04,1.13739
2014-12-03,1.13735
2014-12-02,1.14083
2014-12-01,1.1365
2014-11-28,1.12699
2014-11-27,1.12664
2014-11-26,1.12681
2014-11-25,1.12422
2014-11-24,1.12692
2014-11-21,1.13326
2014-11-20,1.13157
2014-11-19,1.12928
2014-11-18,1.12943
2014-11-17,1.13051
2014-11-14,1.13269
2014-11-13,1.13412
2014-11-12,1.13553
2014-11-11,1.13573
2014-11-10,1.13573
2014-11-07,1.14093
2014-11-06,1.14006
2014-11-05,1.13463
2014-11-04,1.12868
2014-11-03,1.12402
2014-10-31,1.11821
2014-10-30,1.11831
2014-10-29,1.12256
2014-10-28,1.12337
2014-10-27,1.12383
2014-10-24,1.12377
2014-10-23,1.12382
2014-10-22,1.12616
2014-10-21,1.12764
2014-10-20,1.12793
2014-10-17,1.12941
2014-10-16,1.12892
2014-10-15,1.12204
2014-10-14,1.11999
2014-10-13,1.11661
2014-10-10,1.11367
2014-10-09,1.11675
2014-10-08,1.11855
2014-10-07,1.12272
2014-10-06,1.12041
2014-10-03,1.11565
2014-10-02,1.11874
2014-10-01,1.11659
2014-09-30,1.11566
2014-09-29,1.11327
2014-09-26,1.10872
2014-09-25,1.10627
2014-09-24,1.10166
2014-09-23,1.0973
2014-09-22,1.09711
2014-09-19,1.09783
2014-09-18,1.09932
2014-09-17,1.10501
2014-09-16,1.1083
2014-09-15,1.10531
2014-09-12,1.09831
2014-09-11,1.09806
2014-09-10,1.09601
2014-09-09,1.0901
2014-09-08,1.08826
2014-09-05,1.08928
2014-09-04,1.09074
2014-09-03,1.08906
2014-09-02,1.0872
2014-09-01,1.08691
2014-08-29,1.08734
2014-08-28,1.09288
2014-08-27,1.09661
2014-08-26,1.0956
2014-08-25,1.09514
2014-08-22,1.09593
2014-08-21,1.09337
2014-08-20,1.09
2014-08-19,1.08912
2014-08-18,1.09032
2014-08-15,1.09145
2014-08-14,1.09278
2014-08-13,1.09446
2014-08-12,1.09642
2014-08-11,1.09535
2014-08-08,1.09339
2014-08-07,1.09455
2014-08-06,1.09277
2014-08-05,1.09196
2014-08-04,1.09124
2014-08-01,1.08927
2014-07-31,1.08525
2014-07-30,1.08156
2014-07-29,1.08113
2014-07-28,1.07841
2014-07-25,1.07346
2014-07-24,1.07353
2014-07-23,1.07402
2014-07-22,1.07371
2014-07-21,1.07376
2014-07-18,1.07487
2014-07-17,1.07498
2014-07-16,1.07334
2014-07-15,1.07321
2014-07-14,1.07037
2014-07-11,1.06619
2014-07-10,1.06734
2014-07-09,1.06729
2014-07-08,1.06562
2014-07-07,1.06545
2014-07-04,1.06527
2014-07-03,1.06514
2014-07-02,1.06661
2014-07-01,1.06709
2014-06-30,1.06832
2014-06-27,1.07213
2014-06-26,1.0735
2014-06-25,1.07323
2014-06-24,1.0744
2014-06-23,1.07826
2014-06-20,1.08412
2014-06-19,1.08619
2014-06-18,1.08574
2014-06-17,1.08574
2014-06-16,1.08587
2014-06-13,1.08707
2014-06-12,1.0895
2014-06-11,1.09127
2014-06-10,1.09255
2014-06-09,1.09343
2014-06-06,1.09366
2014-06-05,1.09217
2014-06-04,1.08924
2014-06-03,1.08613
2014-06-02,1.08512
2014-05-30,1.08591
2014-05-29,1.08578
2014-05-28,1.08559
2014-05-27,1.08645
2014-05-26,1.08818
2014-05-23,1.09097
2014-05-22,1.09034
2014-05-21,1.08775
2014-05-20,1.08616
2014-05-19,1.08667
2014-05-16,1.08856
2014-05-15,1.09011
2014-05-14,1.08998
2014-05-13,1.08964
2014-05-12,1.08911
2014-05-09,1.08812
2014-05-08,1.0905
2014-05-07,1.09442
2014-05-06,1.09713
2014-05-05,1.09731
2014-05-02,1.09648
2014-05-01,1.09708
2014-04-30,1.10074
2014-04-29,1.10338
2014-04-28,1.10358
2014-04-25,1.10305
2014-04-24,1.10281
2014-04-23,1.10204
2014-04-22,1.10225
2014-04-21,1.1018
2014-04-18,1.10005
2014-04-17,1.09887
2014-04-16,1.0979
2014-04-15,1.09758
2014-04-14,1.09503
2014-04-11,1.09044
2014-04-10,1.09277
2014-04-09,1.09584
2014-04-08,1.09794
2014-04-07,1.09983
2014-04-04,1.10274
2014-04-03,1.10359
2014-04-02,1.10484
2014-04-01,1.10535
2014-03-31,1.10681
2014-03-28,1.11037
2014-03-27,1.11626
2014-03-26,1.12014
2014-03-25,1.12227
2014-03-24,1.12334
2014-03-21,1.12162
2014-03-20,1.11257
2014-03-19,1.10721
2014-03-18,1.10863
2014-03-17,1.10947
2014-03-14,1.10958
2014-03-13,1.11143
2014-03-12,1.11088
2014-03-11,1.11
2014-03-10,1.10606
2014-03-07,1.10393
2014-03-06,1.10806
2014-03-05,1.10826
2014-03-04,1.10712
2014-03-03,1.10907
2014-02-28,1.11197
2014-02-27,1.10866
2014-02-26,1.10827
2014-02-25,1.11056
2014-02-24,1.11011
2014-02-21,1.10434
2014-02-20,1.09681
2014-02-19,1.09618
2014-02-18,1.09734
2014-02-17,1.09869
2014-02-14,1.09961
2014-02-13,1.10203
2014-02-12,1.10501
2014-02-11,1.10356
2014-02-10,1.10466
2014-02-07,1.10736
2014-02-06,1.10832
2014-02-05,1.10924
2014-02-04,1.11092
2014-02-03,1.1147
2014-01-31,1.11669
2014-01-30,1.114
2014-01-29,1.11016
2014-01-28,1.10757
2014-01-27,1.11038
2014-01-24,1.10808
2014-01-23,1.09856
2014-01-22,1.09655
2014-01-21,1.0957
2014-01-20,1.09513
2014-01-17,1.09438
2014-01-16,1.09373
2014-01-15,1.08982
2014-01-14,1.08734
2014-01-13,1.08734
2014-01-10,1.08262
2014-01-09,1.07633
2014-01-08,1.06756
2014-01-07,1.06366
2014-01-06,1.06367
2014-01-03,1.06343
2014-01-02,1.06327
2014-01-01,1.06624
2013-12-31,1.06999
2013-12-30,1.06814
2013-12-27,1.06288
2013-12-26,1.06176
2013-12-25,1.06214
2013-12-24,1.06286
2013-12-23,1.0663
2013-12-20,1.06729
2013-12-19,1.0613
2013-12-18,1.05887
2013-12-17,1.05914
2013-12-16,1.05914
2013-12-13,1.06018
2013-12-12,1.06122
2013-12-11,1.06374
2013-12-10,1.06463
2013-12-09,1.06495
2013-12-06,1.06651
2013-12-05,1.06574
2013-12-04,1.06414
2013-12-03,1.06236
2013-12-02,1.06045
2013-11-29,1.05765
2013-11-28,1.05543
2013-11-27,1.05446
2013-11-26,1.05387
2013-11-25,1.05025
2013-11-22,1.04707
2013-11-21,1.04538
2013-11-20,1.04381
2013-11-19,1.04335
2013-11-18,1.04532
2013-11-15,1.04802
2013-11-14,1.04847
2013-11-13,1.0482
2013-11-12,1.04767
2013-11-11,1.04595
2013-11-08,1.0432
2013-11-07,1.04399
2013-11-06,1.04298
2013-11-05,1.0418
2013-11-04,1.04366
2013-11-01,1.04606
2013-10-31,1.0457
2013-10-30,1.04449
2013-10-29,1.04452
2013-10-28,1.04294
2013-10-25,1.03718
2013-10-24,1.03174
2013-10-23,1.02966
2013-10-22,1.02921
2013-10-21,1.02942
2013-10-18,1.03279
2013-10-17,1.03609
2013-10-16,1.03556
2013-10-15,1.03539
2013-10-14,1.03691
2013-10-11,1.03888
2013-10-10,1.03602
2013-10-09,1.03224
2013-10-08,1.03057
2013-10-07,1.03081
2013-10-04,1.03313
2013-10-03,1.03305
2013-10-02,1.03119
2013-10-01,1.03044
2013-09-30,1.0309
2013-09-27,1.03124
2013-09-26,1.03002
2013-09-25,1.02911
2013-09-24,1.02969
2013-09-23,1.02739
2013-09-20,1.02506
2013-09-19,1.03005
2013-09-18,1.0311
2013-09-17,1.03227
2013-09-16,1.03396
2013-09-13,1.03281
2013-09-12,1.0349
2013-09-11,1.03717
2013-09-10,1.03952
2013-09-09,1.0438
2013-09-06,1.05021
2013-09-05,1.05244
2013-09-04,1.05387
2013-09-03,1.05362
2013-09-02,1.05247
2013-08-30,1.04981
2013-08-29,1.04976
2013-08-28,1.05106
2013-08-27,1.05057
2013-08-26,1.04734
2013-08-23,1.04734
2013-08-22,1.04068
2013-08-21,1.03563
2013-08-20,1.03345
2013-08-19,1.03322
2013-08-16,1.03309
2013-08-15,1.03352
2013-08-14,1.03132
2013-08-13,1.02946
2013-08-12,1.03254
2013-08-09,1.03974
2013-08-08,1.03907
2013-08-07,1.03747
2013-08-06,1.03888
2013-08-05,1.03584
2013-08-02,1.03014
2013-08-01,1.02903
2013-07-31,1.0276
2013-07-30,1.02733
2013-07-29,1.02865
2013-07-26,1.0306
2013-07-25,1.0306
2013-07-24,1.03311
2013-07-23,1.03565
2013-07-22,1.03842
2013-07-19,1.04045
2013-07-18,1.04028
2013-07-17,1.04113
2013-07-16,1.04011
2013-07-15,1.03952
2013-07-12,1.04401
2013-07-11,1.05292
2013-07-10,1.05552
2013-07-09,1.05729
2013-07-08,1.0556
2013-07-05,1.05229
2013-07-04,1.05321
2013-07-03,1.05194
2013-07-02,1.05145
2013-07-01,1.04967
2013-06-28,1.04693
2013-06-27,1.04939
2013-06-26,1.05026
2013-06-25,1.04864
2013-06-24,1.0409
2013-06-21,1.0288
2013-06-20,1.02101
2013-06-19,1.01859
2013-06-18,1.01685
2013-06-17,1.0177
2013-06-14,1.01892
2013-06-13,1.01956
2013-06-12,1.02015
2013-06-11,1.0243
2013-06-10,1.0243
2013-06-07,1.03309
2013-06-06,1.03349
2013-06-05,1.03247
2013-06-04,1.03533
2013-06-03,1.03619
2013-05-31,1.03584
2013-05-30,1.03768
2013-05-29,1.03451
2013-05-28,1.03245
2013-05-27,1.03318
2013-05-24,1.03326
2013-05-23,1.02875
2013-05-22,1.02682
2013-05-21,1.02766
2013-05-20,1.02371
2013-05-17,1.0177
2013-05-16,1.01638
2013-05-15,1.01207
2013-05-14,1.01083
2013-05-13,1.00736
2013-05-10,1.00353
2013-05-09,1.00494
2013-05-08,1.0068
2013-05-07,1.00786
2013-05-06,1.00784
2013-05-03,1.0076
2013-05-02,1.00832
2013-05-01,1.01198
2013-04-30,1.0153
2013-04-29,1.01876
2013-04-26,1.02396
2013-04-25,1.02651
2013-04-24,1.02645
2013-04-23,1.02619
2013-04-22,1.02622
2013-04-19,1.02515
2013-04-18,1.0237
2013-04-17,1.02147
2013-04-16,1.01718
2013-04-15,1.01314
2013-04-12,1.01359
2013-04-11,1.01575
2013-04-10,1.0168
2013-04-09,1.01766
2013-04-08,1.01629
2013-04-05,1.01453
2013-04-04,1.01453
2013-04-03,1.01571
2013-04-02,1.01728
2013-04-01,1.01708
2013-03-29,1.01652
2013-03-28,1.01794
2013-03-27,1.0204
2013-03-26,1.02229
2013-03-25,1.02368
2013-03-22,1.02516
2013-03-21,1.02536
2013-03-20,1.02355
2013-03-19,1.02165
2013-03-18,1.02178
2013-03-15,1.02632
2013-03-14,1.02663
2013-03-13,1.02693
2013-03-12,1.02798
2013-03-11,1.02934
2013-03-08,1.02989
2013-03-07,1.02777
2013-03-06,1.02772
2013-03-05,1.02814
2013-03-04,1.02606
2013-03-01,1.02524
2013-02-28,1.02588
2013-02-27,1.02519
2013-02-26,1.02313
2013-02-25,1.02035
2013-02-22,1.01646
2013-02-21,1.0128
2013-02-20,1.01024
2013-02-19,1.00738
2013-02-18,1.00457
2013-02-15,1.00176
2013-02-14,1.00356
2013-02-13,1.00534
2013-02-12,1.0041
2013-02-11,0.999826
2013-02-08,0.996475
2013-02-07,0.997231
2013-02-06,0.997861
2013-02-05,0.997021
2013-02-04,0.998454
2013-02-01,1.0016
2013-01-31,1.00334
2013-01-30,1.00628
2013-01-29,1.00721
2013-01-28,1.00383
2013-01-25,0.998003
2013-01-24,0.993408
2013-01-23,0.992641
2013-01-22,0.992177
2013-01-21,0.989781
2013-01-18,0.98589
2013-01-17,0.985014
2013-01-16,0.98447
2013-01-15,0.98447
2013-01-14,0.98528
2013-01-11,0.986611
2013-01-10,0.986783
2013-01-09,0.986575
2013-01-08,0.987048
2013-01-07,0.986807
2013-01-04,0.986555
2013-01-03,0.990456
2013-01-02,0.994977
2013-01-01,0.995718
2012-12-31,0.995372
2012-12-28,0.992726
2012-12-27,0.99172
2012-12-26,0.991872
2012-12-25,0.993094
2012-12-24,0.991703
2012-12-21,0.987793
2012-12-20,0.985663
2012-12-19,0.984835
2012-12-18,0.985215
2012-12-17,0.985215
2012-12-14,0.984789
2012-12-13,0.986134
2012-12-12,0.987079
2012-12-11,0.987838
2012-12-10,0.989685
2012-12-07,0.991877
2012-12-06,0.992924
2012-12-05,0.993817
2012-12-04,0.993688
2012-12-03,0.993627
2012-11-30,0.992924
2012-11-29,0.993675
2012-11-28,0.993055
2012-11-27,0.993194
2012-11-26,0.994329
2012-11-23,0.996963
2012-11-22,0.997209
2012-11-21,0.997667
2012-11-20,0.999902
2012-11-19,1.00172
2012-11-16,1.00208
2012-11-15,1.00135
2012-11-14,1.0004
2012-11-13,1.00026
2012-11-12,1.00005
2012-11-09,0.995311
2012-11-08,0.993254
2012-11-07,0.995126
2012-11-06,0.995863
2012-11-05,0.997004
2012-11-02,0.999712
2012-11-01,0.999712
2012-10-31,1.0001
2012-10-30,0.998577
2012-10-29,0.995639
2012-10-26,0.992707
2012-10-25,0.992522
2012-10-24,0.993441
2012-10-23,0.988797
2012-10-22,0.988797
2012-10-19,0.981206
2012-10-18,0.983661
2012-10-17,0.981767
2012-10-16,0.979618
2012-10-15,0.97964
2012-10-12,0.97964
2012-10-11,0.978048
2012-10-10,0.977031
2012-10-09,0.978036
2012-10-08,0.981119
2012-10-05,0.985333
2012-10-04,0.984717
2012-10-03,0.982725
2012-10-02,0.983418
2012-10-01,0.983363
2012-09-28,0.982739
2012-09-27,0.980949
2012-09-26,0.97901
2012-09-25,0.978133
2012-09-24,0.976864
2012-09-21,0.97637
2012-09-20,0.974557
2012-09-19,0.973752
2012-09-18,0.973061
2012-09-17,0.973061
2012-09-14,0.974461
2012-09-13,0.974064
2012-09-12,0.97574
2012-09-11,0.978073
2012-09-10,0.982097
2012-09-07,0.987891
2012-09-06,0.987344
2012-09-05,0.985946
2012-09-04,0.986278
2012-09-03,0.988014
2012-08-31,0.990025
2012-08-30,0.988673
2012-08-29,0.989719
2012-08-28,0.991304
2012-08-27,0.991749
2012-08-24,0.99117
2012-08-23,0.989687
2012-08-22,0.9878
2012-08-21,0.989026
2012-08-20,0.989079
2012-08-17,0.98954
2012-08-16,0.991712
2012-08-15,0.992086
2012-08-14,0.991634
2012-08-13,0.992148
2012-08-10,0.994637
2012-08-09,0.99732
2012-08-08,0.99946
2012-08-07,1.00089
2012-08-06,1.00271
2012-08-03,1.00407
2012-08-02,1.00216
2012-08-01,1.00256
2012-07-31,1.00361
2012-07-30,1.0067
2012-07-27,1.01517
2012-07-26,1.01936
2012-07-25,1.01822
2012-07-24,1.01518
2012-07-23,1.0115
2012-07-20,1.01003
2012-07-19,1.01303
2012-07-18,1.01448
2012-07-17,1.01449
2012-07-16,1.01669
2012-07-13,1.02092
2012-07-12,1.02034
2012-07-11,1.01986
2012-07-10,1.01973
2012-07-09,1.01729
2012-07-06,1.01313
2012-07-05,1.01368
2012-07-04,1.01601
2012-07-03,1.01741
2012-07-02,1.02071
2012-06-29,1.02685
2012-06-28,1.02589
2012-06-27,1.02751
2012-06-26,1.02673
2012-06-25,1.02396
2012-06-22,1.02091
2012-06-21,1.01952
2012-06-20,1.02183
2012-06-19,1.02252
2012-06-18,1.02357
2012-06-15,1.0278
2012-06-14,1.0278
2012-06-13,1.02736
2012-06-12,1.02524
2012-06-11,1.02919
2012-06-08,1.02919
2012-06-07,1.03524
2012-06-06,1.03978
2012-06-05,1.04121
2012-06-04,1.03697
2012-06-01,1.02879
2012-05-31,1.02552
2012-05-30,1.02422
2012-05-29,1.02634
2012-05-28,1.02789
2012-05-25,1.02488
2012-05-24,1.02127
2012-05-23,1.01866
2012-05-22,1.02098
2012-05-21,1.01925
2012-05-18,1.01202
2012-05-17,1.00671
2012-05-16,1.00248
2012-05-15,1.00146
2012-05-14,1.00075
2012-05-11,1.0014
2012-05-10,0.999774
2012-05-09,0.996087
2012-05-08,0.995863
2012-05-07,0.992401
2012-05-04,0.986394
2012-05-03,0.986774
2012-05-02,0.985603
2012-05-01,0.982368
2012-04-30,0.981409
2012-04-27,0.984117
2012-04-26,0.987538
2012-04-25,0.991642
2012-04-24,0.993697
2012-04-23,0.99214
2012-04-20,0.991062
2012-04-19,0.992064
2012-04-18,0.997236
2012-04-17,0.999793
2012-04-16,0.999638
2012-04-13,1.00097
2012-04-12,1.00178
2012-04-11,0.998492
2012-04-10,0.997285
2012-04-09,0.996552
2012-04-06,0.994964
2012-04-05,0.992546
2012-04-04,0.992361
2012-04-03,0.996576
2012-04-02,0.998542
2012-03-30,0.99803
2012-03-29,0.994972
2012-03-28,0.993435
2012-03-27,0.996602
2012-03-26,0.99699
2012-03-23,0.993785
2012-03-22,0.990479
2012-03-21,0.990219
2012-03-20,0.990873
2012-03-19,0.992086
2012-03-16,0.992009
2012-03-15,0.990673
2012-03-14,0.991343
2012-03-13,0.991667
2012-03-12,0.992468
2012-03-09,0.997025
2012-03-08,0.999471
2012-03-07,0.995756
2012-03-06,0.991055
2012-03-05,0.988653
2012-03-02,0.988926
2012-03-01,0.993424
2012-02-29,0.998277
2012-02-28,1.00037
2012-02-27,0.999114
2012-02-24,0.998404
2012-02-23,0.996921
2012-02-22,0.994228
2012-02-21,0.994204
2012-02-20,0.998361
2012-02-17,0.999514
2012-02-16,0.998357
2012-02-15,1.0001
2012-02-14,1.00008
2012-02-13,0.999099
2012-02-10,0.995393
2012-02-09,0.995633
2012-02-08,0.99615
2012-02-07,0.995088
2012-02-06,0.995381
2012-02-03,0.99931
2012-02-02,1.00074
2012-02-01,1.00208
2012-01-31,1.00316
2012-01-30,1.00184
2012-01-27,1.00517
2012-01-26,1.01025
2012-01-25,1.01042
2012-01-24,1.01218
2012-01-23,1.01224
2012-01-20,1.01178
2012-01-19,1.01453
2012-01-18,1.01723
2012-01-17,1.02198
2012-01-16,1.02136
2012-01-13,1.01799
2012-01-12,1.01825
2012-01-11,1.0226
2012-01-10,1.02844
2012-01-09,1.02401
2012-01-06,1.0148
2012-01-05,1.01299
2012-01-04,1.01571
2012-01-03,1.02063
2012-01-02,1.02236
2011-12-30,1.02183
2011-12-29,1.01977
2011-12-28,1.02035
2011-12-27,1.02064
2011-12-26,1.02231
2011-12-23,1.02562
2011-12-22,1.02956
2011-12-21,1.0354
2011-12-20,1.03796
2011-12-19,1.03792
2011-12-16,1.03671
2011-12-15,1.0326
2011-12-14,1.0257
2011-12-13,1.02091
2011-12-12,1.01543
2011-12-09,1.01132
2011-12-08,1.01217
2011-12-07,1.01626
2011-12-06,1.0173
2011-12-05,1.0188
2011-12-02,1.02138
2011-12-01,1.02911
2011-11-30,1.03419
2011-11-29,1.04083
2011-11-28,1.04654
2011-11-25,1.04503
2011-11-24,1.04081
2011-11-23,1.03591
2011-11-22,1.03091
2011-11-21,1.02638
2011-11-18,1.02417
2011-11-17,1.02241
2011-11-16,1.01816
2011-11-15,1.01342
2011-11-14,1.01463
2011-11-11,1.01936
2011-11-10,1.01442
2011-11-09,1.0153
2011-11-08,1.01774
2011-11-07,1.01709
2011-11-04,1.01525
2011-11-03,1.01364
2011-11-02,1.00409
2011-11-01,0.99486
2011-10-31,0.993783
2011-10-28,1.00347
2011-10-27,1.01039
2011-10-26,1.00629
2011-10-25,1.00653
2011-10-24,1.01182
2011-10-21,1.01699
2011-10-20,1.01611
2011-10-19,1.01791
2011-10-18,1.01145
2011-10-17,1.01385
2011-10-14,1.02107
2011-10-13,1.02485
2011-10-12,1.03007
2011-10-11,1.03413
2011-10-10,1.04049
2011-10-07,1.04537
2011-10-06,1.05291
2011-10-05,1.05367
2011-10-04,1.04943
2011-10-03,1.04371
2011-09-30,1.02939
2011-09-29,1.02365
2011-09-28,1.02609
2011-09-27,1.03032
2011-09-26,1.02483
2011-09-23,1.01087
2011-09-22,0.994583
2011-09-21,0.989426
2011-09-20,0.98258
2011-09-19,0.98235
2011-09-16,0.989437
2011-09-15,0.990506
2011-09-14,0.994
2011-09-13,0.997476
2011-09-12,0.992531
2011-09-09,0.986588
2011-09-08,0.989074
2011-09-07,0.989869
2011-09-06,0.987115
2011-09-05,0.981981
2011-09-02,0.977594
2011-09-01,0.978163
2011-08-31,0.978291
2011-08-30,0.97968
2011-08-29,0.983291
2011-08-26,0.987257
2011-08-25,0.988378
2011-08-24,0.988589
2011-08-23,0.989062
2011-08-22,0.988202
2011-08-19,0.983858
2011-08-18,0.981951
2011-08-17,0.984152
2011-08-16,0.986681
2011-08-15,0.98855
2011-08-12,0.988511
2011-08-11,0.987898
2011-08-10,0.990078
2011-08-09,0.983931
2011-08-08,0.976673
2011-08-05,0.966257
2011-08-04,0.959857
2011-08-03,0.956102
2011-08-02,0.954239
2011-08-01,0.952849
2011-07-29,0.94737
2011-07-28,0.944456
2011-07-27,0.945805
2011-07-26,0.948401
2011-07-25,0.947209
2011-07-22,0.947098
2011-07-21,0.951395
2011-07-20,0.956413
2011-07-19,0.95648
2011-07-18,0.955465
2011-07-15,0.959883
2011-07-14,0.964754
2011-07-13,0.968316
2011-07-12,0.964413
2011-07-11,0.962389
2011-07-08,0.96342
2011-07-07,0.963323
2011-07-06,0.960923
2011-07-05,0.959409
2011-07-04,0.96162
2011-07-01,0.970557
2011-06-30,0.980166
2011-06-29,0.986675
2011-06-28,0.988589
2011-06-27,0.983571
2011-06-24,0.974947
2011-06-23,0.974272
2011-06-22,0.97837
2011-06-21,0.980754
2011-06-20,0.980513
2011-06-17,0.978341
2011-06-16,0.972129
2011-06-15,0.974605
2011-06-14,0.978561
2011-06-13,0.979234
2011-06-10,0.977945
2011-06-09,0.977755
2011-06-08,0.977896
2011-06-07,0.979001
2011-06-06,0.978032
2011-06-03,0.97468
2011-06-02,0.970674
2011-06-01,0.973688
2011-05-31,0.976614
2011-05-30,0.977003
2011-05-27,0.978177
2011-05-26,0.977879
2011-05-25,0.975979
2011-05-24,0.975979
2011-05-23,0.972104
2011-05-20,0.970006
2011-05-19,0.973141
2011-05-18,0.973607
2011-05-17,0.970409
2011-05-16,0.966608
2011-05-13,0.960888
2011-05-12,0.958583
2011-05-11,0.96286
2011-05-10,0.965121
2011-05-09,0.964915
2011-05-06,0.959449
2011-05-05,0.953048
2011-05-04,0.949869
2011-05-03,0.947085
2011-05-02,0.946608
2011-04-29,0.950249
2011-04-28,0.952458
2011-04-27,0.953249
2011-04-26,0.95351
2011-04-25,0.952759
2011-04-22,0.951471
2011-04-21,0.956502
2011-04-20,0.962212
2011-04-19,0.961878
2011-04-18,0.960345
2011-04-15,0.962289
2011-04-14,0.961196
2011-04-13,0.958137
2011-04-12,0.95578
2011-04-11,0.957365
2011-04-08,0.960489
2011-04-07,0.962985
2011-04-06,0.965617
2011-04-05,0.964151
2011-04-04,0.965968
2011-04-01,0.97136
2011-03-31,0.973775
2011-03-30,0.977432
2011-03-29,0.979695
2011-03-28,0.979882
2011-03-25,0.979818
2011-03-24,0.98014
2011-03-23,0.978941
2011-03-22,0.981731
2011-03-21,0.986123
2011-03-18,0.988113
2011-03-17,0.9845
2011-03-16,0.9788
2011-03-15,0.973443
2011-03-14,0.972364
2011-03-11,0.970801
2011-03-10,0.97111
2011-03-09,0.972574
2011-03-08,0.972598
2011-03-07,0.973336
2011-03-04,0.973773
2011-03-03,0.973499
2011-03-02,0.973739
2011-03-01,0.976864
2011-02-28,0.980751
2011-02-25,0.987373
2011-02-24,0.9884
2011-02-23,0.985471
2011-02-22,0.98555
2011-02-21,0.985846
2011-02-18,0.98549
2011-02-17,0.987613
2011-02-16,0.987659
2011-02-15,0.990679
2011-02-14,0.990679
2011-02-11,0.995346
2011-02-10,0.993134
2011-02-09,0.989675
2011-02-08,0.987744
2011-02-07,0.987913
2011-02-04,0.98882
2011-02-03,0.992245
2011-02-02,0.998325
2011-02-01,1.00096
2011-01-31,0.998737
2011-01-28,0.995518
2011-01-27,0.995962
2011-01-26,0.995086
2011-01-25,0.994092
2011-01-24,0.995018
2011-01-21,0.995756
2011-01-20,0.990495
2011-01-19,0.987853
2011-01-18,0.989038
2011-01-17,0.989447
2011-01-14,0.987547
2011-01-13,0.989718
2011-01-12,0.993106
2011-01-11,0.994001
2011-01-10,0.994271
2011-01-07,0.996589
2011-01-06,0.997161
2011-01-05,0.994013
2011-01-04,0.994401
2011-01-03,0.998375
2010-12-31,1.0
2010-12-30,1.00127
2010-12-29,1.00486
2010-12-28,1.00816
2010-12-27,1.0098
2010-12-24,1.01348
2010-12-23,1.01641
2010-12-22,1.01616
2010-12-21,1.01395
2010-12-20,1.01031
2010-12-17,1.0054
2010-12-16,1.00649
2010-12-15,1.00751
2010-12-14,1.00852
2010-12-13,1.00951
2010-12-10,1.01071
2010-12-09,1.00904
2010-12-08,1.00538
2010-12-07,1.00475
2010-12-06,1.00723
2010-12-03,1.0161
2010-12-02,1.02174
2010-12-01,1.02124
2010-11-30,1.02045
2010-11-29,1.01656
2010-11-26,1.01268
2010-11-25,1.01861
2010-11-24,1.01888
2010-11-23,1.01629
2010-11-22,1.01816
2010-11-19,1.02073
2010-11-18,1.01881
2010-11-17,1.01233
2010-11-16,1.0109
2010-11-15,1.00832
2010-11-12,1.0028
2010-11-11,1.00376
2010-11-10,1.0026
2010-11-09,1.00143
2010-11-08,1.00201
2010-11-05,1.00649
2010-11-04,1.00963
2010-11-03,1.01372
2010-11-02,1.01808
2010-11-01,1.02123
2010-10-29,1.02587
2010-10-28,1.02687
2010-10-27,1.02103
2010-10-26,1.02146
2010-10-25,1.02459
2010-10-22,1.02436
2010-10-21,1.02678
2010-10-20,1.02326
2010-10-19,1.01479
2010-10-18,1.00731
2010-10-15,1.00338
2010-10-14,1.00833
2010-10-13,1.01304
2010-10-12,1.01164
2010-10-11,1.01185
2010-10-08,1.01303
2010-10-07,1.01542
2010-10-06,1.02065
2010-10-05,1.02091
2010-10-04,1.02364
2010-10-01,1.02989
2010-09-30,1.03016
2010-09-29,1.02921
2010-09-28,1.02485
2010-09-27,1.02732
2010-09-24,1.03024
2010-09-23,1.02757
2010-09-22,1.02975
2010-09-21,1.03138
2010-09-20,1.03074
2010-09-17,1.02741
2010-09-16,1.02799
2010-09-15,1.02801
2010-09-14,1.03253
2010-09-13,1.03593
2010-09-10,1.03753
2010-09-09,1.04262
2010-09-08,1.03991
2010-09-07,1.03708
2010-09-06,1.04385
2010-09-03,1.05385
2010-09-02,1.05899
2010-09-01,1.05906
2010-08-31,1.05214
2010-08-30,1.05294
2010-08-27,1.05817
2010-08-26,1.06086
2010-08-25,1.05524
2010-08-24,1.04839
2010-08-23,1.04255
2010-08-20,1.03218
2010-08-19,1.03265
2010-08-18,1.03868
2010-08-17,1.04205
2010-08-16,1.04326
2010-08-13,1.04365
2010-08-12,1.03796
2010-08-11,1.03134
2010-08-10,1.02739
2010-08-09,1.02241
2010-08-06,1.01749
2010-08-05,1.0227
2010-08-04,1.02392
2010-08-03,1.02592
2010-08-02,1.03144
2010-07-30,1.03356
2010-07-29,1.03356
2010-07-28,1.03309
2010-07-27,1.03496
2010-07-26,1.03804
2010-07-23,1.04148
2010-07-22,1.04511
2010-07-21,1.05237
2010-07-20,1.0553
2010-07-19,1.04992
2010-07-16,1.03466
2010-07-15,1.03278
2010-07-14,1.03365
2010-07-13,1.03418
2010-07-12,1.03764
2010-07-09,1.04838
2010-07-08,1.05544
2010-07-07,1.05966
2010-07-06,1.06313
2010-07-05,1.06261
2010-07-02,1.06033
2010-07-01,1.05308
2010-06-30,1.04354
2010-06-29,1.03501
2010-06-28,1.03765
2010-06-25,1.03941
2010-06-24,1.03141
2010-06-23,1.02134
2010-06-22,1.01973
2010-06-21,1.02384
2010-06-18,1.02692
2010-06-17,1.02776
2010-06-16,1.02936
2010-06-15,1.03035
2010-06-14,1.03339
2010-06-11,1.03865
2010-06-10,1.04836
2010-06-09,1.05599
2010-06-08,1.06062
2010-06-07,1.05381
2010-06-04,1.04232
2010-06-03,1.04841
2010-06-02,1.0485
2010-06-01,1.04997
2010-05-31,1.05466
2010-05-28,1.05927
2010-05-27,1.07055
2010-05-26,1.06985
2010-05-25,1.05915
2010-05-24,1.05966
2010-05-21,1.05469
2010-05-20,1.04033
2010-05-19,1.03388
2010-05-18,1.03655
2010-05-17,1.02754
2010-05-14,1.01667
2010-05-13,1.0203
2010-05-12,1.02399
2010-05-11,1.03223
2010-05-10,1.04174
2010-05-07,1.03489
2010-05-06,1.02449
2010-05-05,1.01706
2010-05-04,1.01557
2010-05-03,1.01336
2010-04-30,1.00879
2010-04-29,1.01104
2010-04-28,1.00437
2010-04-27,0.999489
2010-04-26,0.999279
2010-04-23,0.998547
2010-04-22,1.00049
2010-04-21,1.01047
2010-04-20,1.0156
2010-04-19,1.00818
2010-04-16,0.999066
2010-04-15,1.00023
2010-04-14,1.00393
2010-04-13,1.00402
2010-04-12,1.00384
2010-04-09,1.00424
2010-04-08,1.00116
2010-04-07,1.00261
2010-04-06,1.00724
2010-04-05,1.01084
2010-04-02,1.01255
2010-04-01,1.01713
2010-03-31,1.02001
2010-03-30,1.02342
2010-03-29,1.02469
2010-03-26,1.02172
2010-03-25,1.0208
2010-03-24,1.01865
2010-03-23,1.01825
2010-03-22,1.01521
2010-03-19,1.01168
2010-03-18,1.01312
2010-03-17,1.01759
2010-03-16,1.01933
2010-03-15,1.02212
2010-03-12,1.02648
2010-03-11,1.02677
2010-03-10,1.02753
2010-03-09,1.02796
2010-03-08,1.02971
2010-03-05,1.0317
2010-03-04,1.03423
2010-03-03,1.04097
2010-03-02,1.04973
2010-03-01,1.05513
2010-02-26,1.05835
2010-02-25,1.05215
2010-02-24,1.04457
2010-02-23,1.03993
2010-02-22,1.04141
2010-02-19,1.0448
2010-02-18,1.0447
2010-02-17,1.04677
2010-02-16,1.04982
2010-02-15,1.05325
2010-02-12,1.06082
2010-02-11,1.06836
2010-02-10,1.07065
2010-02-09,1.07053
2010-02-08,1.06892
2010-02-05,1.06232
2010-02-04,1.05907
2010-02-03,1.06312
2010-02-02,1.06891
2010-02-01,1.06697
2010-01-29,1.06266
2010-01-28,1.06307
2010-01-27,1.05933
2010-01-26,1.05725
2010-01-25,1.0539
2010-01-22,1.04455
2010-01-21,1.03539
2010-01-20,1.02818
2010-01-19,1.02836
2010-01-18,1.0318
2010-01-15,1.0318
2010-01-14,1.03601
2010-01-13,1.03307
2010-01-12,1.02922
2010-01-11,1.03109
2010-01-08,1.03464
2010-01-07,1.0377
2010-01-06,1.04069
2010-01-05,1.04708
2010-01-04,1.05229
2010-01-01,1.05019
2009-12-31,1.04639
2009-12-30,1.04374
2009-12-29,1.04773
2009-12-28,1.04912
2009-12-25,1.05026
2009-12-24,1.05589
2009-12-23,1.06119
2009-12-22,1.06488
2009-12-21,1.06711
2009-12-18,1.0654
2009-12-17,1.06044
2009-12-16,1.06035
2009-12-15,1.06044
2009-12-14,1.0578
2009-12-11,1.05645
2009-12-10,1.05852
2009-12-09,1.05522
2009-12-08,1.05651
2009-12-07,1.05537
2009-12-04,1.04923
2009-12-03,1.04749
2009-12-02,1.05241
2009-12-01,1.05861
2009-11-30,1.05827
2009-11-27,1.05267
2009-11-26,1.05516
2009-11-25,1.0602
2009-11-24,1.06495
2009-11-23,1.06686
2009-11-20,1.05722
2009-11-19,1.05175
2009-11-18,1.05061
2009-11-17,1.04947
2009-11-16,1.05036
2009-11-13,1.04759
2009-11-12,1.05055
2009-11-11,1.05911
2009-11-10,1.06877
2009-11-09,1.07104
2009-11-06,1.06434
2009-11-05,1.06897
2009-11-04,1.07781
2009-11-03,1.08165
2009-11-02,1.08121
2009-10-30,1.07377
2009-10-29,1.06957
2009-10-28,1.06317
2009-10-27,1.05507
2009-10-26,1.05148
2009-10-23,1.04794
2009-10-22,1.04378
2009-10-21,1.03616
2009-10-20,1.03616
2009-10-19,1.03309
2009-10-16,1.02741
2009-10-15,1.03042
2009-10-14,1.03534
2009-10-13,1.0401
2009-10-12,1.04749
2009-10-09,1.05739
2009-10-08,1.06161
2009-10-07,1.06888
2009-10-06,1.07677
2009-10-05,1.07728
2009-10-02,1.07484
2009-10-01,1.08012
2009-09-30,1.08879
2009-09-29,1.09234
2009-09-28,1.08648
2009-09-25,1.07534
2009-09-24,1.07048
2009-09-23,1.07314
2009-09-22,1.07268
2009-09-21,1.06747
2009-09-18,1.06652
2009-09-17,1.07434
2009-09-16,1.0826
2009-09-15,1.08174
2009-09-14,1.07833
2009-09-11,1.08021
2009-09-10,1.07778
2009-09-09,1.07747
2009-09-08,1.08359
2009-09-07,1.09392
2009-09-04,1.1034
2009-09-03,1.10136
2009-09-02,1.0965
2009-09-01,1.09514
2009-08-31,1.09314
2009-08-28,1.09411
2009-08-27,1.08667
2009-08-26,1.07852
2009-08-25,1.07927
2009-08-24,1.0861
2009-08-21,1.09752
2009-08-20,1.10374
2009-08-19,1.10553
2009-08-18,1.10326
2009-08-17,1.09447
2009-08-14,1.09177
2009-08-13,1.09682
2009-08-12,1.09061
2009-08-11,1.08307
2009-08-10,1.07819
2009-08-07,1.07288
2009-08-06,1.07122
2009-08-05,1.07007
2009-08-04,1.07442
2009-08-03,1.08064
2009-07-31,1.08592
2009-07-30,1.08387
2009-07-29,1.0821
2009-07-28,1.08463
2009-07-27,1.0901
2009-07-24,1.09893
2009-07-23,1.10489
2009-07-22,1.10688
2009-07-21,1.11021
2009-07-20,1.11554
2009-07-17,1.12175
2009-07-16,1.13472
2009-07-15,1.1518
2009-07-14,1.1622
2009-07-13,1.16312
2009-07-10,1.16301
2009-07-09,1.16374
2009-07-08,1.16148
2009-07-07,1.16189
2009-07-06,1.15799
2009-07-03,1.15447
2009-07-02,1.15646
2009-07-01,1.15654
2009-06-30,1.15454
2009-06-29,1.1542
2009-06-26,1.15343
2009-06-25,1.14989
2009-06-24,1.14938
2009-06-23,1.14009
2009-06-22,1.13338
2009-06-19,1.13258
2009-06-18,1.13331
2009-06-17,1.13009
2009-06-16,1.12434
2009-06-15,1.11308
2009-06-12,1.10397
2009-06-11,1.10668
2009-06-10,1.11368
2009-06-09,1.11975
2009-06-08,1.11388
2009-06-05,1.09955
2009-06-04,1.08838
2009-06-03,1.08766
2009-06-02,1.08858
2009-06-01,1.10133
2009-05-29,1.11718
2009-05-28,1.11878
2009-05-27,1.12515
2009-05-26,1.12247
2009-05-25,1.12754
2009-05-22,1.14472
2009-05-21,1.15421
2009-05-20,1.16475
2009-05-19,1.17439
2009-05-18,1.17615
2009-05-15,1.16969
2009-05-14,1.16308
2009-05-13,1.16028
2009-05-12,1.15252
2009-05-11,1.1568
2009-05-08,1.17149
2009-05-07,1.17482
2009-05-06,1.17693
2009-05-05,1.18358
2009-05-04,1.18943
2009-05-01,1.20108
2009-04-30,1.21445
2009-04-29,1.21856
2009-04-28,1.2129
2009-04-27,1.21883
2009-04-24,1.23679
2009-04-23,1.23873
2009-04-22,1.23275
2009-04-21,1.21962
2009-04-20,1.21045
2009-04-17,1.20834
2009-04-16,1.21491
2009-04-15,1.22055
2009-04-14,1.22495
2009-04-13,1.22819
2009-04-10,1.23503
2009-04-09,1.23959
2009-04-08,1.23745
2009-04-07,1.23054
2009-04-06,1.23782
2009-04-03,1.25678
2009-04-02,1.26214
2009-04-01,1.25441
2009-03-31,1.24641
2009-03-30,1.23739
2009-03-27,1.23005
2009-03-26,1.22787
2009-03-25,1.22754
2009-03-24,1.23648
2009-03-23,1.24085
2009-03-20,1.25154
2009-03-19,1.2691
2009-03-18,1.27137
2009-03-17,1.27161
2009-03-16,1.27732
2009-03-13,1.28552
2009-03-12,1.28559
2009-03-11,1.29033
2009-03-10,1.2891
2009-03-09,1.2849
2009-03-06,1.2841
2009-03-05,1.28936
2009-03-04,1.2864
2009-03-03,1.27969
2009-03-02,1.26725
2009-02-27,1.24976
2009-02-26,1.24753
2009-02-25,1.24878
2009-02-24,1.25
2009-02-23,1.25328
2009-02-20,1.2581
2009-02-19,1.25943
2009-02-18,1.25104
2009-02-17,1.24047
2009-02-16,1.2387
2009-02-13,1.24431
2009-02-12,1.23795
2009-02-11,1.22473
2009-02-10,1.22132
2009-02-09,1.22386
2009-02-06,1.23161
2009-02-05,1.23666
2009-02-04,1.24014
2009-02-03,1.23375
2009-02-02,1.22502
2009-01-30,1.21891
2009-01-29,1.22202
2009-01-28,1.2258
2009-01-27,1.22959
2009-01-26,1.24156
2009-01-23,1.26166
2009-01-22,1.26288
2009-01-21,1.25409
2009-01-20,1.24452
2009-01-19,1.24552
2009-01-16,1.24051
2009-01-15,1.22473
2009-01-14,1.21305
2009-01-13,1.19301
2009-01-12,1.18927
2009-01-09,1.19123
2009-01-08,1.18655
2009-01-07,1.19494
2009-01-06,1.20599
2009-01-05,1.21122
2009-01-02,1.22016
2009-01-01,1.22024
2008-12-31,1.22015
2008-12-30,1.21824
2008-12-29,1.2195
2008-12-26,1.21579
2008-12-25,1.21721
2008-12-24,1.21676
2008-12-23,1.21412
2008-12-22,1.20709
2008-12-19,1.19704
2008-12-18,1.21336
2008-12-17,1.23322
2008-12-16,1.24123
2008-12-15,1.24752
2008-12-12,1.25081
2008-12-11,1.25813
2008-12-10,1.25859
2008-12-09,1.26459
2008-12-08,1.26633
2008-12-05,1.2574
2008-12-04,1.25075
2008-12-03,1.24402
2008-12-02,1.24063
2008-12-01,1.23593
2008-11-28,1.22989
2008-11-27,1.23175
2008-11-26,1.24462
2008-11-25,1.26363
2008-11-24,1.2651
2008-11-21,1.25207
2008-11-20,1.23273
2008-11-19,1.23036
2008-11-18,1.23409
2008-11-17,1.23615
2008-11-14,1.22661
2008-11-13,1.20566
2008-11-12,1.19105
2008-11-11,1.18365
2008-11-10,1.18352
2008-11-07,1.16733
2008-11-06,1.16362
2008-11-05,1.1833
2008-11-04,1.20252
2008-11-03,1.21063
2008-10-31,1.22723
2008-10-30,1.27308
2008-10-29,1.28869
2008-10-28,1.28075
2008-10-27,1.27052
2008-10-24,1.24975
2008-10-23,1.22056
2008-10-22,1.19453
2008-10-21,1.1836
2008-10-20,1.18446
2008-10-17,1.18167
2008-10-16,1.15889
2008-10-15,1.15344
2008-10-14,1.16938
2008-10-13,1.1568
2008-10-10,1.12209
2008-10-09,1.10669
2008-10-08,1.09808
2008-10-07,1.088
2008-10-06,1.0775
2008-10-03,1.06577
2008-10-02,1.0574
2008-10-01,1.04645
2008-09-30,1.03631
2008-09-29,1.03433
2008-09-26,1.03529
2008-09-25,1.03503
2008-09-24,1.03835
2008-09-23,1.04492
2008-09-22,1.05429
2008-09-19,1.0681
2008-09-18,1.0699
2008-09-17,1.0688
2008-09-16,1.06355
2008-09-15,1.06573
2008-09-12,1.07329
2008-09-11,1.06823
2008-09-10,1.06419
2008-09-09,1.06183
2008-09-08,1.06212
2008-09-05,1.06434
2008-09-04,1.06891
2008-09-03,1.06803
2008-09-02,1.06513
2008-09-01,1.0575
2008-08-29,1.04663
2008-08-28,1.04783
2008-08-27,1.0498
2008-08-26,1.04811
2008-08-25,1.05016
2008-08-22,1.05762
2008-08-21,1.06278
2008-08-20,1.06243
2008-08-19,1.05939
2008-08-18,1.06039
2008-08-15,1.06361
2008-08-14,1.06653
2008-08-13,1.0675
2008-08-12,1.06666
2008-08-11,1.05964
2008-08-08,1.04689
2008-08-07,1.04286
2008-08-06,1.0365
2008-08-05,1.02871
2008-08-04,1.0258
2008-08-01,1.02364
2008-07-31,1.02348
2008-07-30,1.02197
2008-07-29,1.02002
2008-07-28,1.01632
2008-07-25,1.00989
2008-07-24,1.0069
2008-07-23,1.00393
2008-07-22,1.00522
2008-07-21,1.00423
2008-07-18,1.00226
2008-07-17,1.00226
2008-07-16,1.00502
2008-07-15,1.00869
2008-07-14,1.00997
2008-07-11,1.01309
2008-07-10,1.01682
2008-07-09,1.01903
2008-07-08,1.01812
2008-07-07,1.01812
2008-07-04,1.01671
2008-07-03,1.01911
2008-07-02,1.01679
2008-07-01,1.01136
2008-06-30,1.01048
2008-06-27,1.01093
2008-06-26,1.01319
2008-06-25,1.01565
2008-06-24,1.01635
2008-06-23,1.01638
2008-06-20,1.01701
2008-06-19,1.01967
2008-06-18,1.02332
2008-06-17,1.02773
2008-06-16,1.02678
2008-06-13,1.02169
2008-06-12,1.0221
2008-06-11,1.0227
2008-06-10,1.01956
2008-06-09,1.01875
2008-06-06,1.01487
2008-06-05,1.00768
2008-06-04,1.00017
2008-06-03,0.995621
2008-06-02,0.99188
2008-05-30,0.990594
2008-05-29,0.992449
2008-05-28,0.990474
2008-05-27,0.989477
2008-05-26,0.98796
2008-05-23,0.986
2008-05-22,0.989685
2008-05-21,0.993223
2008-05-20,0.997267
2008-05-19,1.0005
2008-05-16,1.00272
2008-05-15,1.00389
2008-05-14,1.00577
2008-05-13,1.00609
2008-05-12,1.00761
2008-05-09,1.00873
2008-05-08,1.00578
2008-05-07,1.01227
2008-05-06,1.01804
2008-05-05,1.0167
2008-05-02,1.0114
2008-05-01,1.01163
2008-04-30,1.01282
2008-04-29,1.01265
2008-04-28,1.01523
2008-04-25,1.01516
2008-04-24,1.00999
2008-04-23,1.00663
2008-04-22,1.00493
2008-04-21,1.00427
2008-04-18,1.00696
2008-04-17,1.01435
2008-04-16,1.02122
2008-04-15,1.02358
2008-04-14,1.02126
2008-04-11,1.0174
2008-04-10,1.01507
2008-04-09,1.01346
2008-04-08,1.01157
2008-04-07,1.01013
2008-04-04,1.0155
2008-04-03,1.02205
2008-04-02,1.02469
2008-04-01,1.0234
2008-03-31,1.02083
2008-03-28,1.01751
2008-03-27,1.01688
2008-03-26,1.02005
2008-03-25,1.02466
2008-03-24,1.02183
2008-03-21,1.01019
2008-03-20,0.995481
2008-03-19,0.994052
2008-03-18,0.991518
2008-03-17,0.988757
2008-03-14,0.988648
2008-03-13,0.991937
2008-03-12,0.992881
2008-03-11,0.990607
2008-03-10,0.988744
2008-03-07,0.98818
2008-03-06,0.991932
2008-03-05,0.989125
2008-03-04,0.986654
2008-03-03,0.984255
2008-02-29,0.979342
2008-02-28,0.985304
2008-02-27,0.998637
2008-02-26,1.00933
2008-02-25,1.0124
2008-02-22,1.01344
2008-02-21,1.01325
2008-02-20,1.00807
2008-02-19,1.00731
2008-02-18,1.00331
2008-02-15,0.998455
2008-02-14,1.00035
2008-02-13,1.00034
2008-02-12,0.99958
2008-02-11,1.00245
2008-02-08,1.00722
2008-02-07,1.00341
2008-02-06,0.997385
2008-02-05,0.995429
2008-02-04,0.996065
2008-02-01,0.997171
2008-01-31,0.998863
2008-01-30,1.00417
2008-01-29,1.00814
2008-01-28,1.01239
2008-01-25,1.02215
2008-01-24,1.02963
2008-01-23,1.03115
2008-01-22,1.02871
2008-01-21,1.02595
2008-01-18,1.02285
2008-01-17,1.01953
2008-01-16,1.01733
2008-01-15,1.01857
2008-01-14,1.01553
2008-01-11,1.00839
2008-01-10,1.00414
2008-01-09,1.00238
2008-01-08,1.00277
2008-01-07,0.998966
2008-01-04,0.992282
2008-01-03,0.993587
2008-01-02,0.992173
2008-01-01,0.981629
2007-12-31,0.981461
2007-12-28,0.98266
2007-12-27,0.984978
2007-12-26,0.987457
2007-12-25,0.990846
2007-12-24,0.995189
2007-12-21,1.00291
2007-12-20,1.00597
2007-12-19,1.00964
2007-12-18,1.01559
2007-12-17,1.01617
2007-12-14,1.0134
2007-12-13,1.01012
2007-12-12,1.00736
2007-12-11,1.00579
2007-12-10,1.00833
2007-12-07,1.01401
2007-12-06,1.01105
2007-12-05,1.00317
2007-12-04,0.999942
2007-12-03,0.995536
2007-11-30,0.991802
2007-11-29,0.993446
2007-11-28,0.989094
2007-11-27,0.986945
2007-11-26,0.98765
2007-11-23,0.984178
2007-11-22,0.983206
2007-11-21,0.980222
2007-11-20,0.975384
2007-11-19,0.971919
2007-11-16,0.965069
2007-11-15,0.959833
2007-11-14,0.958966
2007-11-13,0.949458
2007-11-12,0.939289
2007-11-09,0.924277
2007-11-08,0.92012
2007-11-07,0.931415
2007-11-06,0.93474
2007-11-05,0.939119
2007-11-02,0.948607
2007-11-01,0.953411
2007-10-31,0.956232
2007-10-30,0.959956
2007-10-29,0.964054
2007-10-26,0.96778
2007-10-25,0.969873
2007-10-24,0.972612
2007-10-23,0.97068
2007-10-22,0.969563
2007-10-19,0.975862
2007-10-18,0.978147
2007-10-17,0.976365
2007-10-16,0.972983
2007-10-15,0.974533
2007-10-12,0.979832
2007-10-11,0.983398
2007-10-10,0.985345
2007-10-09,0.982485
2007-10-08,0.98701
2007-10-05,0.998051
2007-10-04,0.996457
2007-10-03,0.994753
2007-10-02,0.992884
2007-10-01,0.996227
2007-09-28,1.00377
2007-09-27,1.00458
2007-09-26,1.00171
2007-09-25,1.00026
2007-09-24,1.00371
2007-09-21,1.01038
2007-09-20,1.01769
2007-09-19,1.02664
2007-09-18,1.02925
2007-09-17,1.03194
2007-09-14,1.03719
2007-09-13,1.04373
2007-09-12,1.05086
2007-09-11,1.05559
2007-09-10,1.05463
2007-09-07,1.05295
2007-09-06,1.0521
2007-09-05,1.05316
2007-09-04,1.05456
2007-09-03,1.05759
2007-08-31,1.06177
2007-08-30,1.06123
2007-08-29,1.05494
2007-08-28,1.05117
2007-08-27,1.05398
2007-08-24,1.05923
2007-08-23,1.06134
2007-08-22,1.05928
2007-08-21,1.05963
2007-08-20,1.06766
2007-08-17,1.07706
2007-08-16,1.06715
2007-08-15,1.05643
2007-08-14,1.05326
2007-08-13,1.0528
2007-08-10,1.05229
2007-08-09,1.05317
2007-08-08,1.05459
2007-08-07,1.05592
2007-08-06,1.05661
2007-08-03,1.05921
2007-08-02,1.06464
2007-08-01,1.06517
2007-07-31,1.06571
2007-07-30,1.05743
2007-07-27,1.04261
2007-07-26,1.04036
2007-07-25,1.04443
2007-07-24,1.047
2007-07-23,1.04701
2007-07-20,1.04389
2007-07-19,1.04357
2007-07-18,1.04457
2007-07-17,1.04657
2007-07-16,1.04897
2007-07-13,1.05316
2007-07-12,1.05402
2007-07-11,1.04946
2007-07-10,1.04853
2007-07-09,1.05245
2007-07-06,1.05822
2007-07-05,1.05846
2007-07-04,1.05849
2007-07-03,1.06188
2007-07-02,1.06528
2007-06-29,1.06817
2007-06-28,1.07083
2007-06-27,1.07036
2007-06-26,1.06943
2007-06-25,1.06831
2007-06-22,1.06719
2007-06-21,1.06601
2007-06-20,1.06951
2007-06-19,1.06938
2007-06-18,1.06765
2007-06-15,1.06779
2007-06-14,1.06566
2007-06-13,1.06157
2007-06-12,1.06138
2007-06-11,1.06011
2007-06-08,1.0595
2007-06-07,1.05988
2007-06-06,1.05976
2007-06-05,1.05976
2007-06-04,1.06505
2007-06-01,1.07232
2007-05-31,1.07524
2007-05-30,1.07925
2007-05-29,1.08027
2007-05-28,1.08141
2007-05-25,1.08401
2007-05-24,1.08544
2007-05-23,1.08588
2007-05-22,1.08774
2007-05-21,1.09373
2007-05-18,1.10128
2007-05-17,1.10132
2007-05-16,1.10561
2007-05-15,1.10983
2007-05-14,1.10929
2007-05-11,1.10695
2007-05-10,1.10499
2007-05-09,1.10352
2007-05-08,1.10584
2007-05-07,1.10774
2007-05-04,1.10892
2007-05-03,1.11025
2007-05-02,1.11103
2007-05-01,1.11493
2007-04-30,1.11671
2007-04-27,1.11816
2007-04-26,1.1206
2007-04-25,1.12253
2007-04-24,1.12338
2007-04-23,1.12544
2007-04-20,1.12885
2007-04-19,1.13045
2007-04-18,1.13254
2007-04-17,1.13554
2007-04-16,1.13821
2007-04-13,1.14135
2007-04-12,1.14728
2007-04-11,1.15036
2007-04-10,1.15143
2007-04-09,1.1529
2007-04-06,1.15654
2007-04-05,1.15748
2007-04-04,1.15589
2007-04-03,1.15418
2007-04-02,1.15591
2007-03-30,1.15867
2007-03-29,1.15829
2007-03-28,1.16002
2007-03-27,1.16154
2007-03-26,1.15936
2007-03-23,1.15827
2007-03-22,1.1653
2007-03-21,1.17397
2007-03-20,1.17625
2007-03-19,1.17577
2007-03-16,1.17517
2007-03-15,1.17333
2007-03-14,1.17091
2007-03-13,1.17166
2007-03-12,1.17463
2007-03-09,1.17802
2007-03-08,1.17736
2007-03-07,1.17851
2007-03-06,1.17844
2007-03-05,1.17504
2007-03-02,1.16938
2007-03-01,1.16529
2007-02-28,1.16047
2007-02-27,1.15961
2007-02-26,1.16031
2007-02-23,1.1636
2007-02-22,1.16703
2007-02-21,1.16527
2007-02-20,1.16394
2007-02-19,1.16388
2007-02-16,1.16571
2007-02-15,1.1693
2007-02-14,1.17323
2007-02-13,1.17306
2007-02-12,1.17725
2007-02-09,1.18438
2007-02-08,1.18276
2007-02-07,1.18315
2007-02-06,1.18156
2007-02-05,1.18156
2007-02-02,1.17823
2007-02-01,1.181
2007-01-31,1.18187
2007-01-30,1.1806
2007-01-29,1.17922
2007-01-26,1.17928
2007-01-25,1.18124
2007-01-24,1.17893
2007-01-23,1.17366
2007-01-22,1.173
2007-01-19,1.1744
2007-01-18,1.17286
2007-01-17,1.16893
2007-01-16,1.16941
2007-01-15,1.17234
2007-01-12,1.1758
2007-01-11,1.17651
2007-01-10,1.17517
2007-01-09,1.17396
2007-01-08,1.17339
2007-01-05,1.17104
2007-01-04,1.16604
2007-01-03,1.16504
2007-01-02,1.16383
2007-01-01,1.16383
2006-12-29,1.16097
2006-12-28,1.16046
2006-12-27,1.15864
2006-12-26,1.15835
2006-12-25,1.15533
2006-12-22,1.15028
2006-12-21,1.15259
2006-12-20,1.15641
2006-12-19,1.15741
2006-12-18,1.15725
2006-12-15,1.15472
2006-12-14,1.15141
2006-12-13,1.14937
2006-12-12,1.14909
2006-12-11,1.14893
2006-12-08,1.14627
2006-12-07,1.14264
2006-12-06,1.14234
2006-12-05,1.1445
2006-12-04,1.14266
2006-12-01,1.13736
2006-11-30,1.13329
2006-11-29,1.13237
2006-11-28,1.13378
2006-11-27,1.13731
2006-11-24,1.14237
2006-11-23,1.14476
2006-11-22,1.14615
2006-11-21,1.14598
2006-11-20,1.14393
2006-11-17,1.13918
2006-11-16,1.13847
2006-11-15,1.13629
2006-11-14,1.13312
2006-11-13,1.13143
2006-11-10,1.13028
2006-11-09,1.12956
2006-11-08,1.12971
2006-11-07,1.13077
2006-11-06,1.13113
2006-11-03,1.13106
2006-11-02,1.12667
2006-11-01,1.1237
2006-10-31,1.12051
2006-10-30,1.12133
2006-10-27,1.12519
2006-10-26,1.12762
2006-10-25,1.12798
2006-10-24,1.12605
2006-10-23,1.12898
2006-10-20,1.13661
2006-10-19,1.13854
2006-10-18,1.13771
2006-10-17,1.13771
2006-10-16,1.13736
2006-10-13,1.13582
2006-10-12,1.13183
2006-10-11,1.12643
2006-10-10,1.12515
2006-10-09,1.12582
2006-10-06,1.12573
2006-10-05,1.12222
2006-10-04,1.11786
2006-10-03,1.11803
2006-10-02,1.11522
2006-09-29,1.1123
2006-09-28,1.11481
2006-09-27,1.11612
2006-09-26,1.11723
2006-09-25,1.12008
2006-09-22,1.12535
2006-09-21,1.12468
2006-09-20,1.11971
2006-09-19,1.11898
2006-09-18,1.11871
2006-09-15,1.11884
2006-09-14,1.12005
2006-09-13,1.12015
2006-09-12,1.12066
2006-09-11,1.11541
2006-09-08,1.10784
2006-09-07,1.10977
2006-09-06,1.10817
2006-09-05,1.10529
2006-09-04,1.10557
2006-09-01,1.10814
2006-08-31,1.10875
2006-08-30,1.10918
2006-08-29,1.10871
2006-08-28,1.10993
2006-08-25,1.11187
2006-08-24,1.11479
2006-08-23,1.11898
2006-08-22,1.12273
2006-08-21,1.12305
2006-08-18,1.11959
2006-08-17,1.12314
2006-08-16,1.12609
2006-08-15,1.12471
2006-08-14,1.12372
2006-08-11,1.12172
2006-08-10,1.1212
2006-08-09,1.12136
2006-08-08,1.12492
2006-08-07,1.12688
2006-08-04,1.1272
2006-08-03,1.13011
2006-08-02,1.13077
2006-08-01,1.13005
2006-07-31,1.13245
2006-07-28,1.13615
2006-07-27,1.14007
2006-07-26,1.14067
2006-07-25,1.13939
2006-07-24,1.13616
2006-07-21,1.13451
2006-07-20,1.13585
2006-07-19,1.13332
2006-07-18,1.12997
2006-07-17,1.13
2006-07-14,1.1329
2006-07-13,1.13085
2006-07-12,1.12391
2006-07-11,1.11702
2006-07-10,1.11327
2006-07-07,1.11114
2006-07-06,1.10917
2006-07-05,1.11182
2006-07-04,1.11503
2006-07-03,1.11777
2006-06-30,1.12106
2006-06-29,1.12268
2006-06-28,1.12164
2006-06-27,1.12193
2006-06-26,1.11853
2006-06-23,1.11219
2006-06-22,1.1152
2006-06-21,1.12098
2006-06-20,1.12284
2006-06-19,1.11958
2006-06-16,1.1136
2006-06-15,1.10885
2006-06-14,1.10342
2006-06-13,1.10451
2006-06-12,1.11028
2006-06-09,1.11536
2006-06-08,1.112
2006-06-07,1.10626
2006-06-06,1.10087
2006-06-05,1.10206
2006-06-02,1.1014
2006-06-01,1.09991
2006-05-31,1.10336
2006-05-30,1.10562
2006-05-29,1.10984
2006-05-26,1.11832
2006-05-25,1.11999
2006-05-24,1.11824
2006-05-23,1.12029
2006-05-22,1.11738
2006-05-19,1.11292
2006-05-18,1.1095
2006-05-17,1.11261
2006-05-16,1.11122
2006-05-15,1.10708
2006-05-12,1.10195
2006-05-11,1.1039
2006-05-10,1.10887
2006-05-09,1.10674
2006-05-08,1.10695
2006-05-05,1.10803
2006-05-04,1.10772
2006-05-03,1.11312
2006-05-02,1.11639
2006-05-01,1.12076
2006-04-28,1.12813
2006-04-27,1.13246
2006-04-26,1.1359
2006-04-25,1.13691
2006-04-24,1.13776
2006-04-21,1.13821
2006-04-20,1.14109
2006-04-19,1.14562
2006-04-18,1.14912
2006-04-17,1.15062
2006-04-14,1.1476
2006-04-13,1.146
2006-04-12,1.14711
2006-04-11,1.14841
2006-04-10,1.15294
2006-04-07,1.16014
2006-04-06,1.16554
2006-04-05,1.17083
2006-04-04,1.17065
2006-04-03,1.16813
2006-03-31,1.1689
2006-03-30,1.17028
2006-03-29,1.16849
2006-03-28,1.1685
2006-03-27,1.16717
2006-03-24,1.16637
2006-03-23,1.1647
2006-03-22,1.16218
2006-03-21,1.16078
2006-03-20,1.15745
2006-03-17,1.15516
2006-03-16,1.15643
2006-03-15,1.15889
2006-03-14,1.16075
2006-03-13,1.1595
2006-03-10,1.15465
2006-03-09,1.14835
2006-03-08,1.1405
2006-03-07,1.13519
2006-03-06,1.13363
2006-03-03,1.13534
2006-03-02,1.13819
2006-03-01,1.14247
2006-02-28,1.14777
2006-02-27,1.14899
2006-02-24,1.14909
2006-02-23,1.14802
2006-02-22,1.14839
2006-02-21,1.15063
2006-02-20,1.15441
2006-02-17,1.15675
2006-02-16,1.15488
2006-02-15,1.1552
2006-02-14,1.15385
2006-02-13,1.15125
2006-02-10,1.15039
2006-02-09,1.15114
2006-02-08,1.14675
2006-02-07,1.14459
2006-02-06,1.14381
2006-02-03,1.14192
2006-02-02,1.14199
2006-02-01,1.14627
2006-01-31,1.14854
2006-01-30,1.15042
2006-01-27,1.15162
2006-01-26,1.1518
2006-01-25,1.15208
2006-01-24,1.15205
2006-01-23,1.15958
2006-01-20,1.16938
2006-01-19,1.16333
2006-01-18,1.15979
2006-01-17,1.15988
2006-01-16,1.16001
2006-01-13,1.16141
2006-01-12,1.16606
2006-01-11,1.16818
2006-01-10,1.16697
2006-01-09,1.16041
2006-01-06,1.15552
2006-01-05,1.16185
2006-01-04,1.16226
2006-01-03,1.16224
2006-01-02,1.16514
2005-12-30,1.1696
2005-12-29,1.16771
2005-12-28,1.16619
2005-12-27,1.16574
2005-12-26,1.16787
2005-12-23,1.17083
2005-12-22,1.16608
2005-12-21,1.15993
2005-12-20,1.15916
2005-12-19,1.15483
2005-12-16,1.14949
2005-12-15,1.15296
2005-12-14,1.15601
2005-12-13,1.15789
2005-12-12,1.15789
2005-12-09,1.15792
2005-12-08,1.15803
2005-12-07,1.16119
2005-12-06,1.16443
2005-12-05,1.16443
2005-12-02,1.16839
2005-12-01,1.16885
2005-11-30,1.1694
2005-11-29,1.16986
2005-11-28,1.1706
2005-11-25,1.17194
2005-11-24,1.17292
2005-11-23,1.17804
2005-11-22,1.18531
2005-11-21,1.18754
2005-11-18,1.18916
2005-11-17,1.1929
2005-11-16,1.19269
2005-11-15,1.19248
2005-11-14,1.19062
2005-11-11,1.18869
2005-11-10,1.18617
2005-11-09,1.18651
2005-11-08,1.18599
2005-11-07,1.18348
2005-11-04,1.18073
2005-11-03,1.17752
2005-11-02,1.17614
2005-11-01,1.17699
2005-10-31,1.17518
2005-10-28,1.17173
2005-10-27,1.17259
2005-10-26,1.17971
2005-10-25,1.1873
2005-10-24,1.18401
2005-10-21,1.17657
2005-10-20,1.17587
2005-10-19,1.17865
2005-10-18,1.18166
2005-10-17,1.18458
2005-10-14,1.17813
2005-10-13,1.17253
2005-10-12,1.17629
2005-10-11,1.17538
2005-10-10,1.17723
2005-10-07,1.18212
2005-10-06,1.17868
2005-10-05,1.1692
2005-10-04,1.16385
2005-10-03,1.16555
2005-09-30,1.17175
2005-09-29,1.17457
2005-09-28,1.17562
2005-09-27,1.17227
2005-09-26,1.17176
2005-09-23,1.17045
2005-09-22,1.16992
2005-09-21,1.16942
2005-09-20,1.1725
2005-09-19,1.18138
2005-09-16,1.18346
2005-09-15,1.18111
2005-09-14,1.18305
2005-09-13,1.18294
2005-09-12,1.17938
2005-09-09,1.18439
2005-09-08,1.18859
2005-09-07,1.18913
2005-09-06,1.18914
2005-09-05,1.18677
2005-09-02,1.18487
2005-09-01,1.18877
2005-08-31,1.19432
2005-08-30,1.1964
2005-08-29,1.1964
2005-08-26,1.19227
2005-08-25,1.19347
2005-08-24,1.19896
2005-08-23,1.20562
2005-08-22,1.21364
2005-08-19,1.21638
2005-08-18,1.20746
2005-08-17,1.19874
2005-08-16,1.19846
2005-08-15,1.19852
2005-08-12,1.20411
2005-08-11,1.21163
2005-08-10,1.21436
2005-08-09,1.21592
2005-08-08,1.21561
2005-08-05,1.21468
2005-08-04,1.21469
2005-08-03,1.21469
2005-08-02,1.21645
2005-08-01,1.22694
2005-07-29,1.23359
2005-07-28,1.23389
2005-07-27,1.22544
2005-07-26,1.21875
2005-07-25,1.21828
2005-07-22,1.21921
2005-07-21,1.22066
2005-07-20,1.2183
2005-07-19,1.21845
2005-07-18,1.21743
2005-07-15,1.21048
2005-07-14,1.20558
2005-07-13,1.20766
2005-07-12,1.2174
2005-07-11,1.22286
2005-07-08,1.23206
2005-07-07,1.23969
2005-07-06,1.2425
2005-07-05,1.24223
2005-07-04,1.23707
2005-07-01,1.22651
2005-06-30,1.22967
2005-06-29,1.23135
2005-06-28,1.23253
2005-06-27,1.23361
2005-06-24,1.23278
2005-06-23,1.2334
2005-06-22,1.23334
2005-06-21,1.23412
2005-06-20,1.23282
2005-06-17,1.2363
2005-06-16,1.24325
2005-06-15,1.2543
2005-06-14,1.25407
2005-06-13,1.25302
2005-06-10,1.25505
2005-06-09,1.24911
2005-06-08,1.245
2005-06-07,1.24536
2005-06-06,1.24742
2005-06-03,1.25079
2005-06-02,1.25079
2005-06-01,1.2557
2005-05-31,1.25574
2005-05-30,1.25942
2005-05-27,1.26584
2005-05-26,1.26233
2005-05-25,1.25919
2005-05-24,1.26125
2005-05-23,1.26371
2005-05-20,1.25998
2005-05-19,1.26224
2005-05-18,1.26743
2005-05-17,1.26796
2005-05-16,1.26004
2005-05-13,1.25011
2005-05-12,1.24356
2005-05-11,1.23776
2005-05-10,1.24005
2005-05-09,1.24313
2005-05-06,1.24563
2005-05-05,1.24837
2005-05-04,1.25336
2005-05-03,1.25666
2005-05-02,1.25625
2005-04-29,1.25079
2005-04-28,1.24784
2005-04-27,1.24246
2005-04-26,1.23558
2005-04-25,1.23492
2005-04-22,1.23929
2005-04-21,1.23888
2005-04-20,1.24128
2005-04-19,1.24663
2005-04-18,1.24448
2005-04-15,1.24083
2005-04-14,1.23846
2005-04-13,1.23631
2005-04-12,1.23165
2005-04-11,1.2269
2005-04-08,1.22275
2005-04-07,1.22044
2005-04-06,1.21931
2005-04-05,1.21961
2005-04-04,1.21347
2005-04-01,1.21222
2005-03-31,1.21524
2005-03-30,1.21506
2005-03-29,1.21882
2005-03-28,1.21728
2005-03-25,1.21598
2005-03-24,1.2136
2005-03-23,1.20959
2005-03-22,1.20744
2005-03-21,1.20236
2005-03-18,1.20293
2005-03-17,1.20558
2005-03-16,1.20676
2005-03-15,1.20612
2005-03-14,1.20498
2005-03-11,1.20469
2005-03-10,1.2091
2005-03-09,1.21975
2005-03-08,1.22973
2005-03-07,1.23537
2005-03-04,1.24212
2005-03-03,1.24006
2005-03-02,1.2381
2005-03-01,1.23559
2005-02-28,1.23927
2005-02-25,1.2388
2005-02-24,1.2329
2005-02-23,1.22833
2005-02-22,1.23302
2005-02-21,1.23036
2005-02-18,1.23142
2005-02-17,1.23463
2005-02-16,1.23185
2005-02-15,1.23522
2005-02-14,1.23906
2005-02-11,1.2452
2005-02-10,1.24894
2005-02-09,1.25052
2005-02-08,1.25326
2005-02-07,1.24628
2005-02-04,1.23998
2005-02-03,1.23708
2005-02-02,1.23792
2005-02-01,1.24046
2005-01-31,1.23876
2005-01-28,1.23666
2005-01-27,1.23478
2005-01-26,1.23189
2005-01-25,1.22312
2005-01-24,1.22584
2005-01-21,1.23083
2005-01-20,1.22595
2005-01-19,1.22144
2005-01-18,1.21731
2005-01-17,1.21194
2005-01-14,1.2014
2005-01-13,1.20716
2005-01-12,1.21979
2005-01-11,1.22626
2005-01-10,1.2335
2005-01-07,1.23201
2005-01-06,1.22485
2005-01-05,1.21647
2005-01-04,1.2048
2005-01-03,1.20263
