Date,CURRFX.GBPCAD.1
2015-03-06,1.90403
2015-03-05,1.91709
2015-03-04,1.92381
2015-03-03,1.92819
2015-03-02,1.93023
2015-02-27,1.92919
2015-02-26,1.93497
2015-02-25,1.94134
2015-02-24,1.93346
2015-02-23,1.92857
2015-02-20,1.92014
2015-02-19,1.91012
2015-02-18,1.9116
2015-02-17,1.91695
2015-02-16,1.91919
2015-02-13,1.92319
2015-02-12,1.91587
2015-02-11,1.90364
2015-02-10,1.90563
2015-02-09,1.90838
2015-02-06,1.90203
2015-02-05,1.89175
2015-02-04,1.89702
2015-02-03,1.91243
2015-02-02,1.91002
2015-01-30,1.89427
2015-01-29,1.88618
2015-01-28,1.87884
2015-01-27,1.86725
2015-01-26,1.86455
2015-01-23,1.85717
2015-01-22,1.83028
2015-01-21,1.81426
2015-01-20,1.81334
2015-01-19,1.81599
2015-01-16,1.81755
2015-01-15,1.81621
2015-01-14,1.80891
2015-01-13,1.80034
2015-01-12,1.79284
2015-01-09,1.78602
2015-01-08,1.79075
2015-01-07,1.79474
2015-01-06,1.80259
2015-01-05,1.80739
2015-01-02,1.8082
2015-01-01,1.80645
2014-12-31,1.80707
2014-12-30,1.80872
2014-12-29,1.80935
2014-12-26,1.80786
2014-12-25,1.80622
2014-12-24,1.81069
2014-12-23,1.81414
2014-12-22,1.81378
2014-12-19,1.81943
2014-12-18,1.82721
2014-12-17,1.82353
2014-12-16,1.8187
2014-12-15,1.81348
2014-12-12,1.80139
2014-12-11,1.79656
2014-12-10,1.79154
2014-12-09,1.78412
2014-12-08,1.7821
2014-12-05,1.783
2014-12-04,1.78289
2014-12-03,1.7841
2014-12-02,1.78715
2014-12-01,1.78343
2014-11-28,1.77571
2014-11-27,1.77114
2014-11-26,1.76715
2014-11-25,1.76123
2014-11-24,1.76541
2014-11-21,1.77556
2014-11-20,1.77052
2014-11-19,1.76798
2014-11-18,1.76953
2014-11-17,1.77494
2014-11-14,1.78928
2014-11-13,1.79982
2014-11-12,1.80209
2014-11-11,1.7991
2014-11-10,1.80507
2014-11-07,1.8196
2014-11-06,1.82154
2014-11-05,1.81454
2014-11-04,1.80436
2014-11-03,1.79795
2014-10-31,1.79394
2014-10-30,1.80354
2014-10-29,1.80993
2014-10-28,1.80885
2014-10-27,1.80585
2014-10-24,1.80402
2014-10-23,1.81023
2014-10-22,1.81788
2014-10-21,1.81675
2014-10-20,1.81151
2014-10-17,1.8046
2014-10-16,1.80046
2014-10-15,1.79869
2014-10-14,1.80143
2014-10-13,1.79919
2014-10-10,1.797
2014-10-09,1.7958
2014-10-08,1.7946
2014-10-07,1.79462
2014-10-06,1.79748
2014-10-03,1.80523
2014-10-02,1.81358
2014-10-01,1.8126
2014-09-30,1.81233
2014-09-29,1.81179
2014-09-26,1.81163
2014-09-25,1.81164
2014-09-24,1.80248
2014-09-23,1.79089
2014-09-22,1.78808
2014-09-19,1.79036
2014-09-18,1.78832
2014-09-17,1.79377
2014-09-16,1.80123
2014-09-15,1.79664
2014-09-12,1.77813
2014-09-11,1.7702
2014-09-10,1.76732
2014-09-09,1.76875
2014-09-08,1.78075
2014-09-05,1.79093
2014-09-04,1.7994
2014-09-03,1.80448
2014-09-02,1.80536
2014-09-01,1.80387
2014-08-29,1.80279
2014-08-28,1.81098
2014-08-27,1.81749
2014-08-26,1.81557
2014-08-25,1.81557
2014-08-22,1.81928
2014-08-21,1.81966
2014-08-20,1.81955
2014-08-19,1.82042
2014-08-18,1.81981
2014-08-15,1.82405
2014-08-14,1.83236
2014-08-13,1.83704
2014-08-12,1.83976
2014-08-11,1.84038
2014-08-08,1.84235
2014-08-07,1.84545
2014-08-06,1.84202
2014-08-05,1.83767
2014-08-04,1.83884
2014-08-01,1.84183
2014-07-31,1.83869
2014-07-30,1.83557
2014-07-29,1.83577
2014-07-28,1.8325
2014-07-25,1.82781
2014-07-24,1.83137
2014-07-23,1.83365
2014-07-22,1.8363
2014-07-21,1.8363
2014-07-18,1.841
2014-07-17,1.84143
2014-07-16,1.83672
2014-07-15,1.83612
2014-07-14,1.8334
2014-07-11,1.8268
2014-07-10,1.82821
2014-07-09,1.82831
2014-07-08,1.8272
2014-07-07,1.82793
2014-07-04,1.82722
2014-07-03,1.82618
2014-07-02,1.8237
2014-07-01,1.81902
2014-06-30,1.81878
2014-06-27,1.82192
2014-06-26,1.82361
2014-06-25,1.82569
2014-06-24,1.82857
2014-06-23,1.8348
2014-06-20,1.84235
2014-06-19,1.84248
2014-06-18,1.84271
2014-06-17,1.84304
2014-06-16,1.83636
2014-06-13,1.82635
2014-06-12,1.82797
2014-06-11,1.83266
2014-06-10,1.83594
2014-06-09,1.83577
2014-06-06,1.83256
2014-06-05,1.82859
2014-06-04,1.82442
2014-06-03,1.81931
2014-06-02,1.81663
2014-05-30,1.81729
2014-05-29,1.82328
2014-05-28,1.82787
2014-05-27,1.82936
2014-05-26,1.83381
2014-05-23,1.84096
2014-05-22,1.8376
2014-05-21,1.83033
2014-05-20,1.8271
2014-05-19,1.82577
2014-05-16,1.82727
2014-05-15,1.83434
2014-05-14,1.83743
2014-05-13,1.83743
2014-05-12,1.83948
2014-05-09,1.84523
2014-05-08,1.84905
2014-05-07,1.85047
2014-05-06,1.85107
2014-05-05,1.85218
2014-05-02,1.84989
2014-05-01,1.84664
2014-04-30,1.85119
2014-04-29,1.85473
2014-04-28,1.85394
2014-04-25,1.85269
2014-04-24,1.85359
2014-04-23,1.8522
2014-04-22,1.85123
2014-04-21,1.85068
2014-04-18,1.84751
2014-04-17,1.84038
2014-04-16,1.83612
2014-04-15,1.83603
2014-04-14,1.83403
2014-04-11,1.82912
2014-04-10,1.82744
2014-04-09,1.82417
2014-04-08,1.82084
2014-04-07,1.82449
2014-04-04,1.83306
2014-04-03,1.83633
2014-04-02,1.83953
2014-04-01,1.83978
2014-03-31,1.83992
2014-03-28,1.84104
2014-03-27,1.8451
2014-03-26,1.84821
2014-03-25,1.85062
2014-03-24,1.85403
2014-03-21,1.85675
2014-03-20,1.8478
2014-03-19,1.84029
2014-03-18,1.84501
2014-03-17,1.84722
2014-03-14,1.84613
2014-03-13,1.84753
2014-03-12,1.8499
2014-03-11,1.85346
2014-03-10,1.84932
2014-03-07,1.84489
2014-03-06,1.84852
2014-03-05,1.84986
2014-03-04,1.8523
2014-03-03,1.85389
2014-02-28,1.85342
2014-02-27,1.84851
2014-02-26,1.84669
2014-02-25,1.84695
2014-02-24,1.84668
2014-02-21,1.8415
2014-02-20,1.83115
2014-02-19,1.83304
2014-02-18,1.8379
2014-02-17,1.83511
2014-02-14,1.82314
2014-02-13,1.81544
2014-02-12,1.81454
2014-02-11,1.81074
2014-02-10,1.80869
2014-02-07,1.80633
2014-02-06,1.80776
2014-02-05,1.81161
2014-02-04,1.82241
2014-02-03,1.83628
2014-01-31,1.84689
2014-01-30,1.84665
2014-01-29,1.83941
2014-01-28,1.82898
2014-01-27,1.83477
2014-01-24,1.83533
2014-01-23,1.81135
2014-01-22,1.8021
2014-01-21,1.79972
2014-01-20,1.79572
2014-01-17,1.79183
2014-01-16,1.79435
2014-01-15,1.79001
2014-01-14,1.79315
2014-01-13,1.7912
2014-01-10,1.77998
2014-01-09,1.7664
2014-01-08,1.75055
2014-01-07,1.74432
2014-01-06,1.75068
2014-01-03,1.75925
2014-01-02,1.75971
2014-01-01,1.75997
2013-12-31,1.76414
2013-12-30,1.75657
2013-12-27,1.74138
2013-12-26,1.73752
2013-12-25,1.73704
2013-12-24,1.73725
2013-12-23,1.74322
2013-12-20,1.74645
2013-12-19,1.73156
2013-12-18,1.72588
2013-12-17,1.726
2013-12-16,1.72934
2013-12-13,1.73718
2013-12-12,1.74281
2013-12-11,1.74595
2013-12-10,1.74201
2013-12-09,1.7417
2013-12-06,1.74551
2013-12-05,1.74557
2013-12-04,1.74381
2013-12-03,1.74036
2013-12-02,1.73404
2013-11-29,1.72305
2013-11-28,1.71148
2013-11-27,1.70613
2013-11-26,1.70803
2013-11-25,1.69926
2013-11-22,1.68791
2013-11-21,1.68529
2013-11-20,1.68168
2013-11-19,1.68147
2013-11-18,1.68206
2013-11-15,1.67772
2013-11-14,1.67132
2013-11-13,1.67318
2013-11-12,1.67683
2013-11-11,1.6773
2013-11-08,1.67705
2013-11-07,1.67586
2013-11-06,1.66704
2013-11-05,1.66035
2013-11-04,1.66624
2013-11-01,1.67792
2013-10-31,1.67983
2013-10-30,1.68365
2013-10-29,1.68894
2013-10-28,1.68666
2013-10-25,1.67897
2013-10-24,1.66928
2013-10-23,1.66411
2013-10-22,1.66345
2013-10-21,1.6601
2013-10-18,1.65549
2013-10-17,1.65544
2013-10-16,1.6545
2013-10-15,1.65387
2013-10-14,1.65401
2013-10-11,1.65937
2013-10-10,1.66163
2013-10-09,1.65933
2013-10-08,1.65307
2013-10-07,1.65734
2013-10-04,1.67417
2013-10-03,1.6744
2013-10-02,1.66997
2013-10-01,1.66462
2013-09-30,1.66075
2013-09-27,1.65441
2013-09-26,1.65022
2013-09-25,1.64874
2013-09-24,1.64997
2013-09-23,1.64786
2013-09-20,1.64413
2013-09-19,1.64149
2013-09-18,1.64116
2013-09-17,1.64274
2013-09-16,1.63912
2013-09-13,1.63147
2013-09-12,1.62937
2013-09-11,1.62762
2013-09-10,1.62745
2013-09-09,1.63132
2013-09-06,1.63879
2013-09-05,1.63964
2013-09-04,1.63918
2013-09-03,1.63656
2013-09-02,1.63223
2013-08-30,1.62893
2013-08-29,1.63041
2013-08-28,1.63521
2013-08-27,1.63582
2013-08-26,1.6355
2013-08-23,1.63651
2013-08-22,1.6306
2013-08-21,1.62126
2013-08-20,1.61588
2013-08-19,1.61196
2013-08-16,1.60392
2013-08-15,1.59891
2013-08-14,1.59541
2013-08-13,1.60098
2013-08-12,1.60098
2013-08-09,1.60846
2013-08-08,1.59837
2013-08-07,1.59158
2013-08-06,1.5902
2013-08-05,1.57852
2013-08-02,1.56412
2013-08-01,1.56893
2013-07-31,1.57546
2013-07-30,1.57976
2013-07-29,1.58009
2013-07-26,1.57941
2013-07-25,1.58269
2013-07-24,1.58519
2013-07-23,1.58418
2013-07-22,1.58265
2013-07-19,1.58035
2013-07-18,1.57548
2013-07-17,1.57241
2013-07-16,1.57057
2013-07-15,1.57095
2013-07-12,1.56967
2013-07-11,1.56852
2013-07-10,1.57313
2013-07-09,1.57523
2013-07-08,1.58265
2013-07-05,1.5988
2013-07-04,1.6013
2013-07-03,1.59903
2013-07-02,1.59995
2013-07-01,1.60001
2013-06-28,1.60485
2013-06-27,1.61613
2013-06-26,1.61962
2013-06-25,1.6153
2013-06-24,1.60656
2013-06-21,1.5968
2013-06-20,1.59686
2013-06-19,1.59746
2013-06-18,1.59746
2013-06-17,1.59744
2013-06-14,1.59691
2013-06-13,1.59367
2013-06-12,1.58793
2013-06-11,1.58527
2013-06-10,1.59027
2013-06-07,1.59344
2013-06-06,1.58458
2013-06-05,1.57863
2013-06-04,1.57743
2013-06-03,1.57364
2013-05-31,1.56719
2013-05-30,1.56448
2013-05-29,1.56215
2013-05-28,1.56135
2013-05-27,1.56034
2013-05-24,1.55843
2013-05-23,1.55802
2013-05-22,1.56119
2013-05-21,1.56138
2013-05-20,1.55628
2013-05-17,1.55076
2013-05-16,1.54962
2013-05-15,1.54912
2013-05-14,1.55154
2013-05-13,1.55392
2013-05-10,1.55746
2013-05-09,1.55902
2013-05-08,1.56431
2013-05-07,1.56873
2013-05-06,1.56877
2013-05-03,1.56713
2013-05-02,1.56654
2013-05-01,1.5692
2013-04-30,1.57343
2013-04-29,1.57283
2013-04-26,1.56977
2013-04-25,1.56608
2013-04-24,1.56568
2013-04-23,1.56382
2013-04-22,1.56428
2013-04-19,1.56587
2013-04-18,1.56677
2013-04-17,1.56472
2013-04-16,1.55935
2013-04-15,1.55517
2013-04-12,1.55554
2013-04-11,1.55524
2013-04-10,1.55558
2013-04-09,1.55882
2013-04-08,1.55115
2013-04-05,1.53463
2013-04-04,1.5363
2013-04-03,1.54319
2013-04-02,1.54419
2013-04-01,1.54419
2013-03-29,1.53984
2013-03-28,1.54224
2013-03-27,1.54968
2013-03-26,1.55602
2013-03-25,1.55575
2013-03-22,1.55112
2013-03-21,1.54912
2013-03-20,1.54608
2013-03-19,1.54369
2013-03-18,1.53929
2013-03-15,1.53522
2013-03-14,1.53133
2013-03-13,1.5302
2013-03-12,1.53349
2013-03-11,1.53962
2013-03-08,1.54964
2013-03-07,1.55303
2013-03-06,1.55195
2013-03-05,1.54682
2013-03-04,1.54791
2013-03-01,1.55391
2013-02-28,1.55338
2013-02-27,1.55368
2013-02-26,1.54933
2013-02-25,1.54986
2013-02-22,1.55334
2013-02-21,1.55988
2013-02-20,1.5628
2013-02-19,1.56091
2013-02-18,1.5585
2013-02-15,1.55838
2013-02-14,1.56818
2013-02-13,1.57581
2013-02-12,1.58272
2013-02-11,1.57546
2013-02-08,1.56175
2013-02-07,1.56419
2013-02-06,1.56914
2013-02-05,1.56642
2013-02-04,1.57165
2013-02-01,1.58251
2013-01-31,1.58258
2013-01-30,1.58258
2013-01-29,1.5874
2013-01-28,1.58666
2013-01-25,1.57988
2013-01-24,1.57406
2013-01-23,1.57355
2013-01-22,1.57388
2013-01-21,1.57543
2013-01-18,1.57874
2013-01-17,1.58077
2013-01-16,1.58342
2013-01-15,1.58668
2013-01-14,1.58678
2013-01-11,1.58362
2013-01-10,1.58459
2013-01-09,1.58616
2013-01-08,1.58575
2013-01-07,1.59025
2013-01-04,1.60167
2013-01-03,1.6114
2013-01-02,1.61403
2013-01-01,1.61078
2012-12-31,1.60778
2012-12-28,1.60185
2012-12-27,1.59988
2012-12-26,1.60119
2012-12-25,1.60523
2012-12-24,1.60691
2012-12-21,1.60666
2012-12-20,1.60169
2012-12-19,1.59625
2012-12-18,1.59531
2012-12-17,1.59202
2012-12-14,1.58835
2012-12-13,1.58873
2012-12-12,1.58643
2012-12-11,1.58497
2012-12-10,1.58935
2012-12-07,1.59625
2012-12-06,1.59883
2012-12-05,1.59852
2012-12-04,1.59386
2012-12-03,1.59123
2012-11-30,1.59016
2012-11-29,1.59127
2012-11-28,1.59159
2012-11-27,1.59144
2012-11-26,1.59095
2012-11-23,1.5894
2012-11-22,1.58762
2012-11-21,1.58732
2012-11-20,1.58928
2012-11-19,1.58958
2012-11-16,1.5892
2012-11-15,1.58957
2012-11-14,1.58886
2012-11-13,1.58969
2012-11-12,1.59258
2012-11-09,1.59104
2012-11-08,1.58843
2012-11-07,1.59113
2012-11-06,1.59415
2012-11-05,1.60155
2012-11-02,1.61104
2012-11-01,1.60792
2012-10-31,1.6059
2012-10-30,1.60535
2012-10-29,1.60277
2012-10-26,1.59321
2012-10-25,1.58674
2012-10-24,1.58956
2012-10-23,1.59151
2012-10-22,1.58673
2012-10-19,1.58314
2012-10-18,1.58619
2012-10-17,1.57888
2012-10-16,1.57361
2012-10-15,1.57342
2012-10-12,1.56892
2012-10-11,1.56586
2012-10-10,1.56717
2012-10-09,1.57427
2012-10-08,1.58254
2012-10-05,1.58824
2012-10-04,1.58755
2012-10-03,1.58642
2012-10-02,1.58805
2012-10-01,1.59105
2012-09-28,1.59114
2012-09-27,1.58872
2012-09-26,1.58822
2012-09-25,1.58642
2012-09-24,1.58434
2012-09-21,1.58315
2012-09-20,1.58251
2012-09-19,1.5812
2012-09-18,1.57705
2012-09-17,1.5742
2012-09-14,1.56954
2012-09-13,1.56496
2012-09-12,1.56283
2012-09-11,1.56518
2012-09-10,1.56874
2012-09-07,1.57083
2012-09-06,1.56819
2012-09-05,1.56556
2012-09-04,1.56556
2012-09-03,1.5662
2012-08-31,1.56663
2012-08-30,1.56345
2012-08-29,1.56364
2012-08-28,1.56709
2012-08-27,1.5706
2012-08-24,1.57113
2012-08-23,1.56207
2012-08-22,1.5539
2012-08-21,1.55252
2012-08-20,1.55268
2012-08-17,1.55284
2012-08-16,1.55536
2012-08-15,1.55631
2012-08-14,1.55516
2012-08-13,1.55484
2012-08-10,1.55586
2012-08-09,1.55841
2012-08-08,1.56064
2012-08-07,1.56332
2012-08-06,1.56456
2012-08-03,1.56391
2012-08-02,1.56902
2012-08-01,1.57381
2012-07-31,1.57795
2012-07-30,1.57884
2012-07-27,1.57799
2012-07-26,1.58058
2012-07-25,1.58111
2012-07-24,1.58124
2012-07-23,1.58222
2012-07-20,1.58235
2012-07-19,1.58415
2012-07-18,1.58417
2012-07-17,1.58057
2012-07-16,1.57902
2012-07-13,1.58152
2012-07-12,1.58424
2012-07-11,1.58173
2012-07-10,1.57994
2012-07-09,1.57842
2012-07-06,1.57988
2012-07-05,1.58774
2012-07-04,1.59373
2012-07-03,1.59608
2012-07-02,1.59728
2012-06-29,1.59896
2012-06-28,1.60086
2012-06-27,1.60186
2012-06-26,1.5993
2012-06-25,1.59918
2012-06-22,1.60209
2012-06-21,1.60206
2012-06-20,1.60319
2012-06-19,1.60488
2012-06-18,1.6013
2012-06-15,1.59513
2012-06-14,1.5973
2012-06-13,1.59477
2012-06-12,1.59042
2012-06-11,1.59007
2012-06-08,1.59364
2012-06-07,1.59608
2012-06-06,1.59849
2012-06-05,1.60022
2012-06-04,1.59685
2012-06-01,1.59543
2012-05-31,1.60104
2012-05-30,1.60571
2012-05-29,1.60972
2012-05-28,1.61104
2012-05-25,1.60919
2012-05-24,1.6092
2012-05-23,1.61015
2012-05-22,1.61484
2012-05-21,1.61421
2012-05-18,1.60932
2012-05-17,1.61013
2012-05-16,1.61073
2012-05-15,1.60977
2012-05-14,1.61078
2012-05-11,1.61612
2012-05-10,1.61355
2012-05-09,1.60951
2012-05-08,1.60852
2012-05-07,1.60383
2012-05-04,1.59717
2012-05-03,1.59982
2012-05-02,1.60032
2012-05-01,1.59746
2012-04-30,1.59321
2012-04-27,1.59081
2012-04-26,1.59343
2012-04-25,1.5991
2012-04-24,1.60135
2012-04-23,1.59679
2012-04-20,1.58695
2012-04-19,1.58226
2012-04-18,1.58482
2012-04-17,1.58451
2012-04-16,1.58749
2012-04-13,1.5938
2012-04-12,1.59156
2012-04-11,1.58528
2012-04-10,1.58315
2012-04-09,1.5814
2012-04-06,1.57902
2012-04-05,1.58108
2012-04-04,1.58868
2012-04-03,1.59601
2012-04-02,1.59516
2012-03-30,1.58789
2012-03-29,1.58566
2012-03-28,1.58349
2012-03-27,1.58304
2012-03-26,1.58091
2012-03-23,1.575
2012-03-22,1.57157
2012-03-21,1.57097
2012-03-20,1.57076
2012-03-19,1.56574
2012-03-16,1.5554
2012-03-15,1.55356
2012-03-14,1.55252
2012-03-13,1.55306
2012-03-12,1.55979
2012-03-09,1.5714
2012-03-08,1.57498
2012-03-07,1.57498
2012-03-06,1.56923
2012-03-05,1.56902
2012-03-02,1.57564
2012-03-01,1.57946
2012-02-29,1.58264
2012-02-28,1.58691
2012-02-27,1.57946
2012-02-24,1.56832
2012-02-23,1.57196
2012-02-22,1.57454
2012-02-21,1.57593
2012-02-20,1.5759
2012-02-17,1.56937
2012-02-16,1.56802
2012-02-15,1.57418
2012-02-14,1.57714
2012-02-13,1.57714
2012-02-10,1.57765
2012-02-09,1.57919
2012-02-08,1.57547
2012-02-07,1.57187
2012-02-06,1.57467
2012-02-03,1.58042
2012-02-02,1.57822
2012-02-01,1.57573
2012-01-31,1.57573
2012-01-30,1.57377
2012-01-27,1.5731
2012-01-26,1.57497
2012-01-25,1.57273
2012-01-24,1.5752
2012-01-23,1.57163
2012-01-20,1.55981
2012-01-19,1.55869
2012-01-18,1.56008
2012-01-17,1.56474
2012-01-16,1.56497
2012-01-13,1.56374
2012-01-12,1.57184
2012-01-11,1.58062
2012-01-10,1.58667
2012-01-09,1.58433
2012-01-06,1.58158
2012-01-05,1.58138
2012-01-04,1.57952
2012-01-03,1.58375
2012-01-02,1.58432
2011-12-30,1.58357
2011-12-29,1.59351
2011-12-28,1.59542
2011-12-27,1.59295
2011-12-26,1.59714
2011-12-23,1.60819
2011-12-22,1.61096
2011-12-21,1.61076
2011-12-20,1.611
2011-12-19,1.61102
2011-12-16,1.60499
2011-12-15,1.60249
2011-12-14,1.59942
2011-12-13,1.59635
2011-12-12,1.59171
2011-12-09,1.58446
2011-12-08,1.58194
2011-12-07,1.58815
2011-12-06,1.58932
2011-12-05,1.59303
2011-12-02,1.60115
2011-12-01,1.60574
2011-11-30,1.60727
2011-11-29,1.6124
2011-11-28,1.6195
2011-11-25,1.62492
2011-11-24,1.62441
2011-11-23,1.62315
2011-11-22,1.62274
2011-11-21,1.62009
2011-11-18,1.61403
2011-11-17,1.61695
2011-11-16,1.62073
2011-11-15,1.62336
2011-11-14,1.62478
2011-11-11,1.62699
2011-11-10,1.62736
2011-11-09,1.62973
2011-11-08,1.63136
2011-11-07,1.62749
2011-11-04,1.62088
2011-11-03,1.62034
2011-11-02,1.60877
2011-11-01,1.60018
2011-10-31,1.59905
2011-10-28,1.60678
2011-10-27,1.61569
2011-10-26,1.60816
2011-10-25,1.60598
2011-10-24,1.60604
2011-10-21,1.60256
2011-10-20,1.60117
2011-10-19,1.60372
2011-10-18,1.59825
2011-10-17,1.60081
2011-10-14,1.60386
2011-10-13,1.60447
2011-10-12,1.60944
2011-10-11,1.61353
2011-10-10,1.61318
2011-10-07,1.61281
2011-10-06,1.62543
2011-10-05,1.62815
2011-10-04,1.63125
2011-10-03,1.62766
2011-09-30,1.60879
2011-09-29,1.59871
2011-09-28,1.59659
2011-09-27,1.59515
2011-09-26,1.58298
2011-09-23,1.5688
2011-09-22,1.5596
2011-09-21,1.55351
2011-09-20,1.54628
2011-09-19,1.55068
2011-09-16,1.56152
2011-09-15,1.56409
2011-09-14,1.57365
2011-09-13,1.58138
2011-09-12,1.58005
2011-09-09,1.5761
2011-09-08,1.58319
2011-09-07,1.59239
2011-09-06,1.59582
2011-09-05,1.59243
2011-09-02,1.58815
2011-09-01,1.59571
2011-08-31,1.6007
2011-08-30,1.60445
2011-08-29,1.60859
2011-08-26,1.61832
2011-08-25,1.62828
2011-08-24,1.63027
2011-08-23,1.62939
2011-08-22,1.62877
2011-08-19,1.62301
2011-08-18,1.61463
2011-08-17,1.61042
2011-08-16,1.60888
2011-08-15,1.60524
2011-08-12,1.60138
2011-08-11,1.60704
2011-08-10,1.6178
2011-08-09,1.61314
2011-08-08,1.60049
2011-08-05,1.57934
2011-08-04,1.56687
2011-08-03,1.56099
2011-08-02,1.565
2011-08-01,1.56172
2011-07-29,1.54934
2011-07-28,1.5469
2011-07-27,1.54498
2011-07-26,1.54561
2011-07-25,1.54057
2011-07-22,1.53231
2011-07-21,1.53325
2011-07-20,1.53919
2011-07-19,1.54005
2011-07-18,1.54159
2011-07-15,1.54367
2011-07-14,1.5386
2011-07-13,1.5409
2011-07-12,1.543
2011-07-11,1.54244
2011-07-08,1.54155
2011-07-07,1.5449
2011-07-06,1.5449
2011-07-05,1.54262
2011-07-04,1.54485
2011-07-01,1.55649
2011-06-30,1.56829
2011-06-29,1.57578
2011-06-28,1.57758
2011-06-27,1.57224
2011-06-24,1.56676
2011-06-23,1.57709
2011-06-22,1.58465
2011-06-21,1.58659
2011-06-20,1.58624
2011-06-17,1.58546
2011-06-16,1.588
2011-06-15,1.59349
2011-06-14,1.59094
2011-06-13,1.59539
2011-06-10,1.60393
2011-06-09,1.60352
2011-06-08,1.604
2011-06-07,1.60674
2011-06-06,1.6035
2011-06-03,1.59637
2011-06-02,1.59676
2011-06-01,1.605
2011-05-31,1.61017
2011-05-30,1.60606
2011-05-27,1.59271
2011-05-26,1.58236
2011-05-25,1.57784
2011-05-24,1.57975
2011-05-23,1.57546
2011-05-20,1.57034
2011-05-19,1.57786
2011-05-18,1.57858
2011-05-17,1.5718
2011-05-16,1.57007
2011-05-13,1.57082
2011-05-12,1.57068
2011-05-11,1.57602
2011-05-10,1.57953
2011-05-09,1.58315
2011-05-06,1.58127
2011-05-05,1.57468
2011-05-04,1.57705
2011-05-03,1.58114
2011-05-02,1.58015
2011-04-29,1.57883
2011-04-28,1.57249
2011-04-27,1.57184
2011-04-26,1.57428
2011-04-25,1.57256
2011-04-22,1.56473
2011-04-21,1.56249
2011-04-20,1.5664
2011-04-19,1.5673
2011-04-18,1.56759
2011-04-15,1.56849
2011-04-14,1.56419
2011-04-13,1.5634
2011-04-12,1.56455
2011-04-11,1.56555
2011-04-08,1.56681
2011-04-07,1.56679
2011-04-06,1.56172
2011-04-05,1.55476
2011-04-04,1.55531
2011-04-01,1.56022
2011-03-31,1.55982
2011-03-30,1.56355
2011-03-29,1.56911
2011-03-28,1.57747
2011-03-25,1.59135
2011-03-24,1.60018
2011-03-23,1.59661
2011-03-22,1.59508
2011-03-21,1.59514
2011-03-18,1.58798
2011-03-17,1.58241
2011-03-16,1.57607
2011-03-15,1.56678
2011-03-14,1.56605
2011-03-11,1.56844
2011-03-10,1.57119
2011-03-09,1.57631
2011-03-08,1.58153
2011-03-07,1.58447
2011-03-04,1.58629
2011-03-03,1.58478
2011-03-02,1.58107
2011-03-01,1.57759
2011-02-28,1.58303
2011-02-25,1.59862
2011-02-24,1.60002
2011-02-23,1.59552
2011-02-22,1.6006
2011-02-21,1.59797
2011-02-18,1.58845
2011-02-17,1.58993
2011-02-16,1.58623
2011-02-15,1.58162
2011-02-14,1.58905
2011-02-11,1.6006
2011-02-10,1.59762
2011-02-09,1.5947
2011-02-08,1.59193
2011-02-07,1.59423
2011-02-04,1.59998
2011-02-03,1.60092
2011-02-02,1.59873
2011-02-01,1.58997
2011-01-31,1.58618
2011-01-28,1.58208
2011-01-27,1.57955
2011-01-26,1.58448
2011-01-25,1.58877
2011-01-24,1.58961
2011-01-21,1.58916
2011-01-20,1.58271
2011-01-19,1.57335
2011-01-18,1.57011
2011-01-17,1.56728
2011-01-14,1.5541
2011-01-13,1.54604
2011-01-12,1.54526
2011-01-11,1.54489
2011-01-10,1.54395
2011-01-07,1.54676
2011-01-06,1.5504
2011-01-05,1.54405
2011-01-04,1.54637
2011-01-03,1.55306
2010-12-31,1.54504
2010-12-30,1.54384
2010-12-29,1.55034
2010-12-28,1.55518
2010-12-27,1.55782
2010-12-24,1.56282
2010-12-23,1.57204
2010-12-22,1.57655
2010-12-21,1.57433
2010-12-20,1.57136
2010-12-17,1.57075
2010-12-16,1.58524
2010-12-15,1.59423
2010-12-14,1.5934
2010-12-13,1.59472
2010-12-10,1.59452
2010-12-09,1.59036
2010-12-08,1.58298
2010-12-07,1.58151
2010-12-06,1.58235
2010-12-03,1.58485
2010-12-02,1.59132
2010-12-01,1.58948
2010-11-30,1.59063
2010-11-29,1.59165
2010-11-26,1.59745
2010-11-25,1.61317
2010-11-24,1.62373
2010-11-23,1.62488
2010-11-22,1.62617
2010-11-19,1.62642
2010-11-18,1.62352
2010-11-17,1.62361
2010-11-16,1.62783
2010-11-15,1.6257
2010-11-12,1.61405
2010-11-11,1.61218
2010-11-10,1.61673
2010-11-09,1.61832
2010-11-08,1.62159
2010-11-05,1.62443
2010-11-04,1.6212
2010-11-03,1.6258
2010-11-02,1.63357
2010-11-01,1.63177
2010-10-29,1.62606
2010-10-28,1.62306
2010-10-27,1.61278
2010-10-26,1.60586
2010-10-25,1.60955
2010-10-22,1.61469
2010-10-21,1.61975
2010-10-20,1.61859
2010-10-19,1.61741
2010-10-18,1.61123
2010-10-15,1.60013
2010-10-14,1.59816
2010-10-13,1.60716
2010-10-12,1.612
2010-10-11,1.61298
2010-10-08,1.61111
2010-10-07,1.61296
2010-10-06,1.61783
2010-10-05,1.61501
2010-10-04,1.61849
2010-10-01,1.62741
2010-09-30,1.62856
2010-09-29,1.62827
2010-09-28,1.62251
2010-09-27,1.62012
2010-09-24,1.61477
2010-09-23,1.60555
2010-09-22,1.60353
2010-09-21,1.6099
2010-09-20,1.6103
2010-09-17,1.60187
2010-09-16,1.59567
2010-09-15,1.58823
2010-09-14,1.59065
2010-09-13,1.59434
2010-09-10,1.60181
2010-09-09,1.60721
2010-09-08,1.59872
2010-09-07,1.59977
2010-09-06,1.61059
2010-09-03,1.62366
2010-09-02,1.63215
2010-09-01,1.6349
2010-08-31,1.63264
2010-08-30,1.63552
2010-08-27,1.64059
2010-08-26,1.63688
2010-08-25,1.63264
2010-08-24,1.62932
2010-08-23,1.62154
2010-08-20,1.61033
2010-08-19,1.61169
2010-08-18,1.62286
2010-08-17,1.6274
2010-08-16,1.6276
2010-08-13,1.63359
2010-08-12,1.63378
2010-08-11,1.63423
2010-08-10,1.63805
2010-08-09,1.62737
2010-08-06,1.61701
2010-08-05,1.62782
2010-08-04,1.62695
2010-08-03,1.61876
2010-08-02,1.61557
2010-07-30,1.61474
2010-07-29,1.6096
2010-07-28,1.6025
2010-07-27,1.59997
2010-07-26,1.59416
2010-07-23,1.58735
2010-07-22,1.59215
2010-07-21,1.60515
2010-07-20,1.61206
2010-07-19,1.60725
2010-07-16,1.58418
2010-07-15,1.56876
2010-07-14,1.55771
2010-07-13,1.55498
2010-07-12,1.56707
2010-07-09,1.58857
2010-07-08,1.59996
2010-07-07,1.60623
2010-07-06,1.61174
2010-07-05,1.60752
2010-07-02,1.59187
2010-07-01,1.58226
2010-06-30,1.57268
2010-06-29,1.55959
2010-06-28,1.55895
2010-06-25,1.55287
2010-06-24,1.53118
2010-06-23,1.51165
2010-06-22,1.5124
2010-06-21,1.51556
2010-06-18,1.51804
2010-06-17,1.51985
2010-06-16,1.51838
2010-06-15,1.51024
2010-06-14,1.50682
2010-06-11,1.5151
2010-06-10,1.51796
2010-06-09,1.52524
2010-06-08,1.53392
2010-06-07,1.53116
2010-06-04,1.5281
2010-06-03,1.53394
2010-06-02,1.52619
2010-06-01,1.52094
2010-05-31,1.52642
2010-05-28,1.53318
2010-05-27,1.53933
2010-05-26,1.5377
2010-05-25,1.53047
2010-05-24,1.52907
2010-05-21,1.51254
2010-05-20,1.49575
2010-05-19,1.49173
2010-05-18,1.49907
2010-05-17,1.50209
2010-05-14,1.50499
2010-05-13,1.51827
2010-05-12,1.5245
2010-05-11,1.53561
2010-05-10,1.54944
2010-05-07,1.55672
2010-05-06,1.55188
2010-05-05,1.5466
2010-05-04,1.54969
2010-05-03,1.54782
2010-04-30,1.53655
2010-04-29,1.54248
2010-04-28,1.54512
2010-04-27,1.54169
2010-04-26,1.53751
2010-04-23,1.53756
2010-04-22,1.53858
2010-04-21,1.54815
2010-04-20,1.55416
2010-04-19,1.55246
2010-04-16,1.54463
2010-04-15,1.54234
2010-04-14,1.54539
2010-04-13,1.54564
2010-04-12,1.5377
2010-04-09,1.52916
2010-04-08,1.52395
2010-04-07,1.52688
2010-04-06,1.53558
2010-04-05,1.53895
2010-04-02,1.54026
2010-04-01,1.5379
2010-03-31,1.53366
2010-03-30,1.52994
2010-03-29,1.52655
2010-03-26,1.52283
2010-03-25,1.52817
2010-03-24,1.5315
2010-03-23,1.52971
2010-03-22,1.53463
2010-03-19,1.54624
2010-03-18,1.54438
2010-03-17,1.53825
2010-03-16,1.54156
2010-03-15,1.54668
2010-03-12,1.53903
2010-03-11,1.53617
2010-03-10,1.54505
2010-03-09,1.55499
2010-03-08,1.55585
2010-03-05,1.55365
2010-03-04,1.55276
2010-03-03,1.55853
2010-03-02,1.58468
2010-03-01,1.60893
2010-02-26,1.62304
2010-02-25,1.62437
2010-02-24,1.61533
2010-02-23,1.60935
2010-02-22,1.61651
2010-02-19,1.63652
2010-02-18,1.64368
2010-02-17,1.64314
2010-02-16,1.64586
2010-02-15,1.65049
2010-02-12,1.65927
2010-02-11,1.67135
2010-02-10,1.67173
2010-02-09,1.67268
2010-02-08,1.6814
2010-02-05,1.68894
2010-02-04,1.69101
2010-02-03,1.69557
2010-02-02,1.70538
2010-02-01,1.71382
2010-01-29,1.71965
2010-01-28,1.71924
2010-01-27,1.71382
2010-01-26,1.70604
2010-01-25,1.70252
2010-01-22,1.69806
2010-01-21,1.69084
2010-01-20,1.68141
2010-01-19,1.67565
2010-01-18,1.67521
2010-01-15,1.67876
2010-01-14,1.67718
2010-01-13,1.66544
2010-01-12,1.65538
2010-01-11,1.65005
2010-01-08,1.65296
2010-01-07,1.66231
2010-01-06,1.67402
2010-01-05,1.69052
2010-01-04,1.69901
2010-01-01,1.68637
2009-12-31,1.66909
2009-12-30,1.66836
2009-12-29,1.67314
2009-12-28,1.67709
2009-12-25,1.67709
2009-12-24,1.68738
2009-12-23,1.70434
2009-12-22,1.71766
2009-12-21,1.72612
2009-12-18,1.73055
2009-12-17,1.72747
2009-12-16,1.72463
2009-12-15,1.72393
2009-12-14,1.7206
2009-12-11,1.71831
2009-12-10,1.72524
2009-12-09,1.72954
2009-12-08,1.73739
2009-12-07,1.74419
2009-12-04,1.74523
2009-12-03,1.73811
2009-12-02,1.73807
2009-12-01,1.74751
2009-11-30,1.75048
2009-11-27,1.74963
2009-11-26,1.75411
2009-11-25,1.7565
2009-11-24,1.76237
2009-11-23,1.76815
2009-11-20,1.76722
2009-11-19,1.7667
2009-11-18,1.76327
2009-11-17,1.75404
2009-11-16,1.74713
2009-11-13,1.7398
2009-11-12,1.75374
2009-11-11,1.77072
2009-11-10,1.7831
2009-11-09,1.77766
2009-11-06,1.75908
2009-11-05,1.75742
2009-11-04,1.76571
2009-11-03,1.77604
2009-11-02,1.77813
2009-10-30,1.76282
2009-10-29,1.75002
2009-10-28,1.73736
2009-10-27,1.72079
2009-10-26,1.72511
2009-10-23,1.73523
2009-10-22,1.71723
2009-10-21,1.69571
2009-10-20,1.69317
2009-10-19,1.68225
2009-10-16,1.65193
2009-10-15,1.63906
2009-10-14,1.63713
2009-10-13,1.64612
2009-10-12,1.66677
2009-10-09,1.69045
2009-10-08,1.68997
2009-10-07,1.7046
2009-10-06,1.71789
2009-10-05,1.71934
2009-10-02,1.71867
2009-10-01,1.72653
2009-09-30,1.73081
2009-09-29,1.73661
2009-09-28,1.74438
2009-09-25,1.75174
2009-09-24,1.75118
2009-09-23,1.74512
2009-09-22,1.74108
2009-09-21,1.74574
2009-09-18,1.75918
2009-09-17,1.77329
2009-09-16,1.79309
2009-09-15,1.79755
2009-09-14,1.79326
2009-09-11,1.78879
2009-09-10,1.77798
2009-09-09,1.76975
2009-09-08,1.77579
2009-09-07,1.78986
2009-09-04,1.79555
2009-09-03,1.78534
2009-09-02,1.7815
2009-09-01,1.78009
2009-08-31,1.77648
2009-08-28,1.77727
2009-08-27,1.77349
2009-08-26,1.77084
2009-08-25,1.77983
2009-08-24,1.79367
2009-08-21,1.81243
2009-08-20,1.81838
2009-08-19,1.81478
2009-08-18,1.81395
2009-08-17,1.81031
2009-08-14,1.80426
2009-08-13,1.80806
2009-08-12,1.80251
2009-08-11,1.80203
2009-08-10,1.8081
2009-08-07,1.81675
2009-08-06,1.81702
2009-08-05,1.80753
2009-08-04,1.80286
2009-08-03,1.79584
2009-07-31,1.78421
2009-07-30,1.78101
2009-07-29,1.78278
2009-07-28,1.78469
2009-07-27,1.79409
2009-07-24,1.80933
2009-07-23,1.81576
2009-07-22,1.82257
2009-07-21,1.82193
2009-07-20,1.82524
2009-07-17,1.83969
2009-07-16,1.85395
2009-07-15,1.87125
2009-07-14,1.88332
2009-07-13,1.88416
2009-07-10,1.87757
2009-07-09,1.877
2009-07-08,1.8839
2009-07-07,1.89023
2009-07-06,1.89504
2009-07-03,1.89714
2009-07-02,1.90796
2009-07-01,1.91381
2009-06-30,1.90737
2009-06-29,1.90076
2009-06-26,1.89312
2009-06-25,1.88917
2009-06-24,1.88175
2009-06-23,1.87615
2009-06-22,1.86308
2009-06-19,1.85173
2009-06-18,1.85406
2009-06-17,1.84861
2009-06-16,1.84266
2009-06-15,1.83153
2009-06-12,1.81169
2009-06-11,1.80073
2009-06-10,1.79002
2009-06-09,1.78693
2009-06-08,1.79242
2009-06-05,1.79925
2009-06-04,1.79589
2009-06-03,1.7852
2009-06-02,1.77179
2009-06-01,1.77312
2009-05-29,1.78311
2009-05-28,1.78496
2009-05-27,1.78799
2009-05-26,1.78585
2009-05-25,1.78839
2009-05-22,1.79431
2009-05-21,1.78916
2009-05-20,1.78698
2009-05-19,1.78608
2009-05-18,1.78414
2009-05-15,1.77513
2009-05-14,1.76973
2009-05-13,1.76155
2009-05-12,1.75091
2009-05-11,1.7552
2009-05-08,1.76491
2009-05-07,1.76911
2009-05-06,1.7668
2009-05-05,1.76722
2009-05-04,1.76993
2009-05-01,1.77516
2009-04-30,1.78185
2009-04-29,1.78018
2009-04-28,1.77551
2009-04-27,1.78422
2009-04-24,1.80115
2009-04-23,1.80647
2009-04-22,1.80037
2009-04-21,1.79366
2009-04-20,1.79809
2009-04-17,1.80577
2009-04-16,1.81116
2009-04-15,1.80816
2009-04-14,1.80079
2009-04-13,1.80304
2009-04-10,1.81405
2009-04-09,1.82179
2009-04-08,1.82664
2009-04-07,1.82758
2009-04-06,1.82509
2009-04-03,1.82209
2009-04-02,1.80959
2009-04-01,1.78978
2009-03-31,1.77606
2009-03-30,1.78233
2009-03-27,1.79378
2009-03-26,1.79835
2009-03-25,1.79439
2009-03-24,1.79336
2009-03-23,1.78932
2009-03-20,1.77947
2009-03-19,1.78082
2009-03-18,1.78757
2009-03-17,1.78537
2009-03-16,1.78095
2009-03-13,1.7752
2009-03-12,1.77206
2009-03-11,1.79132
2009-03-10,1.80787
2009-03-09,1.8129
2009-03-06,1.81245
2009-03-05,1.81418
2009-03-04,1.81396
2009-03-03,1.81947
2009-03-02,1.81253
2009-02-27,1.79126
2009-02-26,1.80342
2009-02-25,1.81061
2009-02-24,1.80907
2009-02-23,1.8027
2009-02-20,1.79615
2009-02-19,1.792
2009-02-18,1.78098
2009-02-17,1.77142
2009-02-16,1.7746
2009-02-13,1.78534
2009-02-12,1.80236
2009-02-11,1.81234
2009-02-10,1.80995
2009-02-09,1.79692
2009-02-06,1.7839
2009-02-05,1.77689
2009-02-04,1.77075
2009-02-03,1.77403
2009-02-02,1.76568
2009-01-30,1.73556
2009-01-29,1.734
2009-01-28,1.71236
2009-01-27,1.69434
2009-01-26,1.7177
2009-01-23,1.7483
2009-01-22,1.76161
2009-01-21,1.79713
2009-01-20,1.83124
2009-01-19,1.82944
2009-01-16,1.81095
2009-01-15,1.78863
2009-01-14,1.79425
2009-01-13,1.79641
2009-01-12,1.80121
2009-01-09,1.79543
2009-01-08,1.76489
2009-01-07,1.74902
2009-01-06,1.75377
2009-01-05,1.76467
2009-01-02,1.77845
2009-01-01,1.76792
2008-12-31,1.77433
2008-12-30,1.78105
2008-12-29,1.78425
2008-12-26,1.79238
2008-12-25,1.79791
2008-12-24,1.80483
2008-12-23,1.80882
2008-12-22,1.82348
2008-12-19,1.84846
2008-12-18,1.87422
2008-12-17,1.8761
2008-12-16,1.8636
2008-12-15,1.86012
2008-12-12,1.85919
2008-12-11,1.86214
2008-12-10,1.86488
2008-12-09,1.86831
2008-12-08,1.86135
2008-12-05,1.85458
2008-12-04,1.8579
2008-12-03,1.86582
2008-12-02,1.89116
2008-12-01,1.90081
2008-11-28,1.89155
2008-11-27,1.88379
2008-11-26,1.8806
2008-11-25,1.88998
2008-11-24,1.88645
2008-11-21,1.87037
2008-11-20,1.849
2008-11-19,1.83756
2008-11-18,1.82602
2008-11-17,1.82805
2008-11-14,1.84295
2008-11-13,1.85691
2008-11-12,1.86256
2008-11-11,1.86029
2008-11-10,1.86142
2008-11-07,1.85488
2008-11-06,1.84954
2008-11-05,1.88636
2008-11-04,1.93686
2008-11-03,1.96562
2008-10-31,2.00492
2008-10-30,2.02491
2008-10-29,2.01116
2008-10-28,2.01301
2008-10-27,2.03519
2008-10-24,2.03536
2008-10-23,2.03439
2008-10-22,2.05006
2008-10-21,2.04803
2008-10-20,2.04636
2008-10-17,2.04645
2008-10-16,2.02397
2008-10-15,2.0045
2008-10-14,2.00441
2008-10-13,1.98186
2008-10-10,1.94485
2008-10-09,1.93284
2008-10-08,1.92272
2008-10-07,1.91683
2008-10-06,1.90586
2008-10-03,1.88746
2008-10-02,1.88915
2008-10-01,1.88914
2008-09-30,1.89376
2008-09-29,1.91032
2008-09-26,1.91768
2008-09-25,1.91961
2008-09-24,1.92071
2008-09-23,1.91952
2008-09-22,1.92603
2008-09-19,1.9307
2008-09-18,1.9153
2008-09-17,1.91596
2008-09-16,1.90987
2008-09-15,1.89481
2008-09-12,1.88301
2008-09-11,1.87969
2008-09-10,1.87798
2008-09-09,1.88028
2008-09-08,1.87987
2008-09-05,1.89036
2008-09-04,1.90391
2008-09-03,1.91622
2008-09-02,1.92859
2008-09-01,1.93111
2008-08-29,1.92252
2008-08-28,1.92953
2008-08-27,1.93702
2008-08-26,1.93943
2008-08-25,1.95123
2008-08-22,1.97307
2008-08-21,1.97969
2008-08-20,1.9805
2008-08-19,1.97735
2008-08-18,1.98004
2008-08-15,1.99512
2008-08-14,2.01912
2008-08-13,2.03816
2008-08-12,2.04667
2008-08-11,2.04629
2008-08-08,2.04112
2008-08-07,2.03871
2008-08-06,2.03369
2008-08-05,2.02865
2008-08-04,2.02872
2008-08-01,2.02794
2008-07-31,2.03007
2008-07-30,2.03334
2008-07-29,2.03039
2008-07-28,2.024
2008-07-25,2.01253
2008-07-24,2.0107
2008-07-23,2.00627
2008-07-22,2.00731
2008-07-21,2.00807
2008-07-18,2.00493
2008-07-17,2.0068
2008-07-16,2.00663
2008-07-15,2.00567
2008-07-14,2.00461
2008-07-11,2.00205
2008-07-10,2.00654
2008-07-09,2.01174
2008-07-08,2.01639
2008-07-07,2.02029
2008-07-04,2.02319
2008-07-03,2.03109
2008-07-02,2.02662
2008-07-01,2.01655
2008-06-30,2.01004
2008-06-27,1.9975
2008-06-26,1.9951
2008-06-25,1.9981
2008-06-24,2.00345
2008-06-23,2.00408
2008-06-20,1.99473
2008-06-19,1.99526
2008-06-18,2.00413
2008-06-17,2.00728
2008-06-16,2.00195
2008-06-13,1.99751
2008-06-12,2.003
2008-06-11,2.01152
2008-06-10,2.01025
2008-06-09,2.00125
2008-06-06,1.9844
2008-06-05,1.9756
2008-06-04,1.967
2008-06-03,1.96497
2008-06-02,1.96354
2008-05-30,1.95827
2008-05-29,1.96282
2008-05-28,1.96052
2008-05-27,1.95932
2008-05-26,1.95416
2008-05-23,1.94513
2008-05-22,1.94349
2008-05-21,1.94406
2008-05-20,1.95015
2008-05-19,1.95372
2008-05-16,1.95028
2008-05-15,1.95417
2008-05-14,1.96327
2008-05-13,1.96589
2008-05-12,1.96902
2008-05-09,1.97409
2008-05-08,1.97793
2008-05-07,1.99668
2008-05-06,2.00777
2008-05-05,2.00877
2008-05-02,2.00125
2008-05-01,1.99838
2008-04-30,2.00905
2008-04-29,2.01149
2008-04-28,2.01223
2008-04-25,2.01108
2008-04-24,2.00742
2008-04-23,2.00086
2008-04-22,2.00366
2008-04-21,1.99874
2008-04-18,1.98794
2008-04-17,1.99735
2008-04-16,2.01327
2008-04-15,2.01882
2008-04-14,2.01403
2008-04-11,2.00822
2008-04-10,2.00321
2008-04-09,2.00906
2008-04-08,2.01285
2008-04-07,2.01105
2008-04-04,2.01549
2008-04-03,2.02405
2008-04-02,2.03295
2008-04-01,2.03819
2008-03-31,2.0415
2008-03-28,2.04173
2008-03-27,2.03288
2008-03-26,2.02801
2008-03-25,2.03005
2008-03-24,2.02482
2008-03-21,2.01022
2008-03-20,1.99515
2008-03-19,1.99748
2008-03-18,1.9971
2008-03-17,2.0009
2008-03-14,2.00165
2008-03-13,1.99548
2008-03-12,1.99735
2008-03-11,1.99687
2008-03-10,1.98433
2008-03-07,1.96837
2008-03-06,1.96879
2008-03-05,1.96345
2008-03-04,1.96011
2008-03-03,1.95632
2008-02-29,1.94434
2008-02-28,1.95178
2008-02-27,1.96566
2008-02-26,1.98512
2008-02-25,1.98472
2008-02-22,1.97446
2008-02-21,1.97264
2008-02-20,1.9677
2008-02-19,1.97131
2008-02-18,1.96936
2008-02-15,1.96114
2008-02-14,1.95848
2008-02-13,1.95167
2008-02-12,1.94579
2008-02-11,1.9532
2008-02-08,1.97097
2008-02-07,1.97145
2008-02-06,1.96519
2008-02-05,1.95993
2008-02-04,1.96643
2008-02-01,1.98325
2008-01-31,1.9859
2008-01-30,1.99318
2008-01-29,1.99842
2008-01-28,1.9984
2008-01-25,2.00169
2008-01-24,2.01064
2008-01-23,2.00956
2008-01-22,2.00847
2008-01-21,2.0107
2008-01-18,2.00972
2008-01-17,1.99956
2008-01-16,1.99472
2008-01-15,1.99508
2008-01-14,1.9884
2008-01-11,1.97775
2008-01-10,1.97754
2008-01-09,1.97741
2008-01-08,1.97808
2008-01-07,1.97393
2008-01-04,1.96527
2008-01-03,1.97173
2008-01-02,1.97344
2008-01-01,1.96009
2007-12-31,1.95656
2007-12-28,1.95096
2007-12-27,1.94955
2007-12-26,1.95322
2007-12-25,1.96402
2007-12-24,1.97729
2007-12-21,2.00351
2007-12-20,2.02447
2007-12-19,2.03714
2007-12-18,2.04885
2007-12-17,2.0606
2007-12-14,2.06973
2007-12-13,2.06364
2007-12-12,2.05765
2007-12-11,2.04668
2007-12-10,2.04647
2007-12-07,2.06287
2007-12-06,2.07413
2007-12-05,2.06853
2007-12-04,2.0587
2007-12-03,2.05222
2007-11-30,2.05226
2007-11-29,2.05487
2007-11-28,2.04552
2007-11-27,2.03746
2007-11-26,2.03738
2007-11-23,2.03071
2007-11-22,2.02591
2007-11-21,2.01443
2007-11-20,2.00246
2007-11-19,1.99545
2007-11-16,1.98659
2007-11-15,1.98586
2007-11-14,1.98419
2007-11-13,1.97604
2007-11-12,1.96814
2007-11-09,1.94209
2007-11-08,1.92431
2007-11-07,1.94123
2007-11-06,1.95002
2007-11-05,1.95857
2007-11-02,1.97031
2007-11-01,1.97217
2007-10-31,1.97067
2007-10-30,1.97317
2007-10-29,1.97736
2007-10-26,1.98297
2007-10-25,1.98391
2007-10-24,1.98529
2007-10-23,1.98597
2007-10-22,1.98636
2007-10-19,1.99026
2007-10-18,1.99058
2007-10-17,1.98902
2007-10-16,1.98213
2007-10-15,1.98502
2007-10-12,1.99801
2007-10-11,2.00417
2007-10-10,2.00553
2007-10-09,2.00434
2007-10-08,2.01343
2007-10-05,2.03178
2007-10-04,2.03278
2007-10-03,2.03148
2007-10-02,2.03097
2007-10-01,2.02969
2007-09-28,2.02668
2007-09-27,2.02535
2007-09-26,2.02234
2007-09-25,2.02292
2007-09-24,2.02236
2007-09-21,2.02699
2007-09-20,2.03784
2007-09-19,2.05037
2007-09-18,2.06257
2007-09-17,2.07906
2007-09-14,2.10501
2007-09-13,2.11959
2007-09-12,2.13252
2007-09-11,2.14165
2007-09-10,2.1366
2007-09-07,2.1254
2007-09-06,2.11938
2007-09-05,2.12332
2007-09-04,2.12718
2007-09-03,2.13191
2007-08-31,2.13536
2007-08-30,2.12978
2007-08-29,2.12102
2007-08-28,2.11818
2007-08-27,2.11716
2007-08-24,2.11218
2007-08-23,2.10628
2007-08-22,2.10124
2007-08-21,2.10075
2007-08-20,2.11597
2007-08-17,2.14003
2007-08-16,2.13206
2007-08-15,2.12424
2007-08-14,2.12756
2007-08-13,2.13347
2007-08-10,2.13639
2007-08-09,2.13508
2007-08-08,2.14224
2007-08-07,2.15244
2007-08-06,2.15268
2007-08-03,2.15036
2007-08-02,2.16013
2007-08-01,2.16062
2007-07-31,2.15688
2007-07-30,2.15016
2007-07-27,2.13982
2007-07-26,2.14115
2007-07-25,2.15206
2007-07-24,2.15364
2007-07-23,2.15041
2007-07-20,2.1407
2007-07-19,2.13619
2007-07-18,2.12982
2007-07-17,2.13016
2007-07-16,2.13313
2007-07-13,2.13859
2007-07-12,2.13424
2007-07-11,2.11559
2007-07-10,2.10992
2007-07-09,2.11825
2007-07-06,2.13327
2007-07-05,2.13501
2007-07-04,2.1325
2007-07-03,2.13437
2007-07-02,2.13678
2007-06-29,2.13584
2007-06-28,2.13928
2007-06-27,2.13928
2007-06-26,2.13775
2007-06-25,2.13292
2007-06-22,2.12502
2007-06-21,2.11965
2007-06-20,2.12181
2007-06-19,2.11691
2007-06-18,2.1077
2007-06-15,2.10502
2007-06-14,2.10261
2007-06-13,2.09227
2007-06-12,2.08941
2007-06-11,2.09556
2007-06-08,2.10841
2007-06-07,2.11232
2007-06-06,2.10808
2007-06-05,2.10333
2007-06-04,2.1089
2007-06-01,2.12044
2007-05-31,2.12969
2007-05-30,2.14095
2007-05-29,2.14285
2007-05-28,2.14601
2007-05-25,2.15034
2007-05-24,2.14573
2007-05-23,2.14188
2007-05-22,2.14626
2007-05-21,2.16083
2007-05-18,2.17938
2007-05-17,2.18309
2007-05-16,2.19047
2007-05-15,2.19957
2007-05-14,2.20135
2007-05-11,2.20303
2007-05-10,2.20162
2007-05-09,2.19994
2007-05-08,2.20523
2007-05-07,2.206
2007-05-04,2.20866
2007-05-03,2.2166
2007-05-02,2.22085
2007-05-01,2.22608
2007-04-30,2.2312
2007-04-27,2.23679
2007-04-26,2.24342
2007-04-25,2.24556
2007-04-24,2.24905
2007-04-23,2.25438
2007-04-20,2.26368
2007-04-19,2.26479
2007-04-18,2.25808
2007-04-17,2.25752
2007-04-16,2.25674
2007-04-13,2.25547
2007-04-12,2.26383
2007-04-11,2.26266
2007-04-10,2.26169
2007-04-09,2.27023
2007-04-06,2.28324
2007-04-05,2.28672
2007-04-04,2.28368
2007-04-03,2.27472
2007-04-02,2.27281
2007-03-30,2.27555
2007-03-29,2.2767
2007-03-28,2.27993
2007-03-27,2.27941
2007-03-26,2.27679
2007-03-23,2.27641
2007-03-22,2.2804
2007-03-21,2.28693
2007-03-20,2.28518
2007-03-19,2.28087
2007-03-16,2.27171
2007-03-15,2.2641
2007-03-14,2.26263
2007-03-13,2.26542
2007-03-12,2.26958
2007-03-09,2.27469
2007-03-08,2.27084
2007-03-07,2.27029
2007-03-06,2.27971
2007-03-05,2.29294
2007-03-02,2.29356
2007-03-01,2.28668
2007-02-28,2.27892
2007-02-27,2.27662
2007-02-26,2.27364
2007-02-23,2.27328
2007-02-22,2.27962
2007-02-21,2.27442
2007-02-20,2.27031
2007-02-19,2.27404
2007-02-16,2.28137
2007-02-15,2.28012
2007-02-14,2.28496
2007-02-13,2.28696
2007-02-12,2.30268
2007-02-09,2.33049
2007-02-08,2.32763
2007-02-07,2.32302
2007-02-06,2.32555
2007-02-05,2.32276
2007-02-02,2.31342
2007-02-01,2.31541
2007-01-31,2.3179
2007-01-30,2.31264
2007-01-29,2.31481
2007-01-26,2.32479
2007-01-25,2.33656
2007-01-24,2.3334
2007-01-23,2.31733
2007-01-22,2.31429
2007-01-19,2.31239
2007-01-18,2.30386
2007-01-17,2.29521
2007-01-16,2.29329
2007-01-15,2.28688
2007-01-12,2.27808
2007-01-11,2.28061
2007-01-10,2.27696
2007-01-09,2.26683
2007-01-08,2.27166
2007-01-05,2.28931
2007-01-04,2.29343
2007-01-03,2.28844
2007-01-02,2.28023
2007-01-01,2.28023
2006-12-29,2.27375
2006-12-28,2.27179
2006-12-27,2.26921
2006-12-26,2.26921
2006-12-25,2.26537
2006-12-22,2.26215
2006-12-21,2.26477
2006-12-20,2.26014
2006-12-19,2.25921
2006-12-18,2.26512
2006-12-15,2.27132
2006-12-14,2.26426
2006-12-13,2.25051
2006-12-12,2.24429
2006-12-11,2.25104
2006-12-08,2.25559
2006-12-07,2.25408
2006-12-06,2.25888
2006-12-05,2.26531
2006-12-04,2.25129
2006-12-01,2.22077
2006-11-30,2.20706
2006-11-29,2.19779
2006-11-28,2.19527
2006-11-27,2.19053
2006-11-24,2.1836
2006-11-23,2.17843
2006-11-22,2.1744
2006-11-21,2.17206
2006-11-20,2.16537
2006-11-17,2.15304
2006-11-16,2.15776
2006-11-15,2.16302
2006-11-14,2.16369
2006-11-13,2.15985
2006-11-10,2.15342
2006-11-09,2.15194
2006-11-08,2.14869
2006-11-07,2.14839
2006-11-06,2.15349
2006-11-03,2.15834
2006-11-02,2.1469
2006-11-01,2.13574
2006-10-31,2.12748
2006-10-30,2.12247
2006-10-27,2.11582
2006-10-26,2.11328
2006-10-25,2.11384
2006-10-24,2.11639
2006-10-23,2.12101
2006-10-20,2.12603
2006-10-19,2.1273
2006-10-18,2.11918
2006-10-17,2.11305
2006-10-16,2.11113
2006-10-13,2.108
2006-10-12,2.10277
2006-10-11,2.09978
2006-10-10,2.10294
2006-10-09,2.11153
2006-10-06,2.12056
2006-10-05,2.11613
2006-10-04,2.10521
2006-10-03,2.09577
2006-10-02,2.09265
2006-09-29,2.09753
2006-09-28,2.11143
2006-09-27,2.12049
2006-09-26,2.12422
2006-09-25,2.12598
2006-09-22,2.12766
2006-09-21,2.11788
2006-09-20,2.10594
2006-09-19,2.10334
2006-09-18,2.1045
2006-09-15,2.10233
2006-09-14,2.09782
2006-09-13,2.09296
2006-09-12,2.09026
2006-09-11,2.08686
2006-09-08,2.08727
2006-09-07,2.10153
2006-09-06,2.10647
2006-09-05,2.10647
2006-09-04,2.10641
2006-09-01,2.10935
2006-08-31,2.10603
2006-08-30,2.10224
2006-08-29,2.0962
2006-08-28,2.09639
2006-08-25,2.10289
2006-08-24,2.10771
2006-08-23,2.11537
2006-08-22,2.11853
2006-08-21,2.11854
2006-08-18,2.12127
2006-08-17,2.12616
2006-08-16,2.12924
2006-08-15,2.12609
2006-08-14,2.12824
2006-08-11,2.13432
2006-08-10,2.13639
2006-08-09,2.13786
2006-08-08,2.14609
2006-08-07,2.13752
2006-08-04,2.1176
2006-08-03,2.117
2006-08-02,2.11099
2006-08-01,2.10683
2006-07-31,2.10811
2006-07-28,2.10481
2006-07-27,2.10312
2006-07-26,2.11
2006-07-25,2.11394
2006-07-24,2.10658
2006-07-21,2.08746
2006-07-20,2.07565
2006-07-19,2.06893
2006-07-18,2.07066
2006-07-17,2.07762
2006-07-14,2.08395
2006-07-13,2.08305
2006-07-12,2.07187
2006-07-11,2.0642
2006-07-10,2.05448
2006-07-07,2.04209
2006-07-06,2.04377
2006-07-05,2.05129
2006-07-04,2.05837
2006-07-03,2.052
2006-06-30,2.03765
2006-06-29,2.04482
2006-06-28,2.044
2006-06-27,2.04106
2006-06-26,2.04183
2006-06-23,2.04708
2006-06-22,2.05608
2006-06-21,2.06572
2006-06-20,2.0736
2006-06-19,2.07027
2006-06-16,2.05333
2006-06-15,2.04076
2006-06-14,2.03152
2006-06-13,2.03421
2006-06-12,2.04796
2006-06-09,2.06749
2006-06-08,2.07187
2006-06-07,2.07305
2006-06-06,2.07208
2006-06-05,2.06764
2006-06-02,2.06033
2006-06-01,2.06343
2006-05-31,2.06041
2006-05-30,2.05618
2006-05-29,2.06722
2006-05-26,2.09443
2006-05-25,2.10502
2006-05-24,2.10325
2006-05-23,2.10361
2006-05-22,2.10299
2006-05-19,2.1009
2006-05-18,2.09335
2006-05-17,2.09693
2006-05-16,2.10175
2006-05-15,2.08566
2006-05-12,2.05597
2006-05-11,2.05631
2006-05-10,2.06218
2006-05-09,2.05901
2006-05-08,2.0515
2006-05-05,2.04055
2006-05-04,2.03621
2006-05-03,2.03621
2006-05-02,2.03879
2006-05-01,2.03095
2006-04-28,2.0172
2006-04-27,2.02312
2006-04-26,2.02985
2006-04-25,2.02987
2006-04-24,2.0293
2006-04-21,2.03199
2006-04-20,2.03149
2006-04-19,2.02619
2006-04-18,2.02007
2006-04-17,2.0156
2006-04-14,2.01033
2006-04-13,2.00374
2006-04-12,2.00048
2006-04-11,2.00165
2006-04-10,2.01331
2006-04-07,2.03476
2006-04-06,2.04091
2006-04-05,2.03808
2006-04-04,2.03064
2006-04-03,2.03043
2006-03-31,2.03328
2006-03-30,2.03911
2006-03-29,2.04138
2006-03-28,2.03832
2006-03-27,2.03368
2006-03-24,2.03477
2006-03-23,2.03698
2006-03-22,2.03695
2006-03-21,2.03748
2006-03-20,2.02919
2006-03-17,2.01924
2006-03-16,2.01552
2006-03-15,2.00927
2006-03-14,2.00455
2006-03-13,2.00608
2006-03-10,2.0058
2006-03-09,1.99657
2006-03-08,1.99289
2006-03-07,1.9927
2006-03-06,1.9871
2006-03-03,1.98814
2006-03-02,1.99205
2006-03-01,1.9921
2006-02-28,2.00071
2006-02-27,2.00659
2006-02-24,2.0065
2006-02-23,2.00182
2006-02-22,2.00232
2006-02-21,2.00461
2006-02-20,2.00749
2006-02-17,2.00977
2006-02-16,2.00712
2006-02-15,2.00978
2006-02-14,2.01103
2006-02-13,2.00715
2006-02-10,2.00442
2006-02-09,2.00883
2006-02-08,2.00754
2006-02-07,2.01316
2006-02-06,2.02176
2006-02-03,2.02834
2006-02-02,2.02804
2006-02-01,2.02912
2006-01-31,2.02993
2006-01-30,2.0413
2006-01-27,2.05677
2006-01-26,2.05677
2006-01-25,2.05467
2006-01-24,2.04645
2006-01-23,2.04813
2006-01-20,2.06007
2006-01-19,2.05343
2006-01-18,2.04902
2006-01-17,2.05612
2006-01-16,2.05644
2006-01-13,2.04867
2006-01-12,2.05613
2006-01-11,2.06403
2006-01-10,2.06441
2006-01-09,2.04742
2006-01-06,2.01696
2006-01-05,2.00577
2006-01-04,2.00217
2006-01-03,2.00253
2006-01-02,2.01083
2005-12-30,2.02461
2005-12-29,2.02352
2005-12-28,2.02161
2005-12-27,2.02084
2005-12-26,2.03271
2005-12-23,2.05553
2005-12-22,2.05643
2005-12-21,2.05276
2005-12-20,2.05478
2005-12-19,2.04755
2005-12-16,2.03744
2005-12-15,2.03878
2005-12-14,2.03342
2005-12-13,2.0242
2005-12-12,2.0242
2005-12-09,2.01229
2005-12-08,2.0127
2005-12-07,2.0127
2005-12-06,2.01326
2005-12-05,2.01326
2005-12-02,2.01359
2005-12-01,2.01085
2005-11-30,2.00375
2005-11-29,2.00593
2005-11-28,2.01076
2005-11-25,2.01978
2005-11-24,2.0213
2005-11-23,2.02651
2005-11-22,2.03644
2005-11-21,2.04094
2005-11-18,2.04327
2005-11-17,2.05722
2005-11-16,2.07141
2005-11-15,2.07442
2005-11-14,2.07347
2005-11-11,2.07062
2005-11-10,2.06805
2005-11-09,2.06907
2005-11-08,2.07089
2005-11-07,2.07862
2005-11-04,2.09309
2005-11-03,2.08728
2005-11-02,2.08017
2005-11-01,2.08771
2005-10-31,2.08892
2005-10-28,2.08556
2005-10-27,2.08424
2005-10-26,2.0974
2005-10-25,2.09847
2005-10-24,2.09513
2005-10-21,2.08407
2005-10-20,2.07027
2005-10-19,2.06492
2005-10-18,2.07879
2005-10-17,2.08963
2005-10-14,2.06678
2005-10-13,2.05125
2005-10-12,2.05803
2005-10-11,2.0661
2005-10-10,2.08146
2005-10-07,2.09512
2005-10-06,2.07509
2005-10-05,2.05577
2005-10-04,2.04681
2005-10-03,2.05578
2005-09-30,2.06739
2005-09-29,2.07601
2005-09-28,2.08256
2005-09-27,2.0821
2005-09-26,2.0841
2005-09-23,2.10378
2005-09-22,2.11284
2005-09-21,2.10678
2005-09-20,2.11732
2005-09-19,2.13442
2005-09-16,2.14406
2005-09-15,2.15359
2005-09-14,2.15484
2005-09-13,2.16139
2005-09-12,2.16832
2005-09-09,2.17425
2005-09-08,2.18554
2005-09-07,2.19192
2005-09-06,2.19227
2005-09-05,2.18221
2005-09-02,2.15855
2005-09-01,2.13577
2005-08-31,2.13734
2005-08-30,2.1551
2005-08-29,2.15618
2005-08-26,2.14847
2005-08-25,2.14924
2005-08-24,2.15982
2005-08-23,2.16813
2005-08-22,2.179
2005-08-19,2.18885
2005-08-18,2.1825
2005-08-17,2.17056
2005-08-16,2.17337
2005-08-15,2.17337
2005-08-12,2.17303
2005-08-11,2.16984
2005-08-10,2.16897
2005-08-09,2.16691
2005-08-08,2.16219
2005-08-05,2.1614
2005-08-04,2.15929
2005-08-03,2.1494
2005-08-02,2.14591
2005-08-01,2.15604
2005-07-29,2.16175
2005-07-28,2.15061
2005-07-27,2.13451
2005-07-26,2.12512
2005-07-25,2.12437
2005-07-22,2.13249
2005-07-21,2.12462
2005-07-20,2.12307
2005-07-19,2.13046
2005-07-18,2.13469
2005-07-15,2.12927
2005-07-14,2.13287
2005-07-13,2.13794
2005-07-12,2.13039
2005-07-11,2.12897
2005-07-08,2.15335
2005-07-07,2.17682
2005-07-06,2.18413
2005-07-05,2.18867
2005-07-04,2.19831
2005-07-01,2.20376
2005-06-30,2.22423
2005-06-29,2.24094
2005-06-28,2.25154
2005-06-27,2.24665
2005-06-24,2.24134
2005-06-23,2.25057
2005-06-22,2.25291
2005-06-21,2.25306
2005-06-20,2.25264
2005-06-17,2.2528
2005-06-16,2.25747
2005-06-15,2.26512
2005-06-14,2.26805
2005-06-13,2.2744
2005-06-10,2.28577
2005-06-09,2.28333
2005-06-08,2.27956
2005-06-07,2.26665
2005-06-06,2.26289
2005-06-03,2.26332
2005-06-02,2.26715
2005-06-01,2.28431
2005-05-31,2.28879
2005-05-30,2.29429
2005-05-27,2.30992
2005-05-26,2.31103
2005-05-25,2.3024
2005-05-24,2.30573
2005-05-23,2.31105
2005-05-20,2.31371
2005-05-19,2.32023
2005-05-18,2.32554
2005-05-17,2.33606
2005-05-16,2.33888
2005-05-13,2.33509
2005-05-12,2.3327
2005-05-11,2.33012
2005-05-10,2.33843
2005-05-09,2.35721
2005-05-06,2.3717
2005-05-05,2.37002
2005-05-04,2.37344
2005-05-03,2.38664
2005-05-02,2.39526
2005-04-29,2.38467
2005-04-28,2.37825
2005-04-27,2.37048
2005-04-26,2.36346
2005-04-25,2.36239
2005-04-22,2.37101
2005-04-21,2.37819
2005-04-20,2.37453
2005-04-19,2.36697
2005-04-18,2.34985
2005-04-15,2.34011
2005-04-14,2.3442
2005-04-13,2.33846
2005-04-12,2.32666
2005-04-11,2.30696
2005-04-08,2.29146
2005-04-07,2.29557
2005-04-06,2.29102
2005-04-05,2.28968
2005-04-04,2.28608
2005-04-01,2.28613
2005-03-31,2.28079
2005-03-30,2.27302
2005-03-29,2.27634
2005-03-28,2.27634
2005-03-25,2.27261
2005-03-24,2.27483
2005-03-23,2.28619
2005-03-22,2.30274
2005-03-21,2.31065
2005-03-18,2.31566
2005-03-17,2.31626
2005-03-16,2.3082
2005-03-15,2.31414
2005-03-14,2.31995
2005-03-11,2.31686
2005-03-10,2.32777
2005-03-09,2.34632
2005-03-08,2.35811
2005-03-07,2.36904
2005-03-04,2.37229
2005-03-03,2.376
2005-03-02,2.37844
2005-03-01,2.37339
2005-02-28,2.37392
2005-02-25,2.36673
2005-02-24,2.35546
2005-02-23,2.34029
2005-02-22,2.33743
2005-02-21,2.33114
2005-02-18,2.32891
2005-02-17,2.33263
2005-02-16,2.33247
2005-02-15,2.32318
2005-02-14,2.31561
2005-02-11,2.3225
2005-02-10,2.31962
2005-02-09,2.32093
2005-02-08,2.3354
2005-02-07,2.33963
2005-02-04,2.33569
2005-02-03,2.33188
2005-02-02,2.33169
2005-02-01,2.33776
2005-01-31,2.33816
2005-01-28,2.33198
2005-01-27,2.31601
2005-01-26,2.30336
2005-01-25,2.29883
2005-01-24,2.29956
2005-01-21,2.30483
2005-01-20,2.29201
2005-01-19,2.27716
2005-01-18,2.26865
2005-01-17,2.27202
2005-01-14,2.26552
2005-01-13,2.27595
2005-01-12,2.28946
2005-01-11,2.29764
2005-01-10,2.30929
2005-01-07,2.31356
2005-01-06,2.30597
2005-01-05,2.29968
2005-01-04,2.30105
2005-01-03,2.31146
