Date,CURRFX.CHFJPY.1
2015-03-07,123.446
2015-03-06,124.104
2015-03-05,124.592
2015-03-04,125.082
2015-03-03,125.414
2015-03-02,125.492
2015-03-01,125.492
2015-02-28,125.46
2015-02-27,125.247
2015-02-26,125.263
2015-02-25,125.557
2015-02-24,126.175
2015-02-23,126.836
2015-02-22,126.261
2015-02-21,125.53
2015-02-20,126.193
2015-02-19,127.022
2015-02-18,127.289
2015-02-17,127.397
2015-02-16,127.586
2015-02-15,127.586
2015-02-14,128.178
2015-02-13,128.972
2015-02-12,128.981
2015-02-11,128.501
2015-02-10,128.479
2015-02-09,128.236
2015-02-08,128.236
2015-02-07,127.345
2015-02-06,126.966
2015-02-05,127.001
2015-02-04,126.762
2015-02-03,127.086
2015-02-02,127.652
2015-02-01,127.652
2015-01-31,128.135
2015-01-30,129.471
2015-01-29,130.6
2015-01-28,131.675
2015-01-27,133.326
2015-01-26,134.348
2015-01-25,134.348
2015-01-24,135.886
2015-01-23,136.446
2015-01-22,135.529
2015-01-21,135.012
2015-01-20,135.932
2015-01-19,137.102
2015-01-18,136.296
2015-01-17,130.402
2015-01-16,119.597
2015-01-15,115.424
2015-01-14,116.503
2015-01-13,116.836
2015-01-12,117.022
2015-01-11,117.022
2015-01-10,117.396
2015-01-09,117.582
2015-01-08,117.76
2015-01-07,118.648
2015-01-06,119.729
2015-01-05,120.389
2015-01-04,120.389
2015-01-03,120.59
2015-01-02,120.681
2015-01-01,120.925
2014-12-31,121.535
2014-12-30,121.994
2014-12-29,121.934
2014-12-28,121.934
2014-12-27,122.085
2014-12-26,122.149
2014-12-25,122.114
2014-12-24,122.007
2014-12-23,121.691
2014-12-22,121.495
2014-12-21,121.495
2014-12-20,121.546
2014-12-19,121.552
2014-12-18,121.636
2014-12-17,122.089
2014-12-16,122.895
2014-12-15,123.246
2014-12-14,123.082
2014-12-13,122.692
2014-12-12,122.611
2014-12-11,122.933
2014-12-10,123.451
2014-12-09,123.956
2014-12-08,123.991
2014-12-07,123.991
2014-12-06,123.45
2014-12-05,122.763
2014-12-04,122.62
2014-12-03,122.763
2014-12-02,122.821
2014-12-01,122.749
2014-11-30,122.749
2014-11-29,122.431
2014-11-28,122.195
2014-11-27,122.19
2014-11-26,121.977
2014-11-25,121.684
2014-11-24,121.831
2014-11-23,121.831
2014-11-22,122.757
2014-11-21,123.086
2014-11-20,122.057
2014-11-19,121.201
2014-11-18,121.06
2014-11-17,120.982
2014-11-16,120.982
2014-11-15,120.281
2014-11-14,119.745
2014-11-13,119.492
2014-11-12,118.971
2014-11-11,118.552
2014-11-10,118.582
2014-11-09,118.582
2014-11-08,118.617
2014-11-07,118.797
2014-11-06,118.433
2014-11-05,117.682
2014-11-04,117.067
2014-11-03,116.303
2014-11-02,116.303
2014-11-01,115.024
2014-10-31,114.085
2014-10-30,114.046
2014-10-29,113.726
2014-10-28,113.596
2014-10-27,113.541
2014-10-26,113.541
2014-10-25,113.186
2014-10-24,112.738
2014-10-23,112.764
2014-10-22,113.097
2014-10-21,113.143
2014-10-20,112.905
2014-10-19,112.905
2014-10-18,112.681
2014-10-17,112.383
2014-10-16,112.361
2014-10-15,112.482
2014-10-14,112.501
2014-10-13,112.613
2014-10-12,112.613
2014-10-11,113.068
2014-10-10,113.279
2014-10-09,113.107
2014-10-08,113.211
2014-10-07,113.359
2014-10-06,113.542
2014-10-05,113.542
2014-10-04,113.729
2014-10-03,114.106
2014-10-02,114.715
2014-10-01,114.921
2014-09-30,114.97
2014-09-29,114.916
2014-09-28,114.916
2014-09-27,115.027
2014-09-26,115.279
2014-09-25,115.616
2014-09-24,115.839
2014-09-23,115.896
2014-09-22,116.038
2014-09-21,116.038
2014-09-20,116.089
2014-09-19,115.461
2014-09-18,114.847
2014-09-17,114.704
2014-09-16,114.822
2014-09-15,114.877
2014-09-14,114.877
2014-09-13,114.477
2014-09-12,114.115
2014-09-11,113.793
2014-09-10,113.342
2014-09-09,112.937
2014-09-08,112.883
2014-09-07,112.883
2014-09-06,113.261
2014-09-05,113.971
2014-09-04,114.175
2014-09-03,113.738
2014-09-02,113.381
2014-09-01,113.335
2014-08-31,113.351
2014-08-30,113.439
2014-08-29,113.496
2014-08-28,113.496
2014-08-27,113.575
2014-08-26,113.677
2014-08-25,113.775
2014-08-24,113.775
2014-08-23,113.789
2014-08-22,113.575
2014-08-21,113.282
2014-08-20,113.192
2014-08-19,113.311
2014-08-18,113.323
2014-08-17,113.323
2014-08-16,113.138
2014-08-15,112.924
2014-08-14,112.702
2014-08-13,112.641
2014-08-12,112.698
2014-08-11,112.684
2014-08-10,112.572
2014-08-09,112.422
2014-08-08,112.547
2014-08-07,112.758
2014-08-06,113.065
2014-08-05,113.223
2014-08-04,113.268
2014-08-03,113.268
2014-08-02,113.199
2014-08-01,113.002
2014-07-31,112.728
2014-07-30,112.641
2014-07-29,112.575
2014-07-28,112.608
2014-07-27,112.608
2014-07-26,112.672
2014-07-25,112.542
2014-07-24,112.547
2014-07-23,112.771
2014-07-22,112.877
2014-07-21,112.92
2014-07-20,112.818
2014-07-19,112.904
2014-07-18,113.155
2014-07-17,113.509
2014-07-16,113.764
2014-07-15,113.693
2014-07-14,113.535
2014-07-13,113.535
2014-07-12,113.603
2014-07-11,113.797
2014-07-10,113.859
2014-07-09,113.914
2014-07-08,114.078
2014-07-07,114.162
2014-07-06,114.184
2014-07-05,114.307
2014-07-04,114.458
2014-07-03,114.215
2014-07-02,114.215
2014-07-01,113.833
2014-06-30,113.686
2014-06-29,113.686
2014-06-28,113.758
2014-06-27,113.944
2014-06-26,114.02
2014-06-25,113.952
2014-06-24,113.958
2014-06-23,114.053
2014-06-22,114.053
2014-06-21,113.97
2014-06-20,113.831
2014-06-19,113.645
2014-06-18,113.459
2014-06-17,113.359
2014-06-16,113.432
2014-06-15,113.432
2014-06-14,113.405
2014-06-13,113.436
2014-06-12,113.682
2014-06-11,114.165
2014-06-10,114.592
2014-06-09,114.703
2014-06-08,114.703
2014-06-07,114.636
2014-06-06,114.446
2014-06-05,114.311
2014-06-04,113.992
2014-06-03,113.753
2014-06-02,113.569
2014-06-01,113.569
2014-05-31,113.366
2014-05-30,113.367
2014-05-29,113.638
2014-05-28,113.836
2014-05-27,113.834
2014-05-26,113.801
2014-05-25,113.801
2014-05-24,113.719
2014-05-23,113.584
2014-05-22,113.504
2014-05-21,113.659
2014-05-20,113.697
2014-05-19,113.795
2014-05-18,113.795
2014-05-17,114.03
2014-05-16,114.371
2014-05-15,114.812
2014-05-14,115.026
2014-05-13,114.937
2014-05-12,115.017
2014-05-11,115.017
2014-05-10,115.54
2014-05-09,116.142
2014-05-08,116.278
2014-05-07,116.341
2014-05-06,116.335
2014-05-05,116.414
2014-05-04,116.414
2014-05-03,116.361
2014-05-02,116.196
2014-05-01,116.2
2014-04-30,116.323
2014-04-29,116.098
2014-04-28,115.955
2014-04-27,115.955
2014-04-26,115.984
2014-04-25,115.994
2014-04-24,115.982
2014-04-23,116.006
2014-04-22,116.047
2014-04-21,115.961
2014-04-20,115.961
2014-04-19,115.991
2014-04-18,116.032
2014-04-17,115.905
2014-04-16,115.693
2014-04-15,115.859
2014-04-14,115.995
2014-04-13,115.995
2014-04-12,115.911
2014-04-11,115.696
2014-04-10,115.581
2014-04-09,115.799
2014-04-08,115.87
2014-04-07,115.968
2014-04-06,115.968
2014-04-05,116.532
2014-04-04,117.105
2014-04-03,117.196
2014-04-02,116.757
2014-04-01,116.207
2014-03-31,115.76
2014-03-30,115.76
2014-03-29,115.381
2014-03-28,115.413
2014-03-27,115.738
2014-03-26,115.899
2014-03-25,115.845
2014-03-24,115.827
2014-03-23,115.827
2014-03-22,115.894
2014-03-21,116.04
2014-03-20,116.205
2014-03-19,116.316
2014-03-18,116.279
2014-03-17,116.194
2014-03-16,116.194
2014-03-15,116.661
2014-03-14,117.345
2014-03-13,117.39
2014-03-12,117.532
2014-03-11,117.606
2014-03-10,117.514
2014-03-09,117.514
2014-03-08,116.829
2014-03-07,115.729
2014-03-06,115.208
2014-03-05,115.13
2014-03-04,115.325
2014-03-03,115.474
2014-03-02,115.474
2014-03-01,115.069
2014-02-28,114.955
2014-02-27,115.206
2014-02-26,115.321
2014-02-25,115.394
2014-02-24,115.393
2014-02-23,115.393
2014-02-22,115.134
2014-02-21,114.954
2014-02-20,115.033
2014-02-19,114.603
2014-02-18,114.119
2014-02-17,114.098
2014-02-16,114.098
2014-02-15,114.105
2014-02-14,113.975
2014-02-13,114.044
2014-02-12,114.104
2014-02-11,113.946
2014-02-10,113.777
2014-02-09,113.777
2014-02-08,113.095
2014-02-07,112.389
2014-02-06,112.156
2014-02-05,112.305
2014-02-04,112.552
2014-02-03,112.544
2014-02-02,112.873
2014-02-01,113.594
2014-01-31,114.192
2014-01-30,114.524
2014-01-29,114.49
2014-01-28,114.441
2014-01-27,114.456
2014-01-26,114.57
2014-01-25,114.818
2014-01-24,114.79
2014-01-23,114.582
2014-01-22,114.49
2014-01-21,114.452
2014-01-20,114.783
2014-01-19,114.783
2014-01-18,115.118
2014-01-17,115.209
2014-01-16,115.059
2014-01-15,114.834
2014-01-14,114.958
2014-01-13,115.484
2014-01-12,115.484
2014-01-11,115.435
2014-01-10,115.228
2014-01-09,115.229
2014-01-08,115.306
2014-01-07,115.603
2014-01-06,115.826
2014-01-05,115.856
2014-01-04,116.443
2014-01-03,117.786
2014-01-02,118.332
2014-01-01,118.158
2013-12-31,118.108
2013-12-30,117.877
2013-12-29,117.877
2013-12-28,117.378
2013-12-27,116.658
2013-12-26,116.407
2013-12-25,116.365
2013-12-24,116.173
2013-12-23,116.174
2013-12-22,116.174
2013-12-21,116.216
2013-12-20,116.214
2013-12-19,116.124
2013-12-18,116.022
2013-12-17,116.021
2013-12-16,116.145
2013-12-15,116.145
2013-12-14,116.078
2013-12-13,115.761
2013-12-12,115.797
2013-12-11,115.814
2013-12-10,115.508
2013-12-09,114.904
2013-12-08,114.904
2013-12-07,113.838
2013-12-06,113.329
2013-12-05,113.332
2013-12-04,113.305
2013-12-03,113.131
2013-12-02,113.055
2013-12-01,113.055
2013-11-30,112.933
2013-11-29,112.509
2013-11-28,111.914
2013-11-27,111.609
2013-11-26,111.712
2013-11-25,111.422
2013-11-24,111.422
2013-11-23,110.577
2013-11-22,109.806
2013-11-21,109.641
2013-11-20,109.542
2013-11-19,109.539
2013-11-18,109.504
2013-11-17,109.434
2013-11-16,109.176
2013-11-15,108.749
2013-11-14,108.407
2013-11-13,108.038
2013-11-12,107.576
2013-11-11,107.384
2013-11-10,107.384
2013-11-09,107.434
2013-11-08,107.979
2013-11-07,108.074
2013-11-06,108.085
2013-11-05,108.198
2013-11-04,108.149
2013-11-03,108.149
2013-11-02,108.457
2013-11-01,109.112
2013-10-31,109.196
2013-10-30,109.091
2013-10-29,109.177
2013-10-28,109.057
2013-10-27,109.057
2013-10-26,109.053
2013-10-25,109.159
2013-10-24,109.116
2013-10-23,108.934
2013-10-22,108.545
2013-10-21,108.408
2013-10-20,108.408
2013-10-19,108.399
2013-10-18,108.133
2013-10-17,107.896
2013-10-16,107.978
2013-10-15,108.09
2013-10-14,108.101
2013-10-13,108.101
2013-10-12,107.799
2013-10-11,107.276
2013-10-10,107.15
2013-10-09,107.245
2013-10-08,107.353
2013-10-07,107.593
2013-10-06,107.593
2013-10-05,107.973
2013-10-04,108.093
2013-10-03,108.103
2013-10-02,108.347
2013-10-01,108.293
2013-09-30,108.512
2013-09-29,108.512
2013-09-28,108.569
2013-09-27,108.404
2013-09-26,108.286
2013-09-25,108.518
2013-09-24,108.829
2013-09-23,109.129
2013-09-22,109.129
2013-09-21,108.872
2013-09-20,107.897
2013-09-19,107.036
2013-09-18,106.968
2013-09-17,106.875
2013-09-16,106.915
2013-09-15,106.915
2013-09-14,106.915
2013-09-13,107.103
2013-09-12,107.253
2013-09-11,106.83
2013-09-10,106.13
2013-09-09,105.682
2013-09-08,105.682
2013-09-07,105.893
2013-09-06,106.309
2013-09-05,106.241
2013-09-04,106.241
2013-09-03,105.901
2013-09-02,105.552
2013-09-01,105.552
2013-08-31,105.611
2013-08-30,105.82
2013-08-29,106.021
2013-08-28,106.488
2013-08-27,106.966
2013-08-26,107.092
2013-08-25,107.092
2013-08-24,106.777
2013-08-23,106.281
2013-08-22,105.958
2013-08-21,105.662
2013-08-20,105.447
2013-08-19,105.242
2013-08-18,105.242
2013-08-17,105.083
2013-08-16,104.946
2013-08-15,105.086
2013-08-14,104.875
2013-08-13,104.356
2013-08-12,104.514
2013-08-11,104.514
2013-08-10,104.767
2013-08-09,104.77
2013-08-08,105.257
2013-08-07,105.899
2013-08-06,106.242
2013-08-05,106.427
2013-08-04,106.427
2013-08-03,106.221
2013-08-02,105.823
2013-08-01,105.477
2013-07-31,105.402
2013-07-30,105.546
2013-07-29,105.974
2013-07-28,105.974
2013-07-27,106.422
2013-07-26,106.754
2013-07-25,106.62
2013-07-24,106.405
2013-07-23,106.64
2013-07-22,106.763
2013-07-21,106.763
2013-07-20,106.322
2013-07-19,105.966
2013-07-18,105.6
2013-07-17,105.246
2013-07-16,104.956
2013-07-15,104.748
2013-07-14,104.748
2013-07-13,104.553
2013-07-12,104.13
2013-07-11,103.926
2013-07-10,104.59
2013-07-09,104.898
2013-07-08,104.875
2013-07-07,104.875
2013-07-06,104.85
2013-07-05,105.224
2013-07-04,105.504
2013-07-03,105.414
2013-07-02,105.134
2013-07-01,104.841
2013-06-30,104.841
2013-06-29,104.381
2013-06-28,103.91
2013-06-27,104.101
2013-06-26,104.563
2013-06-25,104.814
2013-06-24,104.837
2013-06-23,104.837
2013-06-22,104.857
2013-06-21,104.258
2013-06-20,103.422
2013-06-19,102.967
2013-06-18,102.412
2013-06-17,102.397
2013-06-16,102.397
2013-06-15,102.84
2013-06-14,103.386
2013-06-13,104.424
2013-06-12,105.019
2013-06-11,104.82
2013-06-10,104.165
2013-06-09,104.165
2013-06-08,104.461
2013-06-07,105.204
2013-06-06,105.378
2013-06-05,105.234
2013-06-04,105.021
2013-06-03,105.297
2013-06-02,105.297
2013-06-01,105.44
2013-05-31,105.171
2013-05-30,104.958
2013-05-29,105.091
2013-05-28,105.117
2013-05-27,105.296
2013-05-26,105.296
2013-05-25,105.166
2013-05-24,105.315
2013-05-23,105.762
2013-05-22,105.874
2013-05-21,105.974
2013-05-20,106.052
2013-05-19,106.052
2013-05-18,105.944
2013-05-17,105.897
2013-05-16,105.973
2013-05-15,106.248
2013-05-14,106.248
2013-05-13,106.191
2013-05-12,106.191
2013-05-11,106.013
2013-05-10,105.596
2013-05-09,105.457
2013-05-08,105.672
2013-05-07,105.898
2013-05-06,105.647
2013-05-05,105.647
2013-05-04,105.152
2013-05-03,104.874
2013-05-02,104.729
2013-05-01,104.351
2013-04-30,104.074
2013-04-29,104.186
2013-04-28,104.186
2013-04-27,104.734
2013-04-26,105.081
2013-04-25,105.286
2013-04-24,105.953
2013-04-23,106.643
2013-04-22,106.42
2013-04-21,106.42
2013-04-20,105.854
2013-04-19,105.509
2013-04-18,105.525
2013-04-17,105.181
2013-04-16,105.676
2013-04-15,106.334
2013-04-14,106.334
2013-04-13,106.796
2013-04-12,106.822
2013-04-11,106.437
2013-04-10,105.959
2013-04-09,105.135
2013-04-08,103.868
2013-04-07,103.868
2013-04-06,102.01
2013-04-05,99.571
2013-04-04,98.4027
2013-04-03,98.5275
2013-04-02,98.9185
2013-04-01,99.198
2013-03-31,99.198
2013-03-30,99.0756
2013-03-29,99.1016
2013-03-28,99.3861
2013-03-27,99.7472
2013-03-26,100.378
2013-03-25,100.368
2013-03-24,100.368
2013-03-23,100.557
2013-03-22,100.935
2013-03-21,100.771
2013-03-20,100.653
2013-03-19,100.878
2013-03-18,101.539
2013-03-17,101.539
2013-03-16,101.37
2013-03-15,101.036
2013-03-14,101.27
2013-03-13,101.39
2013-03-12,101.044
2013-03-11,100.918
2013-03-10,100.918
2013-03-09,100.424
2013-03-08,99.3901
2013-03-07,99.0593
2013-03-06,99.1232
2013-03-05,99.2084
2013-03-04,99.2563
2013-03-03,99.0992
2013-03-02,98.9934
2013-03-01,98.9594
2013-02-28,98.6641
2013-02-27,99.6227
2013-02-26,100.772
2013-02-25,100.401
2013-02-24,100.401
2013-02-23,100.282
2013-02-22,100.742
2013-02-21,101.418
2013-02-20,101.526
2013-02-19,101.615
2013-02-18,101.175
2013-02-17,101.175
2013-02-16,101.027
2013-02-15,101.538
2013-02-14,101.936
2013-02-13,101.913
2013-02-12,101.197
2013-02-11,101.014
2013-02-10,101.16
2013-02-09,101.876
2013-02-08,102.729
2013-02-07,102.58
2013-02-06,102.018
2013-02-05,102.058
2013-02-04,102.204
2013-02-03,101.945
2013-02-02,100.927
2013-02-01,99.6876
2013-01-31,98.7521
2013-01-30,98.0283
2013-01-29,98.0359
2013-01-28,98.0062
2013-01-27,98.0062
2013-01-26,97.1865
2013-01-25,95.7596
2013-01-24,95.4133
2013-01-23,95.8446
2013-01-22,96.2488
2013-01-21,96.4335
2013-01-20,96.3573
2013-01-19,95.9459
2013-01-18,95.267
2013-01-17,95.3577
2013-01-16,96.6741
2013-01-15,97.636
2013-01-14,97.5083
2013-01-13,97.5083
2013-01-12,96.651
2013-01-11,95.2038
2013-01-10,94.6678
2013-01-09,94.8697
2013-01-08,95.1268
2013-01-07,95.1455
2013-01-06,95.1455
2013-01-05,94.7224
2013-01-04,94.8676
2013-01-03,95.0662
2013-01-02,94.5355
2013-01-01,94.1592
2012-12-31,94.0271
2012-12-30,94.1646
2012-12-29,94.272
2012-12-28,93.6611
2012-12-27,92.822
2012-12-26,92.4905
2012-12-25,92.204
2012-12-24,92.0128
2012-12-23,92.0128
2012-12-22,92.099
2012-12-21,92.3491
2012-12-20,92.1773
2012-12-19,91.5444
2012-12-18,91.2689
2012-12-17,91.0221
2012-12-16,90.8803
2012-12-15,90.4998
2012-12-14,89.7385
2012-12-13,88.7357
2012-12-12,88.2268
2012-12-11,88.1765
2012-12-10,88.2573
2012-12-09,88.2573
2012-12-08,88.4486
2012-12-07,88.7252
2012-12-06,88.6035
2012-12-05,88.6681
2012-12-04,88.8787
2012-12-03,88.9056
2012-12-02,88.9056
2012-12-01,88.7649
2012-11-30,88.2342
2012-11-29,88.1309
2012-11-28,88.4524
2012-11-27,88.6053
2012-11-26,88.5799
2012-11-25,88.5799
2012-11-24,88.1815
2012-11-23,87.7595
2012-11-22,86.968
2012-11-21,86.3762
2012-11-20,86.0854
2012-11-19,85.9646
2012-11-18,85.9646
2012-11-17,85.81
2012-11-16,85.1368
2012-11-15,84.1401
2012-11-14,83.7367
2012-11-13,83.7985
2012-11-12,83.8224
2012-11-11,83.8224
2012-11-10,84.0838
2012-11-09,84.5988
2012-11-08,84.9798
2012-11-07,85.1094
2012-11-06,85.3661
2012-11-05,85.6498
2012-11-04,85.6498
2012-11-03,85.8379
2012-11-02,85.7881
2012-11-01,85.5012
2012-10-31,85.1944
2012-10-30,85.1478
2012-10-29,85.2064
2012-10-28,85.2964
2012-10-27,85.6313
2012-10-26,85.7735
2012-10-25,85.6729
2012-10-24,85.7271
2012-10-23,85.7271
2012-10-22,85.5217
2012-10-21,85.5217
2012-10-20,85.6863
2012-10-19,85.6182
2012-10-18,85.1392
2012-10-17,84.5689
2012-10-16,84.1066
2012-10-15,84.0121
2012-10-14,84.0121
2012-10-13,83.7718
2012-10-12,83.3547
2012-10-11,83.3621
2012-10-10,83.7645
2012-10-09,84.2857
2012-10-08,84.6436
2012-10-07,84.5631
2012-10-06,84.2477
2012-10-05,83.7938
2012-10-04,83.4559
2012-10-03,83.2034
2012-10-02,82.9444
2012-10-01,82.9238
2012-09-30,82.9188
2012-09-29,82.8372
2012-09-28,82.7558
2012-09-27,82.9211
2012-09-26,83.2509
2012-09-25,83.5393
2012-09-24,83.8202
2012-09-23,83.8202
2012-09-22,83.9488
2012-09-21,84.3317
2012-09-20,84.8156
2012-09-19,84.7366
2012-09-18,84.621
2012-09-17,84.2391
2012-09-16,84.2391
2012-09-15,83.3692
2012-09-14,82.9034
2012-09-13,82.9044
2012-09-12,82.7479
2012-09-11,82.796
2012-09-10,82.7963
2012-09-09,82.7963
2012-09-08,82.5249
2012-09-07,82.1564
2012-09-06,82.0201
2012-09-05,82.1142
2012-09-04,82.0344
2012-09-03,82.0639
2012-09-02,82.0339
2012-09-01,81.9977
2012-08-31,82.08
2012-08-30,82.0786
2012-08-29,81.9753
2012-08-28,81.9949
2012-08-27,81.9898
2012-08-26,81.9898
2012-08-25,82.0639
2012-08-24,82.1205
2012-08-23,82.1313
2012-08-22,81.8666
2012-08-21,81.6615
2012-08-20,81.6963
2012-08-19,81.6675
2012-08-18,81.4597
2012-08-17,81.0303
2012-08-16,80.7824
2012-08-15,80.5556
2012-08-14,80.2031
2012-08-13,80.1137
2012-08-12,80.168
2012-08-11,80.3907
2012-08-10,80.7044
2012-08-09,80.8823
2012-08-08,80.9168
2012-08-07,80.8395
2012-08-06,80.5262
2012-08-05,80.5262
2012-08-04,79.8441
2012-08-03,79.8191
2012-08-02,79.9715
2012-08-01,79.9709
2012-07-31,80.1845
2012-07-30,80.3619
2012-07-29,80.3619
2012-07-28,79.9344
2012-07-27,79.1992
2012-07-26,78.879
2012-07-25,78.879
2012-07-24,79.1446
2012-07-23,79.4318
2012-07-22,79.6392
2012-07-21,80.1416
2012-07-20,80.5097
2012-07-19,80.713
2012-07-18,80.6508
2012-07-17,80.6006
2012-07-16,80.7663
2012-07-15,80.7038
2012-07-14,80.6676
2012-07-13,80.8844
2012-07-12,81.1422
2012-07-11,81.3746
2012-07-10,81.4862
2012-07-09,81.4875
2012-07-08,81.7046
2012-07-07,82.3731
2012-07-06,83.1384
2012-07-05,83.5455
2012-07-04,83.6157
2012-07-03,83.8266
2012-07-02,83.7842
2012-07-01,83.7842
2012-06-30,82.9324
2012-06-29,82.5318
2012-06-28,82.7411
2012-06-27,82.969
2012-06-26,83.6419
2012-06-25,84.1837
2012-06-24,84.1114
2012-06-23,83.9999
2012-06-22,83.8663
2012-06-21,83.3951
2012-06-20,83.1464
2012-06-19,83.1551
2012-06-18,82.8754
2012-06-17,82.9096
2012-06-16,83.0532
2012-06-15,83.0692
2012-06-14,82.8601
2012-06-13,82.8855
2012-06-12,83.1365
2012-06-11,82.8763
2012-06-10,82.7702
2012-06-09,82.8789
2012-06-08,82.831
2012-06-07,81.9406
2012-06-06,81.3007
2012-06-05,80.8976
2012-06-04,80.754
2012-06-03,80.7038
2012-06-02,80.7992
2012-06-01,81.4685
2012-05-31,82.3916
2012-05-30,82.9533
2012-05-29,83.0736
2012-05-28,83.0724
2012-05-27,83.0708
2012-05-26,83.1077
2012-05-25,83.3528
2012-05-24,84.1093
2012-05-23,84.5512
2012-05-22,84.2391
2012-05-21,84.0037
2012-05-20,84.0037
2012-05-19,84.2118
2012-05-18,84.9079
2012-05-17,85.1982
2012-05-16,85.4443
2012-05-15,85.7696
2012-05-14,85.9753
2012-05-13,85.9753
2012-05-12,85.9965
2012-05-11,86.0227
2012-05-10,86.288
2012-05-09,86.5824
2012-05-08,86.6947
2012-05-07,86.951
2012-05-06,87.1886
2012-05-05,87.6457
2012-05-04,87.9088
2012-05-03,88.0692
2012-05-02,88.162
2012-05-01,88.3647
2012-04-30,88.5635
2012-04-29,88.6676
2012-04-28,88.9744
2012-04-27,89.2885
2012-04-26,89.2247
2012-04-25,88.9412
2012-04-24,89.246
2012-04-23,89.6677
2012-04-22,89.5968
2012-04-21,89.2652
2012-04-20,88.8345
2012-04-19,88.4134
2012-04-18,87.8758
2012-04-17,87.7495
2012-04-16,88.1878
2012-04-15,88.1878
2012-04-14,88.5251
2012-04-13,88.3589
2012-04-12,88.3048
2012-04-11,88.5693
2012-04-10,88.7896
2012-04-09,89.0136
2012-04-08,89.127
2012-04-07,89.4193
2012-04-06,89.9015
2012-04-05,90.5909
2012-04-04,91.1701
2012-04-03,91.669
2012-04-02,91.8383
2012-04-01,91.5562
2012-03-31,91.0667
2012-03-30,91.26
2012-03-29,91.7218
2012-03-28,91.5799
2012-03-27,90.9901
2012-03-26,90.6821
2012-03-25,90.6821
2012-03-24,90.7439
2012-03-23,91.2626
2012-03-22,91.8014
2012-03-21,91.4212
2012-03-20,91.0822
2012-03-19,91.0737
2012-03-18,90.9311
2012-03-17,90.501
2012-03-16,90.1207
2012-03-15,89.9216
2012-03-14,89.7305
2012-03-13,89.5963
2012-03-12,89.7662
2012-03-11,89.7662
2012-03-10,89.5457
2012-03-09,88.7334
2012-03-08,88.3209
2012-03-07,88.8691
2012-03-06,89.3098
2012-03-05,89.4939
2012-03-04,89.5214
2012-03-03,89.6034
2012-03-02,89.7477
2012-03-01,89.7985
2012-02-29,89.8473
2012-02-28,90.3004
2012-02-27,90.6329
2012-02-26,90.1732
2012-02-25,89.0327
2012-02-24,88.1528
2012-02-23,87.6611
2012-02-22,87.2905
2012-02-21,86.8731
2012-02-20,86.5041
2012-02-19,86.3568
2012-02-18,85.7229
2012-02-17,85.0912
2012-02-16,85.162
2012-02-15,84.8487
2012-02-14,84.8487
2012-02-13,84.7865
2012-02-12,84.7865
2012-02-11,84.8593
2012-02-10,84.5665
2012-02-09,84.0649
2012-02-08,83.4208
2012-02-07,83.2247
2012-02-06,83.4155
2012-02-05,83.3353
2012-02-04,83.1516
2012-02-03,83.0575
2012-02-02,83.0808
2012-02-01,83.3773
2012-01-31,83.7131
2012-01-30,83.9463
2012-01-29,83.9003
2012-01-28,84.0405
2012-01-27,84.1887
2012-01-26,83.6761
2012-01-25,83.035
2012-01-24,82.5691
2012-01-23,82.5691
2012-01-22,82.3803
2012-01-21,82.3803
2012-01-20,81.7173
2012-01-19,81.0644
2012-01-18,80.664
2012-01-17,80.6066
2012-01-16,80.8218
2012-01-15,80.9326
2012-01-14,81.0177
2012-01-13,80.845
2012-01-12,80.8511
2012-01-11,80.8359
2012-01-10,80.5667
2012-01-09,80.5496
2012-01-08,80.6989
2012-01-07,81.0136
2012-01-06,81.4569
2012-01-05,81.9398
2012-01-04,81.9769
2012-01-03,81.9115
2012-01-02,81.9375
2012-01-01,82.1019
2011-12-31,82.4082
2011-12-30,82.7194
2011-12-29,83.1931
2011-12-28,83.3357
2011-12-27,83.3357
2011-12-26,83.4016
2011-12-25,83.4016
2011-12-24,83.4439
2011-12-23,83.5001
2011-12-22,83.5312
2011-12-21,83.3241
2011-12-20,83.1241
2011-12-19,83.0636
2011-12-18,83.0228
2011-12-17,82.7114
2011-12-16,82.5764
2011-12-15,82.5764
2011-12-14,83.2244
2011-12-13,83.768
2011-12-12,84.0638
2011-12-11,84.0284
2011-12-10,83.9368
2011-12-09,83.9263
2011-12-08,84.0261
2011-12-07,84.3273
2011-12-06,84.6693
2011-12-05,84.7369
2011-12-04,84.7369
2011-12-03,84.9566
2011-12-02,84.9538
2011-12-01,84.7143
2011-11-30,84.4169
2011-11-29,83.9249
2011-11-28,83.6039
2011-11-27,83.6592
2011-11-26,83.8199
2011-11-25,84.0074
2011-11-24,84.1362
2011-11-23,83.9829
2011-11-22,83.8037
2011-11-21,83.8879
2011-11-20,83.855
2011-11-19,83.7588
2011-11-18,83.7942
2011-11-17,84.0979
2011-11-16,84.7521
2011-11-15,85.5095
2011-11-14,85.7264
2011-11-13,85.6684
2011-11-12,85.5578
2011-11-11,85.8032
2011-11-10,86.4024
2011-11-09,86.8308
2011-11-08,87.6436
2011-11-07,88.4066
2011-11-06,88.4576
2011-11-05,88.4061
2011-11-04,88.3136
2011-11-03,88.3712
2011-11-02,88.8856
2011-11-01,88.8394
2011-10-31,87.7942
2011-10-30,87.8769
2011-10-29,87.6696
2011-10-28,86.902
2011-10-27,86.4815
2011-10-26,86.3523
2011-10-25,86.2773
2011-10-24,86.3878
2011-10-23,86.3033
2011-10-22,85.8506
2011-10-21,85.3372
2011-10-20,85.3692
2011-10-19,85.6798
2011-10-18,86.2928
2011-10-17,86.5719
2011-10-16,86.3368
2011-10-15,85.8679
2011-10-14,85.5575
2011-10-13,84.9987
2011-10-12,84.33
2011-10-11,83.4652
2011-10-10,82.7539
2011-10-09,82.9545
2011-10-08,83.2081
2011-10-07,83.1391
2011-10-06,83.6533
2011-10-05,83.6533
2011-10-04,84.4887
2011-10-03,84.8408
2011-10-02,84.9883
2011-10-01,85.2742
2011-09-30,85.3622
2011-09-29,85.1782
2011-09-28,84.7256
2011-09-27,84.4015
2011-09-26,84.624
2011-09-25,84.5032
2011-09-24,84.3608
2011-09-23,84.9138
2011-09-22,85.9548
2011-09-21,86.6437
2011-09-20,87.24
2011-09-19,87.6878
2011-09-18,87.7948
2011-09-17,87.8727
2011-09-16,87.6002
2011-09-15,87.3756
2011-09-14,87.3109
2011-09-13,87.397
2011-09-12,87.7676
2011-09-11,88.0271
2011-09-10,88.8099
2011-09-09,89.7161
2011-09-08,91.4201
2011-09-07,95.1972
2011-09-06,97.5363
2011-09-05,97.4161
2011-09-04,97.4248
2011-09-03,96.8664
2011-09-02,95.4052
2011-09-01,94.1632
2011-08-31,94.0487
2011-08-30,94.6489
2011-08-29,95.1138
2011-08-28,95.6916
2011-08-27,96.7959
2011-08-26,96.9525
2011-08-25,96.9437
2011-08-24,97.3065
2011-08-23,97.4809
2011-08-22,97.5119
2011-08-21,97.2417
2011-08-20,96.7371
2011-08-19,96.7188
2011-08-18,97.1921
2011-08-17,97.6914
2011-08-16,97.9168
2011-08-15,98.601
2011-08-14,99.19
2011-08-13,101.291
2011-08-12,104.441
2011-08-11,105.066
2011-08-10,103.454
2011-08-09,102.487
2011-08-08,102.257
2011-08-07,102.374
2011-08-06,102.452
2011-08-05,101.382
2011-08-04,99.9591
2011-08-03,98.9464
2011-08-02,97.9349
2011-08-01,97.6736
2011-07-31,97.5095
2011-07-30,97.1596
2011-07-29,97.0954
2011-07-28,97.2077
2011-07-27,97.1161
2011-07-26,96.5168
2011-07-25,95.9145
2011-07-24,95.9094
2011-07-23,95.9436
2011-07-22,95.9883
2011-07-21,96.2007
2011-07-20,96.6648
2011-07-19,97.0679
2011-07-18,97.1484
2011-07-17,97.0601
2011-07-16,96.9569
2011-07-15,96.491
2011-07-14,95.6996
2011-07-13,95.8971
2011-07-12,96.3284
2011-07-11,96.3836
2011-07-10,96.3063
2011-07-09,96.2039
2011-07-08,96.2908
2011-07-07,96.1192
2011-07-06,95.5723
2011-07-05,95.2972
2011-07-04,95.4277
2011-07-03,95.4879
2011-07-02,95.8746
2011-07-01,96.6826
2011-06-30,97.1521
2011-06-29,96.8797
2011-06-28,96.5694
2011-06-27,96.31
2011-06-26,96.31
2011-06-25,95.9275
2011-06-24,95.6697
2011-06-23,95.3073
2011-06-22,94.9262
2011-06-21,94.5123
2011-06-20,94.4473
2011-06-19,94.4473
2011-06-18,94.8172
2011-06-17,94.9609
2011-06-16,95.2637
2011-06-15,95.634
2011-06-14,95.4805
2011-06-13,95.2721
2011-06-12,95.2721
2011-06-11,95.3531
2011-06-10,95.5299
2011-06-09,95.7076
2011-06-08,95.9671
2011-06-07,96.0871
2011-06-06,96.2678
2011-06-05,96.1427
2011-06-04,95.9469
2011-06-03,95.9365
2011-06-02,95.6586
2011-06-01,95.2923
2011-05-31,95.0281
2011-05-30,94.8991
2011-05-29,94.8991
2011-05-28,94.2566
2011-05-27,93.7824
2011-05-26,93.2588
2011-05-25,92.8384
2011-05-24,92.9254
2011-05-23,93.1036
2011-05-22,92.9974
2011-05-21,92.766
2011-05-20,92.5795
2011-05-19,92.1889
2011-05-18,91.5912
2011-05-17,90.8028
2011-05-16,90.7239
2011-05-15,90.7239
2011-05-14,91.1812
2011-05-13,91.5264
2011-05-12,91.8234
2011-05-11,91.9741
2011-05-10,91.946
2011-05-09,91.7289
2011-05-08,91.8752
2011-05-07,92.5059
2011-05-06,93.3322
2011-05-05,93.8323
2011-05-04,93.7908
2011-05-03,93.8738
2011-05-02,93.8338
2011-05-01,93.7623
2011-04-30,93.641
2011-04-29,93.652
2011-04-28,93.3604
2011-04-27,92.7005
2011-04-26,92.7005
2011-04-25,92.3964
2011-04-24,92.4085
2011-04-23,92.5586
2011-04-22,92.6291
2011-04-21,92.2607
2011-04-20,92.1132
2011-04-19,92.7475
2011-04-18,93.2109
2011-04-17,93.2109
2011-04-16,93.3118
2011-04-15,93.4343
2011-04-14,93.4402
2011-04-13,93.2716
2011-04-12,93.3849
2011-04-11,93.3961
2011-04-10,93.3961
2011-04-09,93.0745
2011-04-08,92.7137
2011-04-07,92.087
2011-04-06,91.2457
2011-04-05,91.0221
2011-04-04,90.9155
2011-04-03,90.9155
2011-04-02,90.6538
2011-04-01,90.2343
2011-03-31,89.6794
2011-03-30,89.1031
2011-03-29,88.6655
2011-03-28,88.434
2011-03-27,88.6198
2011-03-26,88.9798
2011-03-25,89.2422
2011-03-24,89.5621
2011-03-23,89.6067
2011-03-22,89.5555
2011-03-21,89.5142
2011-03-20,89.5879
2011-03-19,88.8724
2011-03-18,87.7405
2011-03-17,88.1696
2011-03-16,88.2821
2011-03-15,88.2021
2011-03-14,88.068
2011-03-13,88.2411
2011-03-12,88.7164
2011-03-11,88.8769
2011-03-10,88.6921
2011-03-09,88.6747
2011-03-08,88.8869
2011-03-07,88.9882
2011-03-06,88.8345
2011-03-05,88.5841
2011-03-04,88.4487
2011-03-03,88.3218
2011-03-02,88.1539
2011-03-01,88.0586
2011-02-28,87.9837
2011-02-27,88.103
2011-02-26,88.3281
2011-02-25,88.3336
2011-02-24,88.1714
2011-02-23,87.9406
2011-02-22,87.923
2011-02-21,87.9177
2011-02-20,87.9177
2011-02-19,87.5642
2011-02-18,87.1301
2011-02-17,86.5505
2011-02-16,86.0171
2011-02-15,85.7078
2011-02-14,85.7237
2011-02-13,85.7981
2011-02-12,85.9413
2011-02-11,85.853
2011-02-10,85.7574
2011-02-09,86.0092
2011-02-08,86.0546
2011-02-07,86.0371
2011-02-06,86.065
2011-02-05,86.2584
2011-02-04,86.726
2011-02-03,86.9539
2011-02-02,86.9685
2011-02-01,87.1536
2011-01-31,87.1705
2011-01-30,87.2597
2011-01-29,87.4031
2011-01-28,87.3514
2011-01-27,87.1063
2011-01-26,86.8112
2011-01-25,86.3433
2011-01-24,86.0889
2011-01-23,86.0889
2011-01-22,85.9524
2011-01-21,85.8544
2011-01-20,85.7659
2011-01-19,85.8451
2011-01-18,85.8828
2011-01-17,86.0136
2011-01-16,85.9394
2011-01-15,85.7606
2011-01-14,85.6419
2011-01-13,85.5723
2011-01-12,85.7174
2011-01-11,85.9222
2011-01-10,85.9864
2011-01-09,86.1107
2011-01-08,86.2379
2011-01-07,86.1812
2011-01-06,86.6596
2011-01-05,87.1172
2011-01-04,86.9626
2011-01-03,86.7793
2011-01-02,86.8349
2011-01-01,86.8626
2010-12-31,86.58
2010-12-30,86.4155
2010-12-29,86.3321
2010-12-28,86.1816
2010-12-27,86.2039
2010-12-26,86.2857
2010-12-25,86.6739
2010-12-24,87.2685
2010-12-23,87.3971
2010-12-22,86.9304
2010-12-21,86.6721
2010-12-20,86.6636
2010-12-19,86.8513
2010-12-18,87.0933
2010-12-17,87.0659
2010-12-16,86.946
2010-12-15,86.1988
2010-12-14,85.7004
2010-12-13,85.4728
2010-12-12,85.4728
2010-12-11,85.24
2010-12-10,85.0591
2010-12-09,84.688
2010-12-08,84.424
2010-12-07,84.619
2010-12-06,84.6614
2010-12-05,84.6614
2010-12-04,84.2873
2010-12-03,83.8697
2010-12-02,83.7026
2010-12-01,83.9793
2010-11-30,83.9131
2010-11-29,83.7564
2010-11-28,83.7564
2010-11-27,83.7267
2010-11-26,83.6822
2010-11-25,83.8305
2010-11-24,84.1295
2010-11-23,84.1928
2010-11-22,84.0601
2010-11-21,84.0601
2010-11-20,83.9411
2010-11-19,83.9893
2010-11-18,83.9946
2010-11-17,84.3052
2010-11-16,84.2664
2010-11-15,84.1421
2010-11-14,84.2095
2010-11-13,84.4608
2010-11-12,84.6158
2010-11-11,84.2809
2010-11-10,84.0373
2010-11-09,84.2675
2010-11-08,84.1309
2010-11-07,84.1309
2010-11-06,84.1309
2010-11-05,83.2332
2010-11-04,82.3356
2010-11-03,81.7298
2010-11-02,81.6664
2010-11-01,81.8236
2010-10-31,81.8478
2010-10-30,82.1001
2010-10-29,82.521
2010-10-28,82.7587
2010-10-27,83.065
2010-10-26,83.2042
2010-10-25,83.3418
2010-10-24,83.3418
2010-10-23,83.6929
2010-10-22,84.1509
2010-10-21,84.2954
2010-10-20,84.4925
2010-10-19,84.7563
2010-10-18,84.9633
2010-10-17,84.9633
2010-10-16,85.1932
2010-10-15,85.4377
2010-10-14,85.3179
2010-10-13,85.127
2010-10-12,85.1591
2010-10-11,85.1291
2010-10-10,85.1364
2010-10-09,85.342
2010-10-08,85.8073
2010-10-07,86.1028
2010-10-06,85.9076
2010-10-05,85.5311
2010-10-04,85.3686
2010-10-03,85.3686
2010-10-02,85.2455
2010-10-01,85.4477
2010-09-30,85.6845
2010-09-29,85.6232
2010-09-28,85.6095
2010-09-27,85.7039
2010-09-26,85.7932
2010-09-25,85.824
2010-09-24,85.5795
2010-09-23,85.3355
2010-09-22,85.1351
2010-09-21,85.1095
2010-09-20,85.0273
2010-09-19,84.8761
2010-09-18,84.7449
2010-09-17,85.0155
2010-09-16,84.457
2010-09-15,83.0945
2010-09-14,82.7587
2010-09-13,82.5361
2010-09-12,82.4752
2010-09-11,82.4895
2010-09-10,82.768
2010-09-09,82.9263
2010-09-08,82.97
2010-09-07,82.999
2010-09-06,82.9238
2010-09-05,82.986
2010-09-04,83.099
2010-09-03,83.1125
2010-09-02,82.9318
2010-09-01,82.6466
2010-08-31,82.706
2010-08-30,82.9263
2010-08-29,82.87
2010-08-28,82.6408
2010-08-27,82.2868
2010-08-26,81.794
2010-08-25,81.6605
2010-08-24,82.4813
2010-08-23,82.8038
2010-08-22,82.751
2010-08-21,82.58
2010-08-20,82.2655
2010-08-19,81.9609
2010-08-18,82.0105
2010-08-17,82.033
2010-08-16,81.9935
2010-08-15,81.9222
2010-08-14,81.5841
2010-08-13,81.0625
2010-08-12,80.9589
2010-08-11,81.6695
2010-08-10,82.213
2010-08-09,82.2401
2010-08-08,82.2401
2010-08-07,82.101
2010-08-06,82.0664
2010-08-05,82.353
2010-08-04,82.9266
2010-08-03,83.1005
2010-08-02,83.0773
2010-08-01,83.0688
2010-07-31,83.1029
2010-07-30,83.0961
2010-07-29,82.8299
2010-07-28,82.8348
2010-07-27,82.963
2010-07-26,82.9461
2010-07-25,83.0322
2010-07-24,83.1713
2010-07-23,83.0336
2010-07-22,82.8321
2010-07-21,82.7454
2010-07-20,82.5423
2010-07-19,82.6616
2010-07-18,82.6616
2010-07-17,83.3598
2010-07-16,83.8829
2010-07-15,83.7542
2010-07-14,83.5549
2010-07-13,83.6314
2010-07-12,83.7864
2010-07-11,83.8294
2010-07-10,83.9376
2010-07-09,83.4538
2010-07-08,82.6213
2010-07-07,82.6025
2010-07-06,82.5219
2010-07-05,82.5639
2010-07-04,82.5473
2010-07-03,82.422
2010-07-02,82.1663
2010-07-01,81.8866
2010-06-30,81.8626
2010-06-29,81.9679
2010-06-28,81.5791
2010-06-27,81.5791
2010-06-26,81.3571
2010-06-25,81.2555
2010-06-24,81.564
2010-06-23,81.9336
2010-06-22,82.0487
2010-06-21,81.8092
2010-06-20,81.7667
2010-06-19,81.6439
2010-06-18,81.3098
2010-06-17,80.7156
2010-06-16,80.351
2010-06-15,80.2203
2010-06-14,79.7323
2010-06-13,79.7677
2010-06-12,79.802
2010-06-11,79.6613
2010-06-10,79.3812
2010-06-09,78.9777
2010-06-08,78.9365
2010-06-07,79.1412
2010-06-06,79.3875
2010-06-05,79.9055
2010-06-04,79.895
2010-06-03,79.1382
2010-06-02,78.7519
2010-06-01,78.8488
2010-05-31,78.564
2010-05-30,78.6868
2010-05-29,78.7163
2010-05-28,78.2432
2010-05-27,77.6762
2010-05-26,77.5632
2010-05-25,78.135
2010-05-24,78.209
2010-05-23,78.2019
2010-05-22,78.4102
2010-05-21,79.0495
2010-05-20,80.3936
2010-05-19,81.447
2010-05-18,81.3296
2010-05-17,81.5339
2010-05-16,81.7871
2010-05-15,82.6673
2010-05-14,83.6119
2010-05-13,83.6575
2010-05-12,83.8889
2010-05-11,83.8045
2010-05-10,82.7547
2010-05-09,82.7137
2010-05-08,82.981
2010-05-07,84.0455
2010-05-06,85.6046
2010-05-05,86.6637
2010-05-04,87.043
2010-05-03,87.0729
2010-05-02,87.1033
2010-05-01,87.0376
2010-04-30,86.6204
2010-04-29,86.472
2010-04-28,86.9937
2010-04-27,87.5479
2010-04-26,87.594
2010-04-25,87.3933
2010-04-24,86.9301
2010-04-23,86.8719
2010-04-22,87.2137
2010-04-21,86.9665
2010-04-20,86.5878
2010-04-19,86.8218
2010-04-18,87.0421
2010-04-17,87.679
2010-04-16,88.3548
2010-04-15,88.4018
2010-04-14,88.0422
2010-04-13,87.8786
2010-04-12,87.4615
2010-04-11,87.3796
2010-04-10,87.0704
2010-04-09,86.9623
2010-04-08,87.5966
2010-04-07,88.2331
2010-04-06,88.9868
2010-04-05,89.1337
2010-04-04,89.0621
2010-04-03,88.959
2010-04-02,88.7188
2010-04-01,87.801
2010-03-31,87.0786
2010-03-30,86.9978
2010-03-29,86.9087
2010-03-28,86.7546
2010-03-27,86.4264
2010-03-26,86.0057
2010-03-25,85.5382
2010-03-24,85.2645
2010-03-23,85.2244
2010-03-22,85.3718
2010-03-21,85.3718
2010-03-20,85.3915
2010-03-19,85.4767
2010-03-18,85.6907
2010-03-17,85.4372
2010-03-16,85.4945
2010-03-15,85.6346
2010-03-14,85.4191
2010-03-13,84.9178
2010-03-12,84.4355
2010-03-11,83.9518
2010-03-10,83.8087
2010-03-09,84.2179
2010-03-08,84.0225
2010-03-07,83.8008
2010-03-06,83.1645
2010-03-05,82.712
2010-03-04,82.6669
2010-03-03,82.5477
2010-03-02,82.7515
2010-03-01,82.8352
2010-02-28,82.8352
2010-02-27,82.6147
2010-02-26,82.7347
2010-02-25,83.6249
2010-02-24,84.2936
2010-02-23,84.9442
2010-02-22,84.9422
2010-02-21,84.9422
2010-02-20,84.5851
2010-02-19,84.4611
2010-02-18,84.4362
2010-02-17,83.8374
2010-02-16,83.5612
2010-02-15,83.6135
2010-02-14,83.6135
2010-02-13,83.8171
2010-02-12,84.1554
2010-02-11,83.9927
2010-02-10,83.5211
2010-02-09,83.2377
2010-02-08,83.2426
2010-02-07,83.2993
2010-02-06,84.1475
2010-02-05,85.4803
2010-02-04,85.8115
2010-02-03,85.5731
2010-02-02,85.2013
2010-02-01,85.0747
2010-01-31,85.2928
2010-01-30,85.6537
2010-01-29,85.6384
2010-01-28,85.7265
2010-01-27,86.3484
2010-01-26,86.5686
2010-01-25,86.3197
2010-01-24,86.3732
2010-01-23,86.8872
2010-01-22,87.4792
2010-01-21,87.8872
2010-01-20,88.3486
2010-01-19,88.4937
2010-01-18,88.5114
2010-01-17,88.6528
2010-01-16,89.1968
2010-01-15,89.7297
2010-01-14,89.7771
2010-01-13,90.3343
2010-01-12,90.6221
2010-01-11,90.3639
2010-01-10,90.3639
2010-01-09,90.0988
2010-01-08,89.6962
2010-01-07,89.241
2010-01-06,89.4324
2010-01-05,89.7558
2010-01-04,89.9105
2010-01-03,89.9905
2010-01-02,89.7314
2010-01-01,89.2781
2009-12-31,88.8241
2009-12-30,88.6145
2009-12-29,88.3696
2009-12-28,88.1672
2009-12-27,88.0772
2009-12-26,88.2343
2009-12-25,87.9929
2009-12-24,87.5691
2009-12-23,87.1793
2009-12-22,86.8574
2009-12-21,86.7864
2009-12-20,86.6172
2009-12-19,86.2264
2009-12-18,86.1263
2009-12-17,86.169
2009-12-16,85.9795
2009-12-15,85.9568
2009-12-14,86.0839
2009-12-13,86.2093
2009-12-12,86.2192
2009-12-11,85.8528
2009-12-10,86.2389
2009-12-09,87.4596
2009-12-08,88.5903
2009-12-07,89.0538
2009-12-06,88.7992
2009-12-05,88.2372
2009-12-04,87.6605
2009-12-03,86.9174
2009-12-02,86.4286
2009-12-01,86.1463
2009-11-30,86.1109
2009-11-29,85.9089
2009-11-28,86.1207
2009-11-27,87.1593
2009-11-26,87.668
2009-11-25,87.8184
2009-11-24,87.6737
2009-11-23,87.3137
2009-11-22,87.3986
2009-11-21,87.6277
2009-11-20,87.9015
2009-11-19,88.082
2009-11-18,88.309
2009-11-17,88.6126
2009-11-16,88.5162
2009-11-15,88.5488
2009-11-14,88.7752
2009-11-13,89.0989
2009-11-12,89.1494
2009-11-11,89.0969
2009-11-10,88.798
2009-11-09,88.3788
2009-11-08,88.5823
2009-11-07,88.9693
2009-11-06,88.8325
2009-11-05,88.351
2009-11-04,88.0253
2009-11-03,87.9666
2009-11-02,87.7836
2009-11-01,88.2845
2009-10-31,88.9927
2009-10-30,88.9304
2009-10-29,89.5913
2009-10-28,90.602
2009-10-27,91.1411
2009-10-26,91.2139
2009-10-25,91.2139
2009-10-24,90.9496
2009-10-23,90.3448
2009-10-22,89.7697
2009-10-21,89.4287
2009-10-20,89.3128
2009-10-19,89.3007
2009-10-18,89.3007
2009-10-17,89.0802
2009-10-16,88.3028
2009-10-15,87.676
2009-10-14,87.5158
2009-10-13,87.2326
2009-10-12,87.0036
2009-10-11,86.8418
2009-10-10,86.3341
2009-10-09,86.0336
2009-10-08,86.3154
2009-10-07,86.7546
2009-10-06,86.8231
2009-10-05,86.5202
2009-10-04,86.5202
2009-10-03,86.233
2009-10-02,86.5436
2009-10-01,86.7864
2009-09-30,86.7705
2009-09-29,86.8547
2009-09-28,87.483
2009-09-27,87.483
2009-09-26,88.1577
2009-09-25,88.7925
2009-09-24,89.03
2009-09-23,89.0491
2009-09-22,88.8491
2009-09-21,88.6505
2009-09-20,88.6505
2009-09-19,88.4964
2009-09-18,88.1427
2009-09-17,87.8541
2009-09-16,87.7067
2009-09-15,87.3462
2009-09-14,87.3477
2009-09-13,87.5078
2009-09-12,87.9901
2009-09-11,88.3876
2009-09-10,88.1659
2009-09-09,87.8821
2009-09-08,87.797
2009-09-07,87.5512
2009-09-06,87.5512
2009-09-05,87.2704
2009-09-04,87.0707
2009-09-03,87.2877
2009-09-02,87.7562
2009-09-01,87.9194
2009-08-31,88.3136
2009-08-30,88.4079
2009-08-29,88.3063
2009-08-28,88.0884
2009-08-27,88.609
2009-08-26,89.004
2009-08-25,89.2605
2009-08-24,88.9735
2009-08-23,88.9735
2009-08-22,88.5569
2009-08-21,88.2169
2009-08-20,87.9638
2009-08-19,87.9269
2009-08-18,88.0358
2009-08-17,88.5607
2009-08-16,88.6401
2009-08-15,88.9597
2009-08-14,89.1105
2009-08-13,88.8798
2009-08-12,89.3689
2009-08-11,89.9971
2009-08-10,90.0757
2009-08-09,90.0757
2009-08-08,89.7195
2009-08-07,89.6173
2009-08-06,89.6378
2009-08-05,89.4219
2009-08-04,88.8893
2009-08-03,88.6261
2009-08-02,88.4437
2009-08-01,87.9238
2009-07-31,87.6083
2009-07-30,87.9935
2009-07-29,88.6053
2009-07-28,88.654
2009-07-27,88.4323
2009-07-26,88.4344
2009-07-25,88.4242
2009-07-24,88.0883
2009-07-23,87.7538
2009-07-22,88.0338
2009-07-21,87.9301
2009-07-20,87.4763
2009-07-19,87.3733
2009-07-18,87.2352
2009-07-17,87.063
2009-07-16,86.3604
2009-07-15,85.63
2009-07-14,85.2554
2009-07-13,85.2927
2009-07-12,85.2927
2009-07-11,85.5708
2009-07-10,85.9218
2009-07-09,86.707
2009-07-08,87.6185
2009-07-07,87.9024
2009-07-06,88.3602
2009-07-05,88.3602
2009-07-04,88.6475
2009-07-03,89.2753
2009-07-02,89.0877
2009-07-01,88.4293
2009-06-30,87.9615
2009-06-29,87.8738
2009-06-28,87.8738
2009-06-27,87.7893
2009-06-26,88.0412
2009-06-25,88.5688
2009-06-24,88.438
2009-06-23,88.6896
2009-06-22,89.0582
2009-06-21,89.0582
2009-06-20,89.0
2009-06-19,88.698
2009-06-18,88.6979
2009-06-17,89.4248
2009-06-16,90.6494
2009-06-15,91.1923
2009-06-14,91.1923
2009-06-13,91.0831
2009-06-12,90.849
2009-06-11,90.4936
2009-06-10,90.2001
2009-06-09,90.5396
2009-06-08,90.7316
2009-06-07,90.7316
2009-06-06,90.3687
2009-06-05,90.0619
2009-06-04,89.9844
2009-06-03,89.8268
2009-06-02,89.3999
2009-06-01,89.3226
2009-05-31,89.3226
2009-05-30,89.0052
2009-05-29,88.2479
2009-05-28,87.5559
2009-05-27,87.375
2009-05-26,87.4005
2009-05-25,87.0314
2009-05-24,87.0314
2009-05-23,86.3964
2009-05-22,86.1762
2009-05-21,86.4426
2009-05-20,86.0299
2009-05-19,85.0554
2009-05-18,84.8811
2009-05-17,85.3027
2009-05-16,86.1005
2009-05-15,86.5244
2009-05-14,87.2987
2009-05-13,88.0395
2009-05-12,88.7362
2009-05-11,89.0522
2009-05-10,88.7012
2009-05-09,87.8241
2009-05-08,87.1513
2009-05-07,87.117
2009-05-06,87.5546
2009-05-05,87.4603
2009-05-04,87.2135
2009-05-03,87.2135
2009-05-02,86.789
2009-05-01,85.7617
2009-04-30,84.4513
2009-04-29,83.8237
2009-04-28,84.7398
2009-04-27,85.3221
2009-04-26,85.2292
2009-04-25,84.7674
2009-04-24,84.3165
2009-04-23,84.1305
2009-04-22,84.2023
2009-04-21,84.6846
2009-04-20,85.363
2009-04-19,85.363
2009-04-18,86.0744
2009-04-17,86.5836
2009-04-16,87.0375
2009-04-15,87.4903
2009-04-14,87.1436
2009-04-13,86.7693
2009-04-12,86.7693
2009-04-11,86.8032
2009-04-10,87.1259
2009-04-09,87.581
2009-04-08,88.5491
2009-04-07,88.9884
2009-04-06,88.4111
2009-04-05,88.4111
2009-04-04,87.5306
2009-04-03,86.6688
2009-04-02,86.4537
2009-04-01,85.7717
2009-03-31,85.0143
2009-03-30,85.5339
2009-03-29,85.9948
2009-03-28,86.9041
2009-03-27,87.0323
2009-03-26,86.7385
2009-03-25,86.4534
2009-03-24,85.4675
2009-03-23,84.8995
2009-03-22,84.8995
2009-03-21,84.3622
2009-03-20,83.8963
2009-03-19,83.5278
2009-03-18,83.045
2009-03-17,82.7429
2009-03-16,82.6539
2009-03-15,82.576
2009-03-14,82.7719
2009-03-13,83.8309
2009-03-12,84.9487
2009-03-11,85.2159
2009-03-10,84.9389
2009-03-09,84.6504
2009-03-08,84.6504
2009-03-07,84.3689
2009-03-06,84.2323
2009-03-05,83.688
2009-03-04,83.1559
2009-03-03,83.1347
2009-03-02,83.3872
2009-03-01,83.5044
2009-02-28,83.7694
2009-02-27,83.7494
2009-02-26,82.9051
2009-02-25,81.609
2009-02-24,80.8113
2009-02-23,80.3997
2009-02-22,80.3997
2009-02-21,79.8934
2009-02-20,79.5879
2009-02-19,78.9672
2009-02-18,78.7013
2009-02-17,78.8542
2009-02-16,79.1029
2009-02-15,78.9826
2009-02-14,78.362
2009-02-13,77.787
2009-02-12,78.0756
2009-02-11,78.4851
2009-02-10,78.9967
2009-02-09,79.1362
2009-02-08,78.7215
2009-02-07,77.7924
2009-02-06,77.4773
2009-02-05,77.5168
2009-02-04,77.1943
2009-02-03,77.1608
2009-02-02,77.7382
2009-02-01,77.7382
2009-01-31,77.7382
2009-01-30,78.2044
2009-01-29,78.3431
2009-01-28,77.8884
2009-01-27,77.0254
2009-01-26,76.9665
2009-01-25,76.7964
2009-01-24,76.6899
2009-01-23,77.4003
2009-01-22,78.4911
2009-01-21,79.8286
2009-01-20,80.9575
2009-01-19,81.1312
2009-01-18,80.9433
2009-01-17,80.3045
2009-01-16,79.7696
2009-01-15,79.9419
2009-01-14,80.0908
2009-01-13,80.717
2009-01-12,81.1936
2009-01-11,81.7932
2009-01-10,83.0621
2009-01-09,83.8417
2009-01-08,84.1335
2009-01-07,84.2576
2009-01-06,84.9162
2009-01-05,85.0661
2009-01-04,85.115
2009-01-03,85.1212
2009-01-02,85.0668
2009-01-01,85.3599
2008-12-31,85.6614
2008-12-30,85.3861
2008-12-29,84.8036
2008-12-28,84.5902
2008-12-27,84.115
2008-12-26,83.8534
2008-12-25,83.3659
2008-12-24,82.4059
2008-12-23,81.4303
2008-12-22,81.2525
2008-12-21,81.2525
2008-12-20,82.0779
2008-12-19,81.5038
2008-12-18,79.2774
2008-12-17,78.0735
2008-12-16,77.615
2008-12-15,77.4834
2008-12-14,77.2047
2008-12-13,76.9814
2008-12-12,77.167
2008-12-11,76.8364
2008-12-10,76.6099
2008-12-09,76.4203
2008-12-08,76.2483
2008-12-07,76.2483
2008-12-06,76.651
2008-12-05,76.9214
2008-12-04,77.1352
2008-12-03,77.7092
2008-12-02,78.3826
2008-12-01,78.7364
2008-11-30,78.8737
2008-11-29,79.259
2008-11-28,79.5901
2008-11-27,80.0678
2008-11-26,79.8721
2008-11-25,78.7108
2008-11-24,78.4763
2008-11-23,78.0711
2008-11-22,77.8131
2008-11-21,79.1925
2008-11-20,80.3402
2008-11-19,80.662
2008-11-18,80.9575
2008-11-17,81.1839
2008-11-16,81.4055
2008-11-15,81.1961
2008-11-14,80.9651
2008-11-13,82.3055
2008-11-12,83.3893
2008-11-11,83.8574
2008-11-10,83.3807
2008-11-09,83.2183
2008-11-08,83.3815
2008-11-07,84.4561
2008-11-06,85.0169
2008-11-05,84.9858
2008-11-04,85.2915
2008-11-03,85.0182
2008-11-02,84.9713
2008-11-01,85.6562
2008-10-31,86.0135
2008-10-30,83.6868
2008-10-29,81.1486
2008-10-28,80.5087
2008-10-27,80.9642
2008-10-26,81.0969
2008-10-25,81.8966
2008-10-24,84.3405
2008-10-23,86.4533
2008-10-22,88.4237
2008-10-21,89.3386
2008-10-20,89.414
2008-10-19,89.3722
2008-10-18,88.97
2008-10-17,88.7029
2008-10-16,89.6572
2008-10-15,89.7044
2008-10-14,88.6618
2008-10-13,88.4605
2008-10-12,88.3621
2008-10-11,88.554
2008-10-10,88.8399
2008-10-09,88.8477
2008-10-08,89.8049
2008-10-07,91.5782
2008-10-06,93.235
2008-10-05,93.1646
2008-10-04,93.1325
2008-10-03,93.8811
2008-10-02,94.8233
2008-10-01,95.6788
2008-09-30,96.8001
2008-09-29,97.214
2008-09-28,97.3747
2008-09-27,97.3747
2008-09-26,97.5397
2008-09-25,97.5452
2008-09-24,97.5754
2008-09-23,97.1961
2008-09-22,97.1974
2008-09-21,96.8182
2008-09-20,95.8467
2008-09-19,94.8419
2008-09-18,94.112
2008-09-17,94.077
2008-09-16,94.9319
2008-09-15,95.4944
2008-09-14,95.151
2008-09-13,94.3532
2008-09-12,94.4095
2008-09-11,95.1232
2008-09-10,95.8108
2008-09-09,96.4966
2008-09-08,96.2992
2008-09-07,96.1427
2008-09-06,96.5456
2008-09-05,97.7681
2008-09-04,97.9683
2008-09-03,98.1711
2008-09-02,98.488
2008-09-01,98.7938
2008-08-31,98.9897
2008-08-30,99.5071
2008-08-29,99.782
2008-08-28,99.6307
2008-08-27,99.7429
2008-08-26,100.064
2008-08-25,100.139
2008-08-24,100.056
2008-08-23,99.901
2008-08-22,99.9092
2008-08-21,100.255
2008-08-20,100.318
2008-08-19,100.671
2008-08-18,100.692
2008-08-17,100.692
2008-08-16,100.564
2008-08-15,100.532
2008-08-14,100.585
2008-08-13,101.32
2008-08-12,101.73
2008-08-11,101.796
2008-08-10,102.002
2008-08-09,102.789
2008-08-08,103.289
2008-08-07,102.95
2008-08-06,102.851
2008-08-05,102.81
2008-08-04,102.818
2008-08-03,102.818
2008-08-02,103.171
2008-08-01,103.171
2008-07-31,103.436
2008-07-30,103.91
2008-07-29,104.041
2008-07-28,103.928
2008-07-27,103.928
2008-07-26,103.74
2008-07-25,103.902
2008-07-24,104.263
2008-07-23,104.528
2008-07-22,104.551
2008-07-21,104.574
2008-07-20,104.468
2008-07-19,104.023
2008-07-18,103.522
2008-07-17,103.711
2008-07-16,104.328
2008-07-15,104.48
2008-07-14,104.448
2008-07-13,104.448
2008-07-12,104.103
2008-07-11,103.947
2008-07-10,104.059
2008-07-09,104.176
2008-07-08,104.176
2008-07-07,104.133
2008-07-06,104.133
2008-07-05,104.199
2008-07-04,104.329
2008-07-03,104.078
2008-07-02,103.934
2008-07-01,104.088
2008-06-30,104.194
2008-06-29,104.235
2008-06-28,104.294
2008-06-27,104.058
2008-06-26,103.617
2008-06-25,103.453
2008-06-24,103.449
2008-06-23,103.645
2008-06-22,103.645
2008-06-21,103.682
2008-06-20,103.677
2008-06-19,103.666
2008-06-18,103.598
2008-06-17,103.482
2008-06-16,103.291
2008-06-15,103.291
2008-06-14,103.231
2008-06-13,103.333
2008-06-12,103.237
2008-06-11,103.269
2008-06-10,103.192
2008-06-09,102.836
2008-06-08,102.519
2008-06-07,102.034
2008-06-06,101.144
2008-06-05,100.839
2008-06-04,100.839
2008-06-03,100.97
2008-06-02,101.244
2008-06-01,101.066
2008-05-31,100.733
2008-05-30,100.8
2008-05-29,100.976
2008-05-28,100.974
2008-05-27,100.87
2008-05-26,100.944
2008-05-25,100.918
2008-05-24,100.747
2008-05-23,100.358
2008-05-22,99.8252
2008-05-21,99.4245
2008-05-20,99.3373
2008-05-19,99.3037
2008-05-18,99.3037
2008-05-17,99.3528
2008-05-16,99.5361
2008-05-15,99.4552
2008-05-14,99.1984
2008-05-13,98.9065
2008-05-12,98.7986
2008-05-11,98.7986
2008-05-10,98.7839
2008-05-09,99.0984
2008-05-08,99.6409
2008-05-07,99.7289
2008-05-06,99.7631
2008-05-05,99.7177
2008-05-04,99.7177
2008-05-03,99.7924
2008-05-02,100.046
2008-05-01,100.366
2008-04-30,100.671
2008-04-29,100.987
2008-04-28,100.846
2008-04-27,100.846
2008-04-26,100.935
2008-04-25,101.725
2008-04-24,102.352
2008-04-23,102.286
2008-04-22,102.062
2008-04-21,101.826
2008-04-20,101.826
2008-04-19,101.866
2008-04-18,101.706
2008-04-17,101.23
2008-04-16,101.021
2008-04-15,100.845
2008-04-14,101.005
2008-04-13,101.005
2008-04-12,101.212
2008-04-11,101.233
2008-04-10,101.233
2008-04-09,101.065
2008-04-08,101.037
2008-04-07,101.037
2008-04-06,101.037
2008-04-05,101.279
2008-04-04,101.095
2008-04-03,100.652
2008-04-02,100.239
2008-04-01,99.9555
2008-03-31,99.7165
2008-03-30,99.8951
2008-03-29,100.147
2008-03-28,99.8087
2008-03-27,99.2897
2008-03-26,98.811
2008-03-25,98.4823
2008-03-24,98.6431
2008-03-23,98.6431
2008-03-22,98.6078
2008-03-21,98.9699
2008-03-20,99.3283
2008-03-19,98.9703
2008-03-18,99.0153
2008-03-17,99.2439
2008-03-16,99.3651
2008-03-15,99.5478
2008-03-14,99.772
2008-03-13,100.08
2008-03-12,100.001
2008-03-11,100.066
2008-03-10,100.144
2008-03-09,100.187
2008-03-08,100.242
2008-03-07,100.052
2008-03-06,99.6016
2008-03-05,99.363
2008-03-04,99.5021
2008-03-03,99.6372
2008-03-02,99.6852
2008-03-01,99.8937
2008-02-29,99.995
2008-02-28,99.5325
2008-02-27,99.0851
2008-02-26,98.8544
2008-02-25,98.7661
2008-02-24,98.6702
2008-02-23,98.4692
2008-02-22,98.3561
2008-02-21,98.3183
2008-02-20,98.3098
2008-02-19,98.4843
2008-02-18,98.6222
2008-02-17,98.5425
2008-02-16,98.252
2008-02-15,97.7151
2008-02-14,97.3138
2008-02-13,97.2048
2008-02-12,97.2514
2008-02-11,97.2939
2008-02-10,97.2923
2008-02-09,97.1618
2008-02-08,96.9975
2008-02-07,97.2919
2008-02-06,97.8136
2008-02-05,97.9332
2008-02-04,98.0209
2008-02-03,98.0209
2008-02-02,98.3389
2008-02-01,98.1411
2008-01-31,97.9202
2008-01-30,97.7579
2008-01-29,97.4551
2008-01-28,97.6926
2008-01-27,97.6926
2008-01-26,98.0809
2008-01-25,97.4982
2008-01-24,96.7138
2008-01-23,96.2108
2008-01-22,96.7007
2008-01-21,97.2051
2008-01-20,97.2051
2008-01-19,97.216
2008-01-18,97.5266
2008-01-17,98.0288
2008-01-16,98.7194
2008-01-15,98.8364
2008-01-14,98.8339
2008-01-13,98.9077
2008-01-12,98.8882
2008-01-11,98.4509
2008-01-10,98.0883
2008-01-09,97.9612
2008-01-08,98.0678
2008-01-07,98.0678
2008-01-06,98.0678
2008-01-05,98.1085
2008-01-04,98.2262
2008-01-03,98.6221
2008-01-02,98.8748
2008-01-01,99.5406
2007-12-31,99.7438
2007-12-30,99.7818
2007-12-29,99.7067
2007-12-28,99.2522
2007-12-27,98.772
2007-12-26,98.6547
2007-12-25,98.7363
2007-12-24,98.4748
2007-12-23,98.4748
2007-12-22,97.9927
2007-12-21,98.0213
2007-12-20,98.2336
2007-12-19,98.2572
2007-12-18,98.1754
2007-12-17,98.2908
2007-12-16,98.2908
2007-12-15,98.4421
2007-12-14,98.4718
2007-12-13,98.5309
2007-12-12,98.9342
2007-12-11,98.9743
2007-12-10,99.0037
2007-12-09,98.86
2007-12-08,98.4749
2007-12-07,98.3503
2007-12-06,98.2658
2007-12-05,97.9592
2007-12-04,98.0891
2007-12-03,98.2322
2007-12-02,98.2889
2007-12-01,98.5365
2007-11-30,98.4942
2007-11-29,98.2702
2007-11-28,98.2513
2007-11-27,98.2777
2007-11-26,98.2771
2007-11-25,98.2771
2007-11-24,98.4345
2007-11-23,98.6576
2007-11-22,98.8003
2007-11-21,98.9093
2007-11-20,99.0653
2007-11-19,99.3763
2007-11-18,99.0356
2007-11-17,98.6294
2007-11-16,98.9326
2007-11-15,98.5446
2007-11-14,97.7393
2007-11-13,98.13
2007-11-12,98.6279
2007-11-11,99.0213
2007-11-10,99.6287
2007-11-09,99.8533
2007-11-08,99.9653
2007-11-07,99.5437
2007-11-06,99.3705
2007-11-05,99.5249
2007-11-04,99.4171
2007-11-03,99.354
2007-11-02,99.3301
2007-11-01,98.9478
2007-10-31,98.4275
2007-10-30,98.2255
2007-10-29,98.0878
2007-10-28,98.0878
2007-10-27,97.9003
2007-10-26,97.5583
2007-10-25,97.5088
2007-10-24,97.5095
2007-10-23,97.7901
2007-10-22,98.1935
2007-10-21,98.3153
2007-10-20,98.6366
2007-10-19,98.8474
2007-10-18,98.8518
2007-10-17,99.1673
2007-10-16,99.3756
2007-10-15,99.2736
2007-10-14,99.2565
2007-10-13,99.2602
2007-10-12,99.2604
2007-10-11,99.0135
2007-10-10,98.9936
2007-10-09,99.2861
2007-10-08,99.2213
2007-10-07,99.2213
2007-10-06,99.0631
2007-10-05,98.8804
2007-10-04,98.7452
2007-10-03,98.7659
2007-10-02,98.7936
2007-10-01,98.5824
2007-09-30,98.5824
2007-09-29,98.5555
2007-09-28,98.6141
2007-09-27,98.271
2007-09-26,98.0099
2007-09-25,98.298
2007-09-24,98.397
2007-09-23,98.397
2007-09-22,98.1364
2007-09-21,98.0518
2007-09-20,97.7204
2007-09-19,97.0375
2007-09-18,96.9514
2007-09-17,96.9546
2007-09-16,96.9546
2007-09-15,96.8337
2007-09-14,96.527
2007-09-13,96.0761
2007-09-12,95.708
2007-09-11,95.4439
2007-09-10,95.3838
2007-09-09,95.5363
2007-09-08,95.785
2007-09-07,95.7453
2007-09-06,95.796
2007-09-05,95.796
2007-09-04,95.8796
2007-09-03,95.7962
2007-09-02,96.0049
2007-09-01,96.3332
2007-08-31,95.9343
2007-08-30,95.6702
2007-08-29,96.2675
2007-08-28,96.8
2007-08-27,96.7569
2007-08-26,96.7569
2007-08-25,96.2843
2007-08-24,95.7175
2007-08-23,95.0881
2007-08-22,95.112
2007-08-21,94.8975
2007-08-20,94.3088
2007-08-19,94.3088
2007-08-18,94.0931
2007-08-17,95.3091
2007-08-16,97.0278
2007-08-15,98.0631
2007-08-14,98.5911
2007-08-13,98.7132
2007-08-12,98.7132
2007-08-11,99.0213
2007-08-10,99.6251
2007-08-09,99.6269
2007-08-08,99.4745
2007-08-07,99.2604
2007-08-06,99.1102
2007-08-05,99.1102
2007-08-04,98.9325
2007-08-03,98.641
2007-08-02,98.6695
2007-08-01,98.7105
2007-07-31,98.2681
2007-07-30,98.2614
2007-07-29,98.2614
2007-07-28,98.6741
2007-07-27,99.2511
2007-07-26,99.7647
2007-07-25,100.477
2007-07-24,100.881
2007-07-23,101.114
2007-07-22,101.114
2007-07-21,101.414
2007-07-20,101.573
2007-07-19,101.573
2007-07-18,101.469
2007-07-17,101.396
2007-07-16,101.51
2007-07-15,101.51
2007-07-14,101.654
2007-07-13,101.426
2007-07-12,101.244
2007-07-11,101.358
2007-07-10,101.342
2007-07-09,101.195
2007-07-08,101.195
2007-07-07,101.004
2007-07-06,100.842
2007-07-05,100.776
2007-07-04,100.868
2007-07-03,100.865
2007-07-02,100.666
2007-07-01,100.666
2007-06-30,100.262
2007-06-29,100.019
2007-06-28,100.089
2007-06-27,100.518
2007-06-26,100.723
2007-06-25,100.533
2007-06-24,100.533
2007-06-23,99.9768
2007-06-22,99.6794
2007-06-21,99.6234
2007-06-20,99.5191
2007-06-19,99.5191
2007-06-18,99.2778
2007-06-17,99.2778
2007-06-16,98.8929
2007-06-15,98.4823
2007-06-14,98.1737
2007-06-13,98.2408
2007-06-12,98.424
2007-06-11,98.5564
2007-06-10,98.5932
2007-06-09,98.9124
2007-06-08,99.4037
2007-06-07,99.5884
2007-06-06,99.5271
2007-06-05,99.325
2007-06-04,99.2808
2007-06-03,99.2808
2007-06-02,99.2885
2007-06-01,99.2521
2007-05-31,99.1944
2007-05-30,99.1354
2007-05-29,99.1172
2007-05-28,99.0454
2007-05-27,99.0454
2007-05-26,98.9007
2007-05-25,98.952
2007-05-24,98.9076
2007-05-23,98.7152
2007-05-22,98.7152
2007-05-21,98.726
2007-05-20,98.726
2007-05-19,98.8032
2007-05-18,98.8685
2007-05-17,98.8845
2007-05-16,98.7734
2007-05-15,98.6632
2007-05-14,98.4944
2007-05-13,98.4944
2007-05-12,98.4283
2007-05-11,98.5414
2007-05-10,98.5545
2007-05-09,98.8962
2007-05-08,99.171
2007-05-07,99.1444
2007-05-06,99.1444
2007-05-05,99.0673
2007-05-04,98.9586
2007-05-03,98.8252
2007-05-02,98.9484
2007-05-01,99.0868
2007-04-30,99.1395
2007-04-29,99.1395
2007-04-28,98.8868
2007-04-27,98.6501
2007-04-26,98.458
2007-04-25,98.2001
2007-04-24,98.1716
2007-04-23,98.2693
2007-04-22,98.2693
2007-04-21,98.2989
2007-04-20,98.2444
2007-04-19,98.4225
2007-04-18,98.5083
2007-04-17,98.3827
2007-04-16,98.1829
2007-04-15,98.092
2007-04-14,97.9135
2007-04-13,97.822
2007-04-12,97.7206
2007-04-11,97.5547
2007-04-10,97.5364
2007-04-09,97.6126
2007-04-08,97.6126
2007-04-07,97.5717
2007-04-06,97.3528
2007-04-05,97.2484
2007-04-04,97.0941
2007-04-03,96.9236
2007-04-02,96.9336
2007-04-01,96.9018
2007-03-31,96.7014
2007-03-30,96.5782
2007-03-29,96.9151
2007-03-28,97.0659
2007-03-27,96.871
2007-03-26,96.9428
2007-03-25,96.9428
2007-03-24,97.0934
2007-03-23,97.0764
2007-03-22,96.9111
2007-03-21,96.9237
2007-03-20,96.8065
2007-03-19,96.6775
2007-03-18,96.561
2007-03-17,96.561
2007-03-16,96.0749
2007-03-15,95.6716
2007-03-14,95.87
2007-03-13,95.9028
2007-03-12,95.8525
2007-03-11,95.7704
2007-03-10,95.6034
2007-03-09,95.4259
2007-03-08,95.1967
2007-03-07,95.0978
2007-03-06,95.4352
2007-03-05,96.1345
2007-03-04,96.3065
2007-03-03,96.3547
2007-03-02,96.9185
2007-03-01,97.2847
2007-02-28,97.8541
2007-02-27,98.1557
2007-02-26,98.2263
2007-02-25,98.1612
2007-02-24,97.9403
2007-02-23,97.591
2007-02-22,97.274
2007-02-21,97.0108
2007-02-20,96.8103
2007-02-19,96.6963
2007-02-18,96.6596
2007-02-17,96.7554
2007-02-16,97.1184
2007-02-15,97.2406
2007-02-14,97.256
2007-02-13,97.5524
2007-02-12,97.6462
2007-02-11,97.4859
2007-02-10,97.2282
2007-02-09,97.1492
2007-02-08,96.8547
2007-02-07,96.564
2007-02-06,96.812
2007-02-05,97.0761
2007-02-04,97.0994
2007-02-03,97.0926
2007-02-02,97.0074
2007-02-01,97.0951
2007-01-31,97.17
2007-01-30,97.0524
2007-01-29,96.9635
2007-01-28,97.0093
2007-01-27,97.0039
2007-01-26,97.1011
2007-01-25,97.5212
2007-01-24,97.4571
2007-01-23,97.2036
2007-01-22,97.1404
2007-01-21,97.1404
2007-01-20,97.122
2007-01-19,96.8838
2007-01-18,96.6596
2007-01-17,96.5802
2007-01-16,96.511
2007-01-15,96.4765
2007-01-14,96.4626
2007-01-13,96.3985
2007-01-12,96.202
2007-01-11,96.0679
2007-01-10,96.0613
2007-01-09,95.8787
2007-01-08,96.0299
2007-01-07,96.0299
2007-01-06,96.5465
2007-01-05,97.3782
2007-01-04,97.8006
2007-01-03,97.7648
2007-01-02,97.6008
2007-01-01,97.6008
2006-12-31,97.6008
2006-12-30,97.3338
2006-12-29,97.1404
2006-12-28,97.3193
2006-12-27,97.4538
2006-12-26,97.4026
2006-12-25,97.3824
2006-12-24,97.3824
2006-12-23,97.3233
2006-12-22,97.2689
2006-12-21,97.131
2006-12-20,96.7477
2006-12-19,96.6706
2006-12-18,96.8226
2006-12-17,96.8226
2006-12-16,97.0546
2006-12-15,97.2906
2006-12-14,97.3398
2006-12-13,97.115
2006-12-12,96.7168
2006-12-11,96.5237
2006-12-10,96.5148
2006-12-09,96.4202
2006-12-08,96.2929
2006-12-07,96.3233
2006-12-06,96.5077
2006-12-05,96.7001
2006-12-04,96.7347
2006-12-03,96.7347
2006-12-02,96.5653
2006-12-01,96.2823
2006-11-30,96.2579
2006-11-29,96.1982
2006-11-28,95.9831
2006-11-27,95.829
2006-11-26,95.6394
2006-11-25,95.2446
2006-11-24,95.0389
2006-11-23,94.9805
2006-11-22,94.9391
2006-11-21,94.8197
2006-11-20,94.646
2006-11-19,94.646
2006-11-18,94.6472
2006-11-17,94.6338
2006-11-16,94.6242
2006-11-15,94.7541
2006-11-14,94.8243
2006-11-13,94.7899
2006-11-12,94.7899
2006-11-11,94.7294
2006-11-10,94.3729
2006-11-09,94.2091
2006-11-08,94.1786
2006-11-07,94.148
2006-11-06,94.1032
2006-11-05,94.1032
2006-11-04,94.0564
2006-11-03,94.0461
2006-11-02,94.0578
2006-11-01,94.0642
2006-10-31,94.0771
2006-10-30,94.2513
2006-10-29,94.2513
2006-10-28,94.3505
2006-10-27,94.2441
2006-10-26,94.168
2006-10-25,94.1943
2006-10-24,94.2527
2006-10-23,94.3063
2006-10-22,94.2281
2006-10-21,93.9781
2006-10-20,93.6608
2006-10-19,93.6124
2006-10-18,93.7434
2006-10-17,93.8881
2006-10-16,93.9737
2006-10-15,94.0032
2006-10-14,94.0542
2006-10-13,94.0993
2006-10-12,94.2143
2006-10-11,94.3854
2006-10-10,94.4321
2006-10-09,94.4321
2006-10-08,94.3268
2006-10-07,94.1515
2006-10-06,94.2563
2006-10-05,94.563
2006-10-04,94.616
2006-10-03,94.5558
2006-10-02,94.4962
2006-10-01,94.4349
2006-09-30,94.3933
2006-09-29,94.3622
2006-09-28,94.1299
2006-09-27,94.1038
2006-09-26,94.2712
2006-09-25,94.1691
2006-09-24,94.1691
2006-09-23,93.8729
2006-09-22,93.7555
2006-09-21,93.8804
2006-09-20,94.019
2006-09-19,93.8239
2006-09-18,93.6052
2006-09-17,93.684
2006-09-16,93.8678
2006-09-15,94.0628
2006-09-14,94.2323
2006-09-13,94.3326
2006-09-12,93.9296
2006-09-11,93.6763
2006-09-10,93.6763
2006-09-09,93.7849
2006-09-08,94.1906
2006-09-07,94.1888
2006-09-06,94.3048
2006-09-05,94.8992
2006-09-04,95.2016
2006-09-03,95.2016
2006-09-02,95.317
2006-09-01,95.3405
2006-08-31,95.0161
2006-08-30,94.7722
2006-08-29,94.7022
2006-08-28,94.5508
2006-08-27,94.5508
2006-08-26,94.3652
2006-08-25,94.2405
2006-08-24,94.3967
2006-08-23,94.5026
2006-08-22,94.1864
2006-08-21,93.9411
2006-08-20,93.9411
2006-08-19,94.0431
2006-08-18,94.0763
2006-08-17,93.9369
2006-08-16,93.8537
2006-08-15,93.7454
2006-08-14,93.5735
2006-08-13,93.5735
2006-08-12,93.6555
2006-08-11,93.874
2006-08-10,93.9629
2006-08-09,93.8363
2006-08-08,93.7019
2006-08-07,93.5437
2006-08-06,93.5317
2006-08-05,93.3924
2006-08-04,93.2314
2006-08-03,93.2131
2006-08-02,93.0509
2006-08-01,92.9588
2006-07-31,92.9936
2006-07-30,93.0863
2006-07-29,93.377
2006-07-28,93.5604
2006-07-27,93.5432
2006-07-26,93.7038
2006-07-25,93.8372
2006-07-24,93.9293
2006-07-23,93.9293
2006-07-22,93.8516
2006-07-21,93.7099
2006-07-20,93.6668
2006-07-19,93.8409
2006-07-18,94.0578
2006-07-17,94.0679
2006-07-16,94.0679
2006-07-15,93.8851
2006-07-14,93.5367
2006-07-13,93.1914
2006-07-12,92.9021
2006-07-11,93.0087
2006-07-10,93.2165
2006-07-09,93.3278
2006-07-08,93.6291
2006-07-07,93.7057
2006-07-06,93.7057
2006-07-05,93.5764
2006-07-04,93.5735
2006-07-03,93.5735
2006-07-02,93.4326
2006-07-01,93.2146
2006-06-30,93.3435
2006-06-29,93.4566
2006-06-28,93.4555
2006-06-27,93.3479
2006-06-26,93.2938
2006-06-25,93.2938
2006-06-24,93.2528
2006-06-23,93.0697
2006-06-22,92.8769
2006-06-21,93.0315
2006-06-20,93.4269
2006-06-19,93.5336
2006-06-18,93.4732
2006-06-17,93.3639
2006-06-16,93.3025
2006-06-15,93.0659
2006-06-14,92.7865
2006-06-13,92.6111
2006-06-12,92.5445
2006-06-11,92.5445
2006-06-10,92.641
2006-06-09,92.9384
2006-06-08,92.9964
2006-06-07,92.8867
2006-06-06,92.6207
2006-06-05,92.4862
2006-06-04,92.434
2006-06-03,92.3254
2006-06-02,92.3482
2006-06-01,92.3803
2006-05-31,92.0489
2006-05-30,91.8204
2006-05-29,91.9188
2006-05-28,91.9188
2006-05-27,92.0643
2006-05-26,92.46
2006-05-25,92.5153
2006-05-24,92.3154
2006-05-23,92.0986
2006-05-22,91.7954
2006-05-21,91.7954
2006-05-20,91.6384
2006-05-19,91.1888
2006-05-18,90.9053
2006-05-17,91.1738
2006-05-16,91.5593
2006-05-15,91.8473
2006-05-14,91.6143
2006-05-13,91.1351
2006-05-12,90.8714
2006-05-11,90.8714
2006-05-10,90.9849
2006-05-09,91.3613
2006-05-08,91.8036
2006-05-07,91.9999
2006-05-06,92.2299
2006-05-05,91.9513
2006-05-04,91.728
2006-05-03,91.6034
2006-05-02,91.6218
2006-05-01,91.8637
2006-04-30,91.554
2006-04-29,90.7854
2006-04-28,90.4193
2006-04-27,90.4835
2006-04-26,90.4855
2006-04-25,90.9656
2006-04-24,91.4008
2006-04-23,91.565
2006-04-22,92.0097
2006-04-21,92.3583
2006-04-20,92.2809
2006-04-19,92.0266
2006-04-18,91.5908
2006-04-17,91.3891
2006-04-16,91.3891
2006-04-15,91.3254
2006-04-14,91.1914
2006-04-13,91.0813
2006-04-12,90.9949
2006-04-11,90.9021
2006-04-10,90.8939
2006-04-09,90.9534
2006-04-08,91.1763
2006-04-07,91.3093
2006-04-06,90.93
2006-04-05,90.4798
2006-04-04,90.3324
2006-04-03,90.3164
2006-04-02,90.3246
2006-04-01,90.2623
2006-03-31,90.0834
2006-03-30,89.8121
2006-03-29,89.4222
2006-03-28,89.4042
2006-03-27,89.6209
2006-03-26,89.6209
2006-03-25,89.5905
2006-03-24,89.6533
2006-03-23,89.9656
2006-03-22,90.0011
2006-03-21,89.9142
2006-03-20,89.8335
2006-03-19,89.9971
2006-03-18,90.4174
2006-03-17,90.5363
2006-03-16,90.3255
2006-03-15,90.3959
2006-03-14,90.3945
2006-03-13,90.2424
2006-03-12,90.2424
2006-03-11,90.004
2006-03-10,89.8501
2006-03-09,89.9385
2006-03-08,90.1926
2006-03-07,90.0742
2006-03-06,89.6454
2006-03-05,89.6454
2006-03-04,89.197
2006-03-03,88.5802
2006-03-02,88.3222
2006-03-01,88.1107
2006-02-28,88.3701
2006-02-27,88.7464
2006-02-26,88.8891
2006-02-25,89.3855
2006-02-24,90.1206
2006-02-23,90.604
2006-02-22,90.5401
2006-02-21,90.2492
2006-02-20,90.0583
2006-02-19,90.0583
2006-02-18,89.9822
2006-02-17,89.9161
2006-02-16,89.8661
2006-02-15,89.9126
2006-02-14,90.1625
2006-02-13,90.1963
2006-02-12,90.4231
2006-02-11,90.9808
2006-02-10,91.1736
2006-02-09,91.0749
2006-02-08,91.3539
2006-02-07,91.7185
2006-02-06,91.8662
2006-02-05,91.9235
2006-02-04,91.9619
2006-02-03,91.7737
2006-02-02,91.5649
2006-02-01,91.3985
2006-01-31,91.3524
2006-01-30,91.419
2006-01-29,91.419
2006-01-28,91.5711
2006-01-27,91.4172
2006-01-26,91.1272
2006-01-25,90.8462
2006-01-24,90.5504
2006-01-23,90.1515
2006-01-22,90.1515
2006-01-21,89.8501
2006-01-20,89.9459
2006-01-19,90.0692
2006-01-18,89.8697
2006-01-17,89.6735
2006-01-16,89.3535
2006-01-15,89.3535
2006-01-14,89.2287
2006-01-13,89.3478
2006-01-12,89.5019
2006-01-11,89.6061
2006-01-10,89.8448
2006-01-09,90.1238
2006-01-08,90.3343
2006-01-07,90.7534
2006-01-06,90.447
2006-01-05,89.6961
2006-01-04,89.6523
2006-01-03,89.6435
2006-01-02,89.6082
2006-01-01,89.5509
2005-12-31,89.5086
2005-12-30,89.2477
2005-12-29,88.8446
2005-12-28,88.6895
2005-12-27,88.6895
2005-12-26,88.6895
2005-12-25,89.0273
2005-12-24,89.3702
2005-12-23,89.6141
2005-12-22,89.8533
2005-12-21,89.8185
2005-12-20,89.7991
2005-12-19,89.7991
2005-12-18,90.3905
2005-12-17,91.5246
2005-12-16,92.5414
2005-12-15,92.8885
2005-12-14,92.7709
2005-12-13,92.5789
2005-12-12,92.5789
2005-12-11,92.3723
2005-12-10,92.2098
2005-12-09,92.402
2005-12-08,92.3132
2005-12-07,91.837
2005-12-06,91.6023
2005-12-05,91.5484
2005-12-04,91.3635
2005-12-03,91.0978
2005-12-02,90.9837
2005-12-01,90.8803
2005-11-30,90.7138
2005-11-29,90.6568
2005-11-28,90.6568
2005-11-27,90.6044
2005-11-26,90.5837
2005-11-25,90.4528
2005-11-24,90.5621
2005-11-23,90.4647
2005-11-22,90.3235
2005-11-21,90.6559
2005-11-20,90.6221
2005-11-19,90.4345
2005-11-18,90.0722
2005-11-17,90.0455
2005-11-16,90.2381
2005-11-15,90.0497
2005-11-14,89.9093
2005-11-13,89.9695
2005-11-12,89.8418
2005-11-11,89.8418
2005-11-10,89.6348
2005-11-09,89.6743
2005-11-08,90.1971
2005-11-07,90.4168
2005-11-06,90.5204
2005-11-05,90.5984
2005-11-04,90.9065
2005-11-03,91.0693
2005-11-02,90.4798
2005-11-01,90.3172
2005-10-31,90.3067
2005-10-30,90.358
2005-10-29,90.4831
2005-10-28,90.5364
2005-10-27,90.2361
2005-10-26,89.9446
2005-10-25,89.6805
2005-10-24,89.6533
2005-10-23,89.6939
2005-10-22,89.6506
2005-10-21,89.3744
2005-10-20,89.0688
2005-10-19,89.0078
2005-10-18,88.9346
2005-10-17,88.8237
2005-10-16,88.7737
2005-10-15,88.8334
2005-10-14,88.8231
2005-10-13,88.8589
2005-10-12,88.8517
2005-10-11,88.9759
2005-10-10,88.9759
2005-10-09,89.0523
2005-10-08,89.0537
2005-10-07,88.7328
2005-10-06,87.9434
2005-10-05,87.7181
2005-10-04,87.681
2005-10-03,87.681
2005-10-02,87.7188
2005-10-01,87.59
2005-09-30,87.4419
2005-09-29,87.4643
2005-09-28,87.2719
2005-09-27,87.0392
2005-09-26,87.0736
2005-09-25,87.0551
2005-09-24,87.1221
2005-09-23,87.4057
2005-09-22,87.4973
2005-09-21,87.3567
2005-09-20,87.4693
2005-09-19,87.7076
2005-09-18,87.5769
2005-09-17,87.5769
2005-09-16,87.4632
2005-09-15,87.7174
2005-09-14,87.6927
2005-09-13,87.6569
2005-09-12,87.901
2005-09-11,88.4618
2005-09-10,88.4618
2005-09-09,88.732
2005-09-08,88.5775
2005-09-07,88.5974
2005-09-06,88.8323
2005-09-05,89.2316
2005-09-04,89.1951
2005-09-03,89.0382
2005-09-02,88.6911
2005-09-01,88.0664
2005-08-31,87.5293
2005-08-30,87.4135
2005-08-29,87.6293
2005-08-28,87.5643
2005-08-27,87.4066
2005-08-26,87.4066
2005-08-25,86.8676
2005-08-24,86.4163
2005-08-23,86.4753
2005-08-22,86.6737
2005-08-21,86.6604
2005-08-20,86.7396
2005-08-19,86.9853
2005-08-18,87.1595
2005-08-17,87.2178
2005-08-16,87.345
2005-08-15,87.7843
2005-08-14,87.7992
2005-08-13,87.7992
2005-08-12,88.0317
2005-08-11,88.3661
2005-08-10,88.9139
2005-08-09,88.835
2005-08-08,88.6837
2005-08-07,88.5966
2005-08-06,88.5966
2005-08-05,88.3028
2005-08-04,87.7441
2005-08-03,87.4516
2005-08-02,87.6201
2005-08-01,87.2914
2005-07-31,87.2342
2005-07-30,87.256
2005-07-29,87.0788
2005-07-28,86.7198
2005-07-27,86.3982
2005-07-26,85.9988
2005-07-25,85.8601
2005-07-24,85.8885
2005-07-23,85.8196
2005-07-22,86.4533
2005-07-21,87.3435
2005-07-20,86.6933
2005-07-19,86.5233
2005-07-18,86.6258
2005-07-17,86.6571
2005-07-16,86.8143
2005-07-15,86.9518
2005-07-14,86.9312
2005-07-13,87.083
2005-07-12,86.6377
2005-07-11,86.3788
2005-07-10,86.39
2005-07-09,86.2861
2005-07-08,86.2132
2005-07-07,85.9217
2005-07-06,85.6219
2005-07-05,85.8037
2005-07-04,86.1364
2005-07-03,86.1726
2005-07-02,86.276
2005-07-01,86.4046
2005-06-30,86.0536
2005-06-29,85.9278
2005-06-28,85.9035
2005-06-27,85.5015
2005-06-26,85.561
2005-06-25,85.4338
2005-06-24,85.2967
2005-06-23,85.5523
2005-06-22,85.7026
2005-06-21,86.0672
2005-06-20,86.2201
2005-06-19,86.3363
2005-06-18,86.102
2005-06-17,85.7399
2005-06-16,85.8346
2005-06-15,85.8899
2005-06-14,85.9566
2005-06-13,85.5988
2005-06-12,85.6546
2005-06-11,85.6192
2005-06-10,85.5921
2005-06-09,85.527
2005-06-08,85.5841
2005-06-07,85.7452
2005-06-06,85.9537
2005-06-05,85.9524
2005-06-04,86.1504
2005-06-03,86.5615
2005-06-02,86.7441
2005-06-01,87.0334
2005-05-31,87.297
2005-05-30,87.6288
2005-05-29,87.7514
2005-05-28,87.5548
2005-05-27,87.4748
2005-05-26,87.7061
2005-05-25,87.4881
2005-05-24,87.5258
2005-05-23,87.6397
2005-05-22,87.6589
2005-05-21,87.8126
2005-05-20,87.936
2005-05-19,87.709
2005-05-18,87.5901
2005-05-17,87.5049
2005-05-16,87.6008
2005-05-15,87.602
2005-05-14,87.7767
2005-05-13,87.8193
2005-05-12,87.773
2005-05-11,87.7775
2005-05-10,87.411
2005-05-09,87.0935
2005-05-08,87.0893
2005-05-07,87.2382
2005-05-06,87.5874
2005-05-05,87.6663
2005-05-04,87.6676
2005-05-03,87.762
2005-05-02,87.8036
2005-05-01,87.6922
2005-04-30,88.1625
2005-04-29,88.8637
2005-04-28,88.9644
2005-04-27,89.1313
2005-04-26,89.0669
2005-04-25,89.4019
2005-04-24,89.7247
2005-04-23,89.9943
2005-04-22,90.4985
2005-04-21,90.6297
2005-04-20,90.508
2005-04-19,90.2126
2005-04-18,89.7102
2005-04-17,89.5587
2005-04-16,89.5587
2005-04-15,89.2514
2005-04-14,89.5934
2005-04-13,90.0145
2005-04-12,90.388
2005-04-11,90.4315
2005-04-10,90.4482
2005-04-09,90.2248
2005-04-08,90.0485
2005-04-07,89.9972
2005-04-06,89.6757
2005-04-05,89.4664
2005-04-04,89.2641
2005-04-03,89.1962
2005-04-02,89.5051
2005-04-01,89.6348
2005-03-31,89.5628
2005-03-30,89.3004
2005-03-29,88.8519
2005-03-28,88.6209
2005-03-27,88.6436
2005-03-26,88.5918
2005-03-25,88.5416
2005-03-24,88.7084
2005-03-23,89.0032
2005-03-22,89.4969
2005-03-21,89.9638
2005-03-20,89.9501
2005-03-19,90.0998
2005-03-18,90.388
2005-03-17,90.1618
2005-03-16,90.0221
2005-03-15,90.4103
2005-03-14,90.3291
2005-03-13,90.3283
2005-03-12,90.3283
2005-03-11,90.0347
2005-03-10,89.8762
2005-03-09,89.9093
2005-03-08,89.5251
2005-03-07,89.6136
2005-03-06,89.6092
2005-03-05,89.424
2005-03-04,89.1671
2005-03-03,89.3236
2005-03-02,89.7472
2005-03-01,90.2109
2005-02-28,90.5811
2005-02-27,90.5629
2005-02-26,90.3566
2005-02-25,90.1785
2005-02-24,90.0365
2005-02-23,89.6238
2005-02-22,89.2745
2005-02-21,89.2537
2005-02-20,89.2712
2005-02-19,89.2551
2005-02-18,89.0456
2005-02-17,88.3782
2005-02-16,87.7053
2005-02-15,87.5122
2005-02-14,87.2842
2005-02-13,87.3554
2005-02-12,87.4654
2005-02-11,87.3244
2005-02-10,86.7744
2005-02-09,86.291
2005-02-08,85.884
2005-02-07,86.009
2005-02-06,86.2523
2005-02-05,86.2523
2005-02-04,86.9467
2005-02-03,87.0436
2005-02-02,87.1178
2005-02-01,87.1318
2005-01-31,87.1318
2005-01-30,87.1357
2005-01-29,87.125
2005-01-28,87.018
2005-01-27,87.1193
2005-01-26,87.0456
2005-01-25,86.723
2005-01-24,86.6852
2005-01-23,86.6756
2005-01-22,86.7828
2005-01-21,86.8046
2005-01-20,86.5229
2005-01-19,86.2985
2005-01-18,86.353
2005-01-17,86.4414
2005-01-16,86.4748
2005-01-15,86.7643
2005-01-14,87.5197
2005-01-13,87.5952
2005-01-12,87.6865
2005-01-11,88.2855
2005-01-10,88.478
2005-01-09,88.475
2005-01-08,88.8275
2005-01-07,89.3023
2005-01-06,89.2431
2005-01-05,89.5221
2005-01-04,89.7047
2005-01-03,89.9935
2005-01-02,89.9218
2005-01-01,90.3544
