Date,CURRFX.AUDCHF.1
2015-03-06,0.754209
2015-03-05,0.75108
2015-03-04,0.746938
2015-03-03,0.744135
2015-03-02,0.745394
2015-02-27,0.746756
2015-02-26,0.744716
2015-02-25,0.739489
2015-02-24,0.738031
2015-02-23,0.736179
2015-02-20,0.735292
2015-02-19,0.731262
2015-02-18,0.726342
2015-02-17,0.723912
2015-02-16,0.7205
2015-02-13,0.716383
2015-02-12,0.71933
2015-02-11,0.720693
2015-02-10,0.721197
2015-02-09,0.7216
2015-02-06,0.720336
2015-02-05,0.718527
2015-02-04,0.718174
2015-02-03,0.719732
2015-02-02,0.715676
2015-01-30,0.717582
2015-01-29,0.718492
2015-01-28,0.710431
2015-01-27,0.699469
2015-01-26,0.696852
2015-01-23,0.702257
2015-01-22,0.712771
2015-01-21,0.716139
2015-01-20,0.709882
2015-01-19,0.734296
2015-01-16,0.803775
2015-01-15,0.829675
2015-01-14,0.830329
2015-01-13,0.831576
2015-01-12,0.829169
2015-01-09,0.821606
2015-01-08,0.817497
2015-01-07,0.815935
2015-01-06,0.811916
2015-01-05,0.81057
2015-01-02,0.811008
2015-01-01,0.809326
2014-12-31,0.805721
2014-12-30,0.802966
2014-12-29,0.801161
2014-12-26,0.799858
2014-12-25,0.799994
2014-12-24,0.799893
2014-12-23,0.800857
2014-12-22,0.799751
2014-12-19,0.793741
2014-12-18,0.789583
2014-12-17,0.792704
2014-12-16,0.794591
2014-12-15,0.797815
2014-12-12,0.803818
2014-12-11,0.80614
2014-12-10,0.808434
2014-12-09,0.812928
2014-12-08,0.815948
2014-12-05,0.818833
2014-12-04,0.819665
2014-12-03,0.819665
2014-12-02,0.819481
2014-12-01,0.822403
2014-11-28,0.823341
2014-11-27,0.824288
2014-11-26,0.832411
2014-11-25,0.839684
2014-11-24,0.835058
2014-11-21,0.826742
2014-11-20,0.832831
2014-11-19,0.839134
2014-11-18,0.84001
2014-11-17,0.840424
2014-11-14,0.841252
2014-11-13,0.838482
2014-11-12,0.835641
2014-11-11,0.834767
2014-11-10,0.832238
2014-11-07,0.831091
2014-11-06,0.835902
2014-11-05,0.840539
2014-11-04,0.843965
2014-11-03,0.844796
2014-10-31,0.840675
2014-10-30,0.83917
2014-10-29,0.837307
2014-10-28,0.83696
2014-10-27,0.837053
2014-10-24,0.835908
2014-10-23,0.833542
2014-10-22,0.830538
2014-10-21,0.828724
2014-10-20,0.827235
2014-10-17,0.828197
2014-10-16,0.832011
2014-10-15,0.833021
2014-10-14,0.832318
2014-10-13,0.83521
2014-10-10,0.841273
2014-10-09,0.842063
2014-10-08,0.842341
2014-10-07,0.840469
2014-10-06,0.839047
2014-10-03,0.836865
2014-10-02,0.833258
2014-10-01,0.831996
2014-09-30,0.831663
2014-09-29,0.834472
2014-09-26,0.835289
2014-09-25,0.834384
2014-09-24,0.834551
2014-09-23,0.837669
2014-09-22,0.840513
2014-09-19,0.843405
2014-09-18,0.845563
2014-09-17,0.843839
2014-09-16,0.843197
2014-09-15,0.848325
2014-09-12,0.856132
2014-09-11,0.85983
2014-09-10,0.867403
2014-09-09,0.871685
2014-09-08,0.86918
2014-09-05,0.860113
2014-09-04,0.855506
2014-09-03,0.856419
2014-09-02,0.858071
2014-09-01,0.856823
2014-08-29,0.8551
2014-08-28,0.853648
2014-08-27,0.85205
2014-08-26,0.851919
2014-08-25,0.849786
2014-08-22,0.847105
2014-08-21,0.846644
2014-08-20,0.845137
2014-08-19,0.842381
2014-08-18,0.842332
2014-08-15,0.843849
2014-08-14,0.842604
2014-08-13,0.840893
2014-08-12,0.840061
2014-08-11,0.841372
2014-08-08,0.845196
2014-08-07,0.847101
2014-08-06,0.845962
2014-08-05,0.844297
2014-08-04,0.844417
2014-08-01,0.847433
2014-07-31,0.850045
2014-07-30,0.85026
2014-07-29,0.850239
2014-07-28,0.850817
2014-07-25,0.851494
2014-07-24,0.848916
2014-07-23,0.844181
2014-07-22,0.843061
2014-07-21,0.842698
2014-07-18,0.84062
2014-07-17,0.838724
2014-07-16,0.837739
2014-07-15,0.837876
2014-07-14,0.837749
2014-07-11,0.838017
2014-07-10,0.839162
2014-07-09,0.83846
2014-07-08,0.837464
2014-07-07,0.836629
2014-07-04,0.837325
2014-07-03,0.839829
2014-07-02,0.838486
2014-07-01,0.838608
2014-06-30,0.840239
2014-06-27,0.839285
2014-06-26,0.838773
2014-06-25,0.841843
2014-06-24,0.842173
2014-06-23,0.840639
2014-06-20,0.840815
2014-06-19,0.840057
2014-06-18,0.842279
2014-06-17,0.845266
2014-06-16,0.845952
2014-06-13,0.845071
2014-06-12,0.843166
2014-06-11,0.839479
2014-06-10,0.835712
2014-06-09,0.833578
2014-06-06,0.832462
2014-06-05,0.831271
2014-06-04,0.830936
2014-06-03,0.831905
2014-06-02,0.833151
2014-05-30,0.831621
2014-05-29,0.829483
2014-05-28,0.828293
2014-05-27,0.827181
2014-05-26,0.826705
2014-05-23,0.825375
2014-05-22,0.825506
2014-05-21,0.830455
2014-05-20,0.834783
2014-05-19,0.835442
2014-05-16,0.834646
2014-05-15,0.833611
2014-05-14,0.831207
2014-05-13,0.830542
2014-05-12,0.826614
2014-05-09,0.819732
2014-05-08,0.816581
2014-05-07,0.814915
2014-05-06,0.814039
2014-05-05,0.815305
2014-05-02,0.817215
2014-05-01,0.817589
2014-04-30,0.81618
2014-04-29,0.817047
2014-04-28,0.818219
2014-04-25,0.819907
2014-04-24,0.823868
2014-04-23,0.826535
2014-04-22,0.824479
2014-04-21,0.824349
2014-04-18,0.824058
2014-04-17,0.824974
2014-04-16,0.825891
2014-04-15,0.82464
2014-04-14,0.824247
2014-04-11,0.82694
2014-04-10,0.826374
2014-04-09,0.825489
2014-04-08,0.827023
2014-04-07,0.825587
2014-04-04,0.818971
2014-04-03,0.817656
2014-04-02,0.818399
2014-04-01,0.819442
2014-03-31,0.819595
2014-03-28,0.816696
2014-03-27,0.811391
2014-03-26,0.805849
2014-03-25,0.80337
2014-03-24,0.799885
2014-03-21,0.796928
2014-03-20,0.796053
2014-03-19,0.793539
2014-03-18,0.790193
2014-03-17,0.78888
2014-03-14,0.788393
2014-03-13,0.788206
2014-03-12,0.792682
2014-03-11,0.794227
2014-03-10,0.797827
2014-03-07,0.799063
2014-03-06,0.794024
2014-03-05,0.789018
2014-03-04,0.785624
2014-03-03,0.789612
2014-02-28,0.797125
2014-02-27,0.799953
2014-02-26,0.800167
2014-02-25,0.797841
2014-02-24,0.797433
2014-02-21,0.799215
2014-02-20,0.802524
2014-02-19,0.805296
2014-02-18,0.806115
2014-02-17,0.805391
2014-02-14,0.807551
2014-02-13,0.811082
2014-02-12,0.805585
2014-02-11,0.803264
2014-02-10,0.806043
2014-02-07,0.807414
2014-02-06,0.803503
2014-02-05,0.797813
2014-02-04,0.793682
2014-02-03,0.791077
2014-01-31,0.787192
2014-01-30,0.787944
2014-01-29,0.785364
2014-01-28,0.779361
2014-01-27,0.784554
2014-01-24,0.80044
2014-01-23,0.804916
2014-01-22,0.801967
2014-01-21,0.800187
2014-01-20,0.799704
2014-01-17,0.80366
2014-01-16,0.81007
2014-01-15,0.813121
2014-01-14,0.81395
2014-01-13,0.810751
2014-01-10,0.809869
2014-01-09,0.810905
2014-01-08,0.80988
2014-01-07,0.810282
2014-01-06,0.805255
2014-01-03,0.795963
2014-01-02,0.793571
2014-01-01,0.792313
2013-12-31,0.790255
2013-12-30,0.792816
2013-12-27,0.797939
2013-12-26,0.799231
2013-12-25,0.799049
2013-12-24,0.799726
2013-12-23,0.797093
2013-12-20,0.791573
2013-12-19,0.790312
2013-12-18,0.792816
2013-12-17,0.795581
2013-12-16,0.798049
2013-12-13,0.802884
2013-12-12,0.809163
2013-12-11,0.810936
2013-12-10,0.811378
2013-12-09,0.812428
2013-12-06,0.81579
2013-12-05,0.821127
2013-12-04,0.826765
2013-12-03,0.826982
2013-12-02,0.825641
2013-11-29,0.826013
2013-11-28,0.828258
2013-11-27,0.832812
2013-11-26,0.832821
2013-11-25,0.839523
2013-11-22,0.85276
2013-11-21,0.857096
2013-11-20,0.857908
2013-11-19,0.857751
2013-11-18,0.856123
2013-11-15,0.854005
2013-11-14,0.854927
2013-11-13,0.859631
2013-11-12,0.863692
2013-11-11,0.865516
2013-11-08,0.86725
2013-11-07,0.86714
2013-11-06,0.865525
2013-11-05,0.863805
2013-11-04,0.859268
2013-11-01,0.85481
2013-10-31,0.852919
2013-10-30,0.854809
2013-10-29,0.856764
2013-10-28,0.856663
2013-10-25,0.860246
2013-10-24,0.866246
2013-10-23,0.871591
2013-10-22,0.87255
2013-10-21,0.871802
2013-10-18,0.870261
2013-10-17,0.870161
2013-10-16,0.866253
2013-10-15,0.861869
2013-10-14,0.861953
2013-10-11,0.858873
2013-10-10,0.855937
2013-10-09,0.853183
2013-10-08,0.853573
2013-10-07,0.85243
2013-10-04,0.846586
2013-10-03,0.847774
2013-10-02,0.84661
2013-10-01,0.843679
2013-09-30,0.847222
2013-09-27,0.853355
2013-09-26,0.855188
2013-09-25,0.857565
2013-09-24,0.857335
2013-09-23,0.858416
2013-09-20,0.86515
2013-09-19,0.865722
2013-09-18,0.864728
2013-09-17,0.86262
2013-09-16,0.860516
2013-09-13,0.864781
2013-09-12,0.867662
2013-09-11,0.864347
2013-09-10,0.861788
2013-09-09,0.860768
2013-09-06,0.858022
2013-09-05,0.851309
2013-09-04,0.841796
2013-09-03,0.833663
2013-09-02,0.828204
2013-08-30,0.826273
2013-08-29,0.823645
2013-08-28,0.829006
2013-08-27,0.832717
2013-08-26,0.831788
2013-08-23,0.83093
2013-08-22,0.832126
2013-08-21,0.841079
2013-08-20,0.84995
2013-08-19,0.851803
2013-08-16,0.852634
2013-08-15,0.850286
2013-08-14,0.847995
2013-08-13,0.848774
2013-08-12,0.843326
2013-08-09,0.832948
2013-08-08,0.830012
2013-08-07,0.829487
2013-08-06,0.82734
2013-08-05,0.829613
2013-08-02,0.834786
2013-08-01,0.840986
2013-07-31,0.851294
2013-07-30,0.859142
2013-07-29,0.859425
2013-07-26,0.860372
2013-07-25,0.865297
2013-07-24,0.866803
2013-07-23,0.86466
2013-07-22,0.864268
2013-07-19,0.866956
2013-07-18,0.868143
2013-07-17,0.866065
2013-07-16,0.85985
2013-07-15,0.863516
2013-07-12,0.880311
2013-07-11,0.888391
2013-07-10,0.882441
2013-07-09,0.875512
2013-07-08,0.871687
2013-07-05,0.866416
2013-07-04,0.866461
2013-07-03,0.869853
2013-07-02,0.866809
2013-07-01,0.868738
2013-06-28,0.875445
2013-06-27,0.86985
2013-06-26,0.864444
2013-06-25,0.862132
2013-06-24,0.860181
2013-06-21,0.863212
2013-06-20,0.873655
2013-06-19,0.878807
2013-06-18,0.884027
2013-06-17,0.879869
2013-06-14,0.876214
2013-06-13,0.876214
2013-06-12,0.878275
2013-06-11,0.885704
2013-06-10,0.890578
2013-06-07,0.898122
2013-06-06,0.911302
2013-06-05,0.920111
2013-06-04,0.919061
2013-06-03,0.918268
2013-05-31,0.927462
2013-05-30,0.932237
2013-05-29,0.932072
2013-05-28,0.927745
2013-05-27,0.933571
2013-05-24,0.944868
2013-05-23,0.94939
2013-05-22,0.94854
2013-05-21,0.947149
2013-05-20,0.948262
2013-05-17,0.953066
2013-05-16,0.95487
2013-05-15,0.953149
2013-05-14,0.95709
2013-05-13,0.958228
2013-05-10,0.956034
2013-05-09,0.956541
2013-05-08,0.959409
2013-05-07,0.963029
2013-05-06,0.960809
2013-05-03,0.955805
2013-05-02,0.962883
2013-05-01,0.968759
2013-04-30,0.969594
2013-04-29,0.971003
2013-04-26,0.973146
2013-04-25,0.967956
2013-04-24,0.961226
2013-04-23,0.959589
2013-04-22,0.960058
2013-04-19,0.95929
2013-04-18,0.958895
2013-04-17,0.96403
2013-04-16,0.971103
2013-04-15,0.977631
2013-04-12,0.981502
2013-04-11,0.978797
2013-04-10,0.974187
2013-04-09,0.970723
2013-04-08,0.976547
2013-04-05,0.988921
2013-04-04,0.991445
2013-04-03,0.98944
2013-04-02,0.988787
2013-04-01,0.990451
2013-03-29,0.993219
2013-03-28,0.994048
2013-03-27,0.990678
2013-03-26,0.984478
2013-03-25,0.983076
2013-03-22,0.983007
2013-03-21,0.98191
2013-03-20,0.981236
2013-03-19,0.9788
2013-03-18,0.980407
2013-03-15,0.983027
2013-03-14,0.977323
2013-03-13,0.974951
2013-03-12,0.97323
2013-03-11,0.972516
2013-03-08,0.969781
2013-03-07,0.966361
2013-03-06,0.960678
2013-03-05,0.959306
2013-03-04,0.959375
2013-03-01,0.95315
2013-02-28,0.952558
2013-02-27,0.955502
2013-02-26,0.957596
2013-02-25,0.956942
2013-02-22,0.952708
2013-02-21,0.953066
2013-02-20,0.952952
2013-02-19,0.950608
2013-02-18,0.950894
2013-02-15,0.950972
2013-02-14,0.946796
2013-02-13,0.943961
2013-02-12,0.945572
2013-02-11,0.944368
2013-02-08,0.940477
2013-02-07,0.942902
2013-02-06,0.946981
2013-02-05,0.946818
2013-02-04,0.946464
2013-02-01,0.952435
2013-01-31,0.961561
2013-01-30,0.965685
2013-01-29,0.969787
2013-01-28,0.969787
2013-01-25,0.97813
2013-01-24,0.980973
2013-01-23,0.98158
2013-01-22,0.981451
2013-01-21,0.981865
2013-01-18,0.98224
2013-01-17,0.98073
2013-01-16,0.972937
2013-01-15,0.964994
2013-01-14,0.966783
2013-01-11,0.97304
2013-01-10,0.970351
2013-01-09,0.968837
2013-01-08,0.969859
2013-01-07,0.968344
2013-01-04,0.962987
2013-01-03,0.953466
2013-01-02,0.949681
2013-01-01,0.948838
2012-12-31,0.947208
2012-12-28,0.947057
2012-12-27,0.948456
2012-12-26,0.94989
2012-12-25,0.951781
2012-12-24,0.953954
2012-12-21,0.957249
2012-12-20,0.961222
2012-12-19,0.966515
2012-12-18,0.968564
2012-12-17,0.972002
2012-12-14,0.97765
2012-12-13,0.980227
2012-12-12,0.979713
2012-12-11,0.980213
2012-12-10,0.977349
2012-12-07,0.971711
2012-12-06,0.969639
2012-12-05,0.967059
2012-12-04,0.965818
2012-12-03,0.968895
2012-11-30,0.971878
2012-11-29,0.973237
2012-11-28,0.971969
2012-11-27,0.970846
2012-11-26,0.971253
2012-11-23,0.973493
2012-11-22,0.976495
2012-11-21,0.978721
2012-11-20,0.978746
2012-11-19,0.977254
2012-11-16,0.980485
2012-11-15,0.98717
2012-11-14,0.988368
2012-11-13,0.986989
2012-11-12,0.985347
2012-11-09,0.984666
2012-11-08,0.98357
2012-11-07,0.980208
2012-11-06,0.974542
2012-11-05,0.970463
2012-11-02,0.966976
2012-11-01,0.966783
2012-10-31,0.968204
2012-10-30,0.969225
2012-10-29,0.968437
2012-10-26,0.965068
2012-10-25,0.960584
2012-10-24,0.956757
2012-10-23,0.957284
2012-10-22,0.958589
2012-10-19,0.956636
2012-10-18,0.954167
2012-10-17,0.955197
2012-10-16,0.955854
2012-10-15,0.958054
2012-10-12,0.962041
2012-10-11,0.959682
2012-10-10,0.954041
2012-10-09,0.948497
2012-10-08,0.950165
2012-10-05,0.957357
2012-10-04,0.96162
2012-10-03,0.969421
2012-10-02,0.974404
2012-10-01,0.97605
2012-09-28,0.975597
2012-09-27,0.9741
2012-09-26,0.975316
2012-09-25,0.975085
2012-09-24,0.973817
2012-09-21,0.970646
2012-09-20,0.970013
2012-09-19,0.971454
2012-09-18,0.975848
2012-09-17,0.979193
2012-09-14,0.981594
2012-09-13,0.980455
2012-09-12,0.979119
2012-09-11,0.979716
2012-09-10,0.979512
2012-09-07,0.977296
2012-09-06,0.976421
2012-09-05,0.978027
2012-09-04,0.981681
2012-09-03,0.987102
2012-08-31,0.9904
2012-08-30,0.993038
2012-08-29,0.99549
2012-08-28,0.99792
2012-08-27,1.0006
2012-08-24,1.00487
2012-08-23,1.00971
2012-08-22,1.01571
2012-08-21,1.01625
2012-08-20,1.01817
2012-08-17,1.02398
2012-08-16,1.02322
2012-08-15,1.02509
2012-08-14,1.03008
2012-08-13,1.03203
2012-08-10,1.02805
2012-08-09,1.02445
2012-08-08,1.02402
2012-08-07,1.02478
2012-08-06,1.02684
2012-08-03,1.02831
2012-08-02,1.02693
2012-08-01,1.02718
2012-07-31,1.02426
2012-07-30,1.02099
2012-07-27,1.01853
2012-07-26,1.01837
2012-07-25,1.01986
2012-07-24,1.02258
2012-07-23,1.02269
2012-07-20,1.01459
2012-07-19,1.00857
2012-07-18,1.00516
2012-07-17,1.00339
2012-07-16,1.00152
2012-07-13,1.00041
2012-07-12,1.00029
2012-07-11,0.996531
2012-07-10,0.996501
2012-07-09,0.995047
2012-07-06,0.987212
2012-07-05,0.981401
2012-07-04,0.977788
2012-07-03,0.973769
2012-07-02,0.971054
2012-06-29,0.969876
2012-06-28,0.967028
2012-06-27,0.963302
2012-06-26,0.961273
2012-06-25,0.962153
2012-06-22,0.96369
2012-06-21,0.964622
2012-06-20,0.963037
2012-06-19,0.958937
2012-06-18,0.955232
2012-06-15,0.952489
2012-06-14,0.953926
2012-06-13,0.95166
2012-06-12,0.951232
2012-06-11,0.951397
2012-06-08,0.948324
2012-06-07,0.943152
2012-06-06,0.937207
2012-06-05,0.936012
2012-06-04,0.939575
2012-06-01,0.943251
2012-05-31,0.943855
2012-05-30,0.943606
2012-05-29,0.939898
2012-05-28,0.935042
2012-05-25,0.93042
2012-05-24,0.928166
2012-05-23,0.928759
2012-05-22,0.925856
2012-05-21,0.929404
2012-05-18,0.937366
2012-05-17,0.936202
2012-05-16,0.934388
2012-05-15,0.933006
2012-05-14,0.934549
2012-05-11,0.935137
2012-05-10,0.93422
2012-05-09,0.937173
2012-05-08,0.937386
2012-05-07,0.937315
2012-05-04,0.940574
2012-05-03,0.940621
2012-05-02,0.942402
2012-05-01,0.947939
2012-04-30,0.946718
2012-04-27,0.941569
2012-04-26,0.939672
2012-04-25,0.940353
2012-04-24,0.943051
2012-04-23,0.945698
2012-04-20,0.949675
2012-04-19,0.950553
2012-04-18,0.950335
2012-04-17,0.953362
2012-04-16,0.952483
2012-04-13,0.947534
2012-04-12,0.943627
2012-04-11,0.944984
2012-04-10,0.94543
2012-04-09,0.944616
2012-04-06,0.942286
2012-04-05,0.939022
2012-04-04,0.939215
2012-04-03,0.938163
2012-04-02,0.936541
2012-03-30,0.940234
2012-03-29,0.945075
2012-03-28,0.950357
2012-03-27,0.95095
2012-03-26,0.950322
2012-03-23,0.951501
2012-03-22,0.956852
2012-03-21,0.964105
2012-03-20,0.969764
2012-03-19,0.970845
2012-03-16,0.972762
2012-03-15,0.970722
2012-03-14,0.967236
2012-03-13,0.968991
2012-03-12,0.970647
2012-03-09,0.969713
2012-03-08,0.969713
2012-03-07,0.973382
2012-03-06,0.978775
2012-03-05,0.978472
2012-03-02,0.971895
2012-03-01,0.9677
2012-02-29,0.96362
2012-02-28,0.959361
2012-02-27,0.961968
2012-02-24,0.96911
2012-02-23,0.972931
2012-02-22,0.978809
2012-02-21,0.984825
2012-02-20,0.987766
2012-02-17,0.988851
2012-02-16,0.98469
2012-02-15,0.98147
2012-02-14,0.979932
2012-02-13,0.980635
2012-02-10,0.985068
2012-02-09,0.987277
2012-02-08,0.988741
2012-02-07,0.988643
2012-02-06,0.986046
2012-02-03,0.980603
2012-02-02,0.976761
2012-02-01,0.972554
2012-01-31,0.971031
2012-01-30,0.97477
2012-01-27,0.977219
2012-01-26,0.974853
2012-01-25,0.975936
2012-01-24,0.980127
2012-01-23,0.978381
2012-01-20,0.977916
2012-01-19,0.984008
2012-01-18,0.985225
2012-01-17,0.982083
2012-01-16,0.982083
2012-01-13,0.980337
2012-01-12,0.979241
2012-01-11,0.975872
2012-01-10,0.97478
2012-01-09,0.976273
2012-01-06,0.972665
2012-01-05,0.968042
2012-01-04,0.963849
2012-01-03,0.959684
2012-01-02,0.955461
2011-12-30,0.951196
2011-12-29,0.949981
2011-12-28,0.950317
2011-12-27,0.950908
2011-12-26,0.948872
2011-12-23,0.944756
2011-12-22,0.938763
2011-12-21,0.931905
2011-12-20,0.932397
2011-12-19,0.93645
2011-12-16,0.941579
2011-12-15,0.945948
2011-12-14,0.94483
2011-12-13,0.942822
2011-12-12,0.945345
2011-12-09,0.948976
2011-12-08,0.948188
2011-12-07,0.944758
2011-12-06,0.942955
2011-12-05,0.938622
2011-12-02,0.931115
2011-12-01,0.923829
2011-11-30,0.916597
2011-11-29,0.910074
2011-11-28,0.900063
2011-11-25,0.894277
2011-11-24,0.897169
2011-11-23,0.905088
2011-11-22,0.913051
2011-11-21,0.92028
2011-11-18,0.926702
2011-11-17,0.929248
2011-11-16,0.928067
2011-11-15,0.925919
2011-11-14,0.9236
2011-11-11,0.922936
2011-11-10,0.927937
2011-11-09,0.929794
2011-11-08,0.924235
2011-11-07,0.915568
2011-11-04,0.913064
2011-11-03,0.917641
2011-11-02,0.920996
2011-11-01,0.922435
2011-10-31,0.923161
2011-10-28,0.918517
2011-10-27,0.915194
2011-10-26,0.920027
2011-10-25,0.917579
2011-10-24,0.917261
2011-10-21,0.922024
2011-10-20,0.921501
2011-10-19,0.917795
2011-10-18,0.920999
2011-10-17,0.918844
2011-10-14,0.910725
2011-10-13,0.905265
2011-10-12,0.903556
2011-10-11,0.904939
2011-10-10,0.901735
2011-10-07,0.890065
2011-10-06,0.878835
2011-10-05,0.875115
2011-10-04,0.878084
2011-10-03,0.878021
2011-09-30,0.881439
2011-09-29,0.887845
2011-09-28,0.888019
2011-09-27,0.885043
2011-09-26,0.889804
2011-09-23,0.903348
2011-09-22,0.910307
2011-09-21,0.905641
2011-09-20,0.905086
2011-09-19,0.903645
2011-09-16,0.899596
2011-09-15,0.905268
2011-09-14,0.912766
2011-09-13,0.920271
2011-09-12,0.922446
2011-09-09,0.914547
2011-09-08,0.893199
2011-09-07,0.853935
2011-09-06,0.834972
2011-09-05,0.845786
2011-09-02,0.86181
2011-09-01,0.869407
2011-08-31,0.86923
2011-08-30,0.859445
2011-08-29,0.844727
2011-08-26,0.831386
2011-08-25,0.829251
2011-08-24,0.823878
2011-08-23,0.819339
2011-08-22,0.821472
2011-08-19,0.830115
2011-08-18,0.828425
2011-08-17,0.821918
2011-08-16,0.815573
2011-08-15,0.787956
2011-08-12,0.754633
2011-08-11,0.750606
2011-08-10,0.76597
2011-08-09,0.790929
2011-08-08,0.807714
2011-08-05,0.82325
2011-08-04,0.833987
2011-08-03,0.855097
2011-08-02,0.866935
2011-08-01,0.872623
2011-07-29,0.88405
2011-07-28,0.881048
2011-07-27,0.876329
2011-07-26,0.880712
2011-07-25,0.886314
2011-07-22,0.882846
2011-07-21,0.87937
2011-07-20,0.870057
2011-07-19,0.865547
2011-07-18,0.870382
2011-07-15,0.878425
2011-07-14,0.884221
2011-07-13,0.888859
2011-07-12,0.896393
2011-07-11,0.901574
2011-07-08,0.902262
2011-07-07,0.901222
2011-07-06,0.907539
2011-07-05,0.911566
2011-07-04,0.906553
2011-07-01,0.890578
2011-06-30,0.879338
2011-06-29,0.87315
2011-06-28,0.873185
2011-06-27,0.87784
2011-06-24,0.886866
2011-06-23,0.891395
2011-06-22,0.893379
2011-06-21,0.897393
2011-06-20,0.899916
2011-06-17,0.900268
2011-06-16,0.900538
2011-06-15,0.891846
2011-06-14,0.888041
2011-06-13,0.888813
2011-06-10,0.890141
2011-06-09,0.89252
2011-06-08,0.895966
2011-06-07,0.895861
2011-06-06,0.894772
2011-06-03,0.900922
2011-06-02,0.908549
2011-06-01,0.910313
2011-05-31,0.910099
2011-05-30,0.913757
2011-05-27,0.921114
2011-05-26,0.924941
2011-05-25,0.93039
2011-05-24,0.93221
2011-05-23,0.9367
2011-05-20,0.937471
2011-05-19,0.935411
2011-05-18,0.937139
2011-05-17,0.940948
2011-05-16,0.943735
2011-05-13,0.947154
2011-05-12,0.95079
2011-05-11,0.943971
2011-05-10,0.9412
2011-05-09,0.934128
2011-05-06,0.925568
2011-05-05,0.93576
2011-05-04,0.944589
2011-05-03,0.949171
2011-05-02,0.950192
2011-04-29,0.950131
2011-04-28,0.94619
2011-04-27,0.945788
2011-04-26,0.949243
2011-04-25,0.951057
2011-04-22,0.950286
2011-04-21,0.946949
2011-04-20,0.942259
2011-04-19,0.942921
2011-04-18,0.941606
2011-04-15,0.939855
2011-04-14,0.941612
2011-04-13,0.948964
2011-04-12,0.957956
2011-04-11,0.958899
2011-04-08,0.958677
2011-04-07,0.955823
2011-04-06,0.955993
2011-04-05,0.958667
2011-04-04,0.955197
2011-04-01,0.948579
2011-03-31,0.946932
2011-03-30,0.94225
2011-03-29,0.944022
2011-03-28,0.936322
2011-03-25,0.919325
2011-03-24,0.912643
2011-03-23,0.909957
2011-03-22,0.903058
2011-03-21,0.892265
2011-03-18,0.892331
2011-03-17,0.910191
2011-03-16,0.923668
2011-03-15,0.937936
2011-03-14,0.940159
2011-03-11,0.938283
2011-03-10,0.941275
2011-03-09,0.94
2011-03-08,0.93818
2011-03-07,0.939002
2011-03-04,0.940354
2011-03-03,0.941205
2011-03-02,0.944996
2011-03-01,0.943631
2011-02-28,0.940711
2011-02-25,0.93538
2011-02-24,0.941131
2011-02-23,0.950736
2011-02-22,0.957564
2011-02-21,0.959257
2011-02-18,0.962339
2011-02-17,0.966464
2011-02-16,0.972456
2011-02-15,0.972554
2011-02-14,0.972554
2011-02-11,0.970841
2011-02-10,0.972833
2011-02-09,0.969974
2011-02-08,0.968976
2011-02-07,0.963406
2011-02-04,0.95112
2011-02-03,0.945981
2011-02-02,0.941849
2011-02-01,0.935879
2011-01-31,0.937104
2011-01-28,0.939105
2011-01-27,0.940798
2011-01-26,0.944322
2011-01-25,0.94836
2011-01-24,0.949766
2011-01-21,0.955808
2011-01-20,0.960544
2011-01-19,0.957293
2011-01-18,0.955253
2011-01-17,0.957265
2011-01-14,0.963563
2011-01-13,0.96029
2011-01-12,0.958784
2011-01-11,0.961576
2011-01-10,0.963436
2011-01-07,0.960842
2011-01-06,0.953983
2011-01-05,0.951435
2011-01-04,0.954494
2011-01-03,0.958421
2010-12-31,0.958421
2010-12-30,0.962529
2010-12-29,0.962767
2010-12-28,0.964626
2010-12-27,0.962235
2010-12-24,0.955791
2010-12-23,0.954826
2010-12-22,0.957744
2010-12-21,0.957695
2010-12-20,0.956684
2010-12-17,0.95574
2010-12-16,0.95816
2010-12-15,0.964105
2010-12-14,0.967022
2010-12-13,0.967818
2010-12-10,0.969225
2010-12-09,0.970098
2010-12-08,0.970842
2010-12-07,0.967895
2010-12-06,0.967274
2010-12-03,0.967281
2010-12-02,0.963511
2010-12-01,0.962241
2010-11-30,0.966195
2010-11-29,0.971965
2010-11-26,0.977078
2010-11-25,0.973499
2010-11-24,0.975569
2010-11-23,0.98041
2010-11-22,0.978088
2010-11-19,0.974867
2010-11-18,0.970842
2010-11-17,0.968839
2010-11-16,0.967623
2010-11-15,0.968743
2010-11-12,0.973608
2010-11-11,0.974744
2010-11-10,0.976456
2010-11-09,0.977218
2010-11-08,0.977359
2010-11-05,0.97661
2010-11-04,0.979018
2010-11-03,0.979397
2010-11-02,0.971837
2010-11-01,0.96515
2010-10-29,0.961972
2010-10-28,0.962383
2010-10-27,0.965202
2010-10-26,0.96304
2010-10-25,0.956169
2010-10-22,0.947565
2010-10-21,0.945649
2010-10-20,0.946619
2010-10-19,0.948898
2010-10-18,0.949252
2010-10-15,0.947039
2010-10-14,0.946299
2010-10-13,0.946325
2010-10-12,0.948588
2010-10-11,0.948559
2010-10-08,0.945469
2010-10-07,0.937652
2010-10-06,0.937056
2010-10-05,0.944539
2010-10-04,0.946981
2010-10-01,0.946594
2010-09-30,0.946004
2010-09-29,0.944996
2010-09-28,0.944551
2010-09-27,0.941103
2010-09-24,0.941393
2010-09-23,0.948093
2010-09-22,0.951198
2010-09-21,0.949595
2010-09-20,0.945054
2010-09-17,0.942552
2010-09-16,0.939041
2010-09-15,0.939839
2010-09-14,0.944576
2010-09-13,0.941702
2010-09-10,0.932163
2010-09-09,0.924625
2010-09-08,0.925249
2010-09-07,0.930477
2010-09-06,0.927792
2010-09-03,0.919806
2010-09-02,0.914061
2010-09-01,0.911839
2010-08-31,0.922192
2010-08-30,0.919348
2010-08-27,0.910253
2010-08-26,0.911781
2010-08-25,0.921198
2010-08-24,0.925093
2010-08-23,0.925739
2010-08-20,0.932596
2010-08-19,0.939568
2010-08-18,0.937155
2010-08-17,0.93317
2010-08-16,0.94028
2010-08-13,0.946587
2010-08-12,0.955116
2010-08-11,0.959168
2010-08-10,0.956092
2010-08-09,0.955875
2010-08-06,0.957773
2010-08-05,0.952494
2010-08-04,0.94776
2010-08-03,0.946612
2010-08-02,0.941381
2010-07-30,0.943196
2010-07-29,0.949101
2010-07-28,0.95083
2010-07-27,0.944155
2010-07-26,0.937831
2010-07-23,0.926444
2010-07-22,0.926039
2010-07-21,0.919709
2010-07-20,0.913183
2010-07-19,0.915716
2010-07-16,0.925465
2010-07-15,0.930611
2010-07-14,0.92762
2010-07-13,0.927792
2010-07-12,0.92505
2010-07-09,0.912914
2010-07-08,0.901558
2010-07-07,0.898286
2010-07-06,0.894423
2010-07-05,0.894718
2010-07-02,0.90441
2010-07-01,0.921831
2010-06-30,0.937195
2010-06-29,0.951357
2010-06-28,0.955957
2010-06-25,0.961709
2010-06-24,0.967972
2010-06-23,0.973836
2010-06-22,0.973168
2010-06-21,0.966558
2010-06-18,0.969352
2010-06-17,0.976127
2010-06-16,0.97836
2010-06-15,0.979325
2010-06-14,0.97312
2010-06-11,0.959885
2010-06-10,0.95015
2010-06-09,0.948535
2010-06-08,0.952423
2010-06-07,0.964269
2010-06-04,0.97179
2010-06-03,0.966426
2010-06-02,0.972159
2010-06-01,0.979329
2010-05-31,0.977503
2010-05-28,0.965913
2010-05-27,0.954715
2010-05-26,0.952573
2010-05-25,0.959353
2010-05-24,0.955767
2010-05-21,0.960951
2010-05-20,0.981031
2010-05-19,0.99269
2010-05-18,0.999131
2010-05-17,1.00305
2010-05-14,0.997483
2010-05-13,0.993749
2010-05-12,0.995871
2010-05-11,0.991049
2010-05-10,0.98952
2010-05-07,1.0032
2010-05-06,1.0055
2010-05-05,1.00253
2010-05-04,1.00086
2010-05-03,0.999039
2010-04-30,1.00331
2010-04-29,0.998986
2010-04-28,0.995944
2010-04-27,0.996995
2010-04-26,0.995199
2010-04-23,0.995214
2010-04-22,0.99335
2010-04-21,0.98679
2010-04-20,0.979996
2010-04-19,0.982948
2010-04-16,0.985137
2010-04-15,0.981448
2010-04-14,0.981105
2010-04-13,0.988169
2010-04-12,0.994786
2010-04-09,0.994929
2010-04-08,0.991704
2010-04-07,0.98394
2010-04-06,0.976947
2010-04-05,0.972744
2010-04-02,0.968107
2010-04-01,0.972786
2010-03-31,0.975927
2010-03-30,0.968365
2010-03-29,0.967262
2010-03-26,0.975085
2010-03-25,0.972975
2010-03-24,0.970266
2010-03-23,0.97
2010-03-22,0.972766
2010-03-19,0.973623
2010-03-18,0.970491
2010-03-17,0.968795
2010-03-16,0.96892
2010-03-15,0.972663
2010-03-12,0.980587
2010-03-11,0.981883
2010-03-10,0.978561
2010-03-09,0.975579
2010-03-08,0.971945
2010-03-05,0.967527
2010-03-04,0.97071
2010-03-03,0.972229
2010-03-02,0.966293
2010-03-01,0.961263
2010-02-26,0.961962
2010-02-25,0.965427
2010-02-24,0.968973
2010-02-23,0.968053
2010-02-22,0.967878
2010-02-19,0.967804
2010-02-18,0.963994
2010-02-17,0.960171
2010-02-16,0.956708
2010-02-15,0.951989
2010-02-12,0.941845
2010-02-11,0.933038
2010-02-10,0.931038
2010-02-09,0.931248
2010-02-08,0.931314
2010-02-05,0.932767
2010-02-04,0.93536
2010-02-03,0.935814
2010-02-02,0.937138
2010-02-01,0.939862
2010-01-29,0.943441
2010-01-28,0.940431
2010-01-27,0.940001
2010-01-26,0.940078
2010-01-25,0.942692
2010-01-22,0.950928
2010-01-21,0.951159
2010-01-20,0.949528
2010-01-19,0.947505
2010-01-18,0.946459
2010-01-15,0.943983
2010-01-14,0.940673
2010-01-13,0.943839
2010-01-12,0.946832
2010-01-11,0.947568
2010-01-08,0.946883
2010-01-07,0.943232
2010-01-06,0.938422
2010-01-05,0.932658
2010-01-04,0.928945
2010-01-01,0.927466
2009-12-31,0.925342
2009-12-30,0.920947
2009-12-29,0.917155
2009-12-28,0.916099
2009-12-25,0.916099
2009-12-24,0.918278
2009-12-23,0.921422
2009-12-22,0.924979
2009-12-21,0.929448
2009-12-18,0.933515
2009-12-17,0.939109
2009-12-16,0.942732
2009-12-15,0.942601
2009-12-14,0.94262
2009-12-11,0.935535
2009-12-10,0.930219
2009-12-09,0.930061
2009-12-08,0.929691
2009-12-07,0.929078
2009-12-04,0.926988
2009-12-03,0.924416
2009-12-02,0.920134
2009-12-01,0.915467
2009-11-30,0.915025
2009-11-27,0.924169
2009-11-26,0.930098
2009-11-25,0.930473
2009-11-24,0.931804
2009-11-23,0.932877
2009-11-20,0.937671
2009-11-19,0.942394
2009-11-18,0.942859
2009-11-17,0.94389
2009-11-16,0.943246
2009-11-13,0.938817
2009-11-12,0.936725
2009-11-11,0.936525
2009-11-10,0.93585
2009-11-09,0.930868
2009-11-06,0.924826
2009-11-05,0.925696
2009-11-04,0.923667
2009-11-03,0.923263
2009-11-02,0.924403
2009-10-30,0.926889
2009-10-29,0.930437
2009-10-28,0.933496
2009-10-27,0.930808
2009-10-26,0.93072
2009-10-23,0.932286
2009-10-22,0.935295
2009-10-21,0.936355
2009-10-20,0.934524
2009-10-19,0.932871
2009-10-16,0.931423
2009-10-15,0.929538
2009-10-14,0.930327
2009-10-13,0.93178
2009-10-12,0.930406
2009-10-09,0.92363
2009-10-08,0.91416
2009-10-07,0.907113
2009-10-06,0.899715
2009-10-05,0.901817
2009-10-02,0.912637
2009-10-01,0.907781
2009-09-30,0.899919
2009-09-29,0.893283
2009-09-28,0.89256
2009-09-25,0.894097
2009-09-24,0.894815
2009-09-23,0.893492
2009-09-22,0.892522
2009-09-21,0.895863
2009-09-18,0.899455
2009-09-17,0.896024
2009-09-16,0.891776
2009-09-15,0.893476
2009-09-14,0.89603
2009-09-11,0.896854
2009-09-10,0.901874
2009-09-09,0.903903
2009-09-08,0.903903
2009-09-07,0.896852
2009-09-04,0.886947
2009-09-03,0.886262
2009-09-02,0.889234
2009-09-01,0.891084
2009-08-31,0.889677
2009-08-28,0.886706
2009-08-27,0.88695
2009-08-26,0.888813
2009-08-25,0.887496
2009-08-24,0.884179
2009-08-21,0.885117
2009-08-20,0.886039
2009-08-19,0.887018
2009-08-18,0.888741
2009-08-17,0.895487
2009-08-14,0.897792
2009-08-13,0.897193
2009-08-12,0.90487
2009-08-11,0.906505
2009-08-10,0.901162
2009-08-07,0.894281
2009-08-06,0.893986
2009-08-05,0.893986
2009-08-04,0.893938
2009-08-03,0.893465
2009-07-31,0.891274
2009-07-30,0.886351
2009-07-29,0.883298
2009-07-28,0.877617
2009-07-27,0.875035
2009-07-24,0.872435
2009-07-23,0.870199
2009-07-22,0.868717
2009-07-21,0.866328
2009-07-20,0.863175
2009-07-17,0.862362
2009-07-16,0.859964
2009-07-15,0.850551
2009-07-14,0.845953
2009-07-13,0.846908
2009-07-10,0.850743
2009-07-09,0.858592
2009-07-08,0.86431
2009-07-07,0.864258
2009-07-06,0.866039
2009-07-03,0.868521
2009-07-02,0.874459
2009-07-01,0.875615
2009-06-30,0.873954
2009-06-29,0.875149
2009-06-26,0.869186
2009-06-25,0.855009
2009-06-24,0.854994
2009-06-23,0.867435
2009-06-22,0.868465
2009-06-19,0.861505
2009-06-18,0.863189
2009-06-17,0.868492
2009-06-16,0.873614
2009-06-15,0.876064
2009-06-12,0.872349
2009-06-11,0.866615
2009-06-10,0.863148
2009-06-09,0.861995
2009-06-08,0.859805
2009-06-05,0.862297
2009-06-04,0.870416
2009-06-03,0.865748
2009-06-02,0.859502
2009-06-01,0.85327
2009-05-29,0.85146
2009-05-28,0.850261
2009-05-27,0.846591
2009-05-26,0.847822
2009-05-25,0.849997
2009-05-22,0.853064
2009-05-21,0.85695
2009-05-20,0.85369
2009-05-19,0.843988
2009-05-18,0.838367
2009-05-15,0.838039
2009-05-14,0.842858
2009-05-13,0.84457
2009-05-12,0.847622
2009-05-11,0.852358
2009-05-08,0.850387
2009-05-07,0.840075
2009-05-06,0.836599
2009-05-05,0.832482
2009-05-04,0.829377
2009-05-01,0.823871
2009-04-30,0.814942
2009-04-29,0.815586
2009-04-28,0.821095
2009-04-27,0.823584
2009-04-24,0.823751
2009-04-23,0.823208
2009-04-22,0.825024
2009-04-21,0.835703
2009-04-20,0.837273
2009-04-17,0.826661
2009-04-16,0.824741
2009-04-15,0.830167
2009-04-14,0.832247
2009-04-13,0.826853
2009-04-10,0.81684
2009-04-09,0.812136
2009-04-08,0.810208
2009-04-07,0.808537
2009-04-06,0.808051
2009-04-03,0.800793
2009-04-02,0.790074
2009-04-01,0.787562
2009-03-31,0.788531
2009-03-30,0.791665
2009-03-27,0.786924
2009-03-26,0.78841
2009-03-25,0.788724
2009-03-24,0.780334
2009-03-23,0.774224
2009-03-20,0.775229
2009-03-19,0.778884
2009-03-18,0.781458
2009-03-17,0.78113
2009-03-16,0.770156
2009-03-13,0.753171
2009-03-12,0.746156
2009-03-11,0.739524
2009-03-10,0.740562
2009-03-09,0.746269
2009-03-06,0.753825
2009-03-05,0.752351
2009-03-04,0.747727
2009-03-03,0.745342
2009-03-02,0.75197
2009-02-27,0.757684
2009-02-26,0.754102
2009-02-25,0.750091
2009-02-24,0.74742
2009-02-23,0.750127
2009-02-20,0.753628
2009-02-19,0.749632
2009-02-18,0.75389
2009-02-17,0.759618
2009-02-16,0.760438
2009-02-13,0.757737
2009-02-12,0.765505
2009-02-11,0.779356
2009-02-10,0.782476
2009-02-09,0.771815
2009-02-06,0.749452
2009-02-05,0.742447
2009-02-04,0.737681
2009-02-03,0.73609
2009-02-02,0.745672
2009-01-30,0.760129
2009-01-29,0.75868
2009-01-28,0.755642
2009-01-27,0.756539
2009-01-26,0.756131
2009-01-23,0.754315
2009-01-22,0.749492
2009-01-21,0.755435
2009-01-20,0.756637
2009-01-19,0.748093
2009-01-16,0.742473
2009-01-15,0.749383
2009-01-14,0.758801
2009-01-13,0.77531
2009-01-12,0.780738
2009-01-09,0.784816
2009-01-08,0.797518
2009-01-07,0.79076
2009-01-06,0.774337
2009-01-05,0.762604
2009-01-02,0.745699
2009-01-01,0.732987
2008-12-31,0.728531
2008-12-30,0.729313
2008-12-29,0.733733
2008-12-26,0.736239
2008-12-25,0.739278
2008-12-24,0.746942
2008-12-23,0.750942
2008-12-22,0.751398
2008-12-19,0.758925
2008-12-18,0.772144
2008-12-17,0.77597
2008-12-16,0.778596
2008-12-15,0.781938
2008-12-12,0.791248
2008-12-11,0.793795
2008-12-10,0.796551
2008-12-09,0.79481
2008-12-08,0.787186
2008-12-05,0.780253
2008-12-04,0.776161
2008-12-03,0.77623
2008-12-02,0.787014
2008-12-01,0.790981
2008-11-28,0.780425
2008-11-27,0.772518
2008-11-26,0.771522
2008-11-25,0.771707
2008-11-24,0.770798
2008-11-21,0.771551
2008-11-20,0.779541
2008-11-19,0.776535
2008-11-18,0.775629
2008-11-17,0.770659
2008-11-14,0.767967
2008-11-13,0.780852
2008-11-12,0.793628
2008-11-11,0.801836
2008-11-10,0.793666
2008-11-07,0.797557
2008-11-06,0.803669
2008-11-05,0.79143
2008-11-04,0.780041
2008-11-03,0.771173
2008-10-31,0.75934
2008-10-30,0.733768
2008-10-29,0.713542
2008-10-28,0.717326
2008-10-27,0.744024
2008-10-24,0.776881
2008-10-23,0.787126
2008-10-22,0.796028
2008-10-21,0.790931
2008-10-20,0.774623
2008-10-17,0.769783
2008-10-16,0.79253
2008-10-15,0.786043
2008-10-14,0.752016
2008-10-13,0.752155
2008-10-10,0.779663
2008-10-09,0.796404
2008-10-08,0.832203
2008-10-07,0.857519
2008-10-06,0.879065
2008-10-03,0.888502
2008-10-02,0.887173
2008-10-01,0.888643
2008-09-30,0.902623
2008-09-29,0.907717
2008-09-26,0.909287
2008-09-25,0.908264
2008-09-24,0.910648
2008-09-23,0.918592
2008-09-22,0.906115
2008-09-19,0.882261
2008-09-18,0.888221
2008-09-17,0.89372
2008-09-16,0.918089
2008-09-15,0.921574
2008-09-12,0.908019
2008-09-11,0.912027
2008-09-10,0.919574
2008-09-09,0.92088
2008-09-08,0.916778
2008-09-05,0.922626
2008-09-04,0.926333
2008-09-03,0.933782
2008-09-02,0.941358
2008-09-01,0.945131
2008-08-29,0.944336
2008-08-28,0.942436
2008-08-27,0.945968
2008-08-26,0.950964
2008-08-25,0.953078
2008-08-22,0.955092
2008-08-21,0.953565
2008-08-20,0.952993
2008-08-19,0.952576
2008-08-18,0.949478
2008-08-15,0.947692
2008-08-14,0.948372
2008-08-13,0.956745
2008-08-12,0.960643
2008-08-11,0.962156
2008-08-08,0.963531
2008-08-07,0.966388
2008-08-06,0.971709
2008-08-05,0.975754
2008-08-04,0.980193
2008-08-01,0.989685
2008-07-31,0.991487
2008-07-30,0.990713
2008-07-29,0.990336
2008-07-28,0.992702
2008-07-25,0.997229
2008-07-24,0.997835
2008-07-23,0.995247
2008-07-22,0.994632
2008-07-21,0.992462
2008-07-18,0.990765
2008-07-17,0.988039
2008-07-16,0.988064
2008-07-15,0.985697
2008-07-14,0.9843
2008-07-11,0.986245
2008-07-10,0.982505
2008-07-09,0.982717
2008-07-08,0.986891
2008-07-07,0.984557
2008-07-04,0.97804
2008-07-03,0.976176
2008-07-02,0.976514
2008-07-01,0.979182
2008-06-30,0.98295
2008-06-27,0.991543
2008-06-26,0.994969
2008-06-25,0.993404
2008-06-24,0.990301
2008-06-23,0.986781
2008-06-20,0.984375
2008-06-19,0.982387
2008-06-18,0.981877
2008-06-17,0.982273
2008-06-16,0.979982
2008-06-13,0.978812
2008-06-12,0.982769
2008-06-11,0.980482
2008-06-10,0.979734
2008-06-09,0.986514
2008-06-06,0.996902
2008-06-05,0.994385
2008-06-04,0.992109
2008-06-03,0.994528
2008-06-02,0.998103
2008-05-30,0.997972
2008-05-29,0.990558
2008-05-28,0.985385
2008-05-27,0.98338
2008-05-26,0.984074
2008-05-23,0.989344
2008-05-22,0.996281
2008-05-21,1.00084
2008-05-20,1.00067
2008-05-19,0.995456
2008-05-16,0.9867
2008-05-15,0.988353
2008-05-14,0.987333
2008-05-13,0.983925
2008-05-12,0.986279
2008-05-09,0.995027
2008-05-08,0.996844
2008-05-07,0.993474
2008-05-06,0.990236
2008-05-05,0.984208
2008-05-02,0.975096
2008-05-01,0.970545
2008-04-30,0.968646
2008-04-29,0.967804
2008-04-28,0.966234
2008-04-25,0.963547
2008-04-24,0.954398
2008-04-23,0.951189
2008-04-22,0.951954
2008-04-21,0.946757
2008-04-18,0.93702
2008-04-17,0.931202
2008-04-16,0.926198
2008-04-15,0.926725
2008-04-14,0.929981
2008-04-11,0.93423
2008-04-10,0.938842
2008-04-09,0.938187
2008-04-08,0.935488
2008-04-07,0.927325
2008-04-04,0.923964
2008-04-03,0.917228
2008-04-02,0.910683
2008-04-01,0.910778
2008-03-31,0.913055
2008-03-28,0.915946
2008-03-27,0.921696
2008-03-26,0.922284
2008-03-25,0.915118
2008-03-24,0.911383
2008-03-21,0.918199
2008-03-20,0.920529
2008-03-19,0.911564
2008-03-18,0.920198
2008-03-17,0.940652
2008-03-14,0.951926
2008-03-13,0.951116
2008-03-12,0.942971
2008-03-11,0.946813
2008-03-10,0.955538
2008-03-07,0.964114
2008-03-06,0.965091
2008-03-05,0.968977
2008-03-04,0.968977
2008-03-03,0.980184
2008-02-29,1.00104
2008-02-28,1.00533
2008-02-27,1.00769
2008-02-26,1.00423
2008-02-25,1.00472
2008-02-22,1.00742
2008-02-21,1.00686
2008-02-20,1.00581
2008-02-19,0.997963
2008-02-18,0.994716
2008-02-15,0.995417
2008-02-14,0.994673
2008-02-13,0.995022
2008-02-12,0.990799
2008-02-11,0.985438
2008-02-08,0.982704
2008-02-07,0.986404
2008-02-06,0.988914
2008-02-05,0.986338
2008-02-04,0.977362
2008-02-01,0.96747
2008-01-31,0.970274
2008-01-30,0.967115
2008-01-29,0.96317
2008-01-28,0.959713
2008-01-25,0.951529
2008-01-24,0.950119
2008-01-23,0.956026
2008-01-22,0.963074
2008-01-21,0.967488
2008-01-18,0.967246
2008-01-17,0.968283
2008-01-16,0.980272
2008-01-15,0.98158
2008-01-14,0.98242
2008-01-11,0.983466
2008-01-10,0.980969
2008-01-09,0.976474
2008-01-08,0.968886
2008-01-07,0.974089
2008-01-04,0.987456
2008-01-03,0.991787
2008-01-02,0.991397
2008-01-01,0.988795
2007-12-31,0.99389
2007-12-28,1.00551
2007-12-27,1.00755
2007-12-26,1.00698
2007-12-25,1.0039
2007-12-24,0.998654
2007-12-21,0.992856
2007-12-20,0.991374
2007-12-19,0.990472
2007-12-18,0.992326
2007-12-17,0.995248
2007-12-14,0.998723
2007-12-13,0.998193
2007-12-12,0.997618
2007-12-11,0.990138
2007-12-10,0.9873
2007-12-07,0.981288
2007-12-06,0.978691
2007-12-05,0.988338
2007-12-04,0.997366
2007-12-03,0.995008
2007-11-30,0.981601
2007-11-29,0.970407
2007-11-28,0.965972
2007-11-27,0.970461
2007-11-26,0.965501
2007-11-23,0.965998
2007-11-22,0.977669
2007-11-21,0.989561
2007-11-20,0.996959
2007-11-19,1.00055
2007-11-16,1.00815
2007-11-15,1.00791
2007-11-14,1.0028
2007-11-13,1.01221
2007-11-12,1.03235
2007-11-09,1.05341
2007-11-08,1.06224
2007-11-07,1.06121
2007-11-06,1.06208
2007-11-05,1.0685
2007-11-02,1.07326
2007-11-01,1.06991
2007-10-31,1.07125
2007-10-30,1.07138
2007-10-29,1.06481
2007-10-26,1.05659
2007-10-25,1.05228
2007-10-24,1.04286
2007-10-23,1.03555
2007-10-22,1.04208
2007-10-19,1.049
2007-10-18,1.05226
2007-10-17,1.06045
2007-10-16,1.06999
2007-10-15,1.06906
2007-10-12,1.06405
2007-10-11,1.06225
2007-10-10,1.06134
2007-10-09,1.06011
2007-10-08,1.05234
2007-10-05,1.04245
2007-10-04,1.0418
2007-10-03,1.03962
2007-10-02,1.03664
2007-10-01,1.03158
2007-09-28,1.02571
2007-09-27,1.0183
2007-09-26,1.01525
2007-09-25,1.01646
2007-09-24,1.01514
2007-09-21,1.01151
2007-09-20,1.00184
2007-09-19,0.993241
2007-09-18,0.999209
2007-09-17,0.999546
2007-09-14,0.994571
2007-09-13,0.988621
2007-09-12,0.980271
2007-09-11,0.978701
2007-09-10,0.986373
2007-09-07,0.993712
2007-09-06,0.99647
2007-09-05,0.995018
2007-09-04,0.990503
2007-09-03,0.986841
2007-08-31,0.980831
2007-08-30,0.981741
2007-08-29,0.99265
2007-08-28,0.996234
2007-08-27,0.989811
2007-08-24,0.978168
2007-08-23,0.967911
2007-08-22,0.965777
2007-08-21,0.96421
2007-08-20,0.968234
2007-08-17,0.986763
2007-08-16,1.00789
2007-08-15,1.01308
2007-08-14,1.01344
2007-08-13,1.01816
2007-08-10,1.02674
2007-08-09,1.0244
2007-08-08,1.01851
2007-08-07,1.01597
2007-08-06,1.02217
2007-08-03,1.02698
2007-08-02,1.02613
2007-08-01,1.03067
2007-07-31,1.02717
2007-07-30,1.04474
2007-07-27,1.06814
2007-07-26,1.06709
2007-07-25,1.06356
2007-07-24,1.05944
2007-07-23,1.05639
2007-07-20,1.05375
2007-07-19,1.0507
2007-07-18,1.04912
2007-07-17,1.04819
2007-07-16,1.04458
2007-07-13,1.03772
2007-07-12,1.03885
2007-07-11,1.04454
2007-07-10,1.04582
2007-07-09,1.04426
2007-07-06,1.04245
2007-07-05,1.041
2007-07-04,1.0395
2007-07-03,1.03894
2007-07-02,1.03699
2007-06-29,1.03515
2007-06-28,1.03648
2007-06-27,1.04166
2007-06-26,1.04207
2007-06-25,1.0441
2007-06-22,1.04836
2007-06-21,1.04795
2007-06-20,1.04667
2007-06-19,1.04439
2007-06-18,1.04439
2007-06-15,1.04352
2007-06-14,1.04516
2007-06-13,1.04446
2007-06-12,1.04316
2007-06-11,1.03885
2007-06-08,1.02813
2007-06-07,1.02281
2007-06-06,1.02137
2007-06-05,1.02293
2007-06-04,1.01987
2007-06-01,1.00852
2007-05-31,1.00413
2007-05-30,1.00468
2007-05-29,1.00541
2007-05-28,1.00666
2007-05-25,1.00981
2007-05-24,1.01028
2007-05-23,1.01036
2007-05-22,1.01015
2007-05-21,1.0096
2007-05-18,1.00958
2007-05-17,1.01163
2007-05-16,1.01437
2007-05-15,1.01455
2007-05-14,1.01314
2007-05-11,1.01097
2007-05-10,1.00764
2007-05-09,1.00236
2007-05-08,0.996597
2007-05-07,0.997159
2007-05-04,1.00129
2007-05-03,1.00302
2007-05-02,1.00189
2007-05-01,1.00018
2007-04-30,1.00121
2007-04-27,1.00118
2007-04-26,0.999609
2007-04-25,1.00293
2007-04-24,1.00984
2007-04-23,1.0092
2007-04-20,1.00568
2007-04-19,1.00917
2007-04-18,1.01065
2007-04-17,1.01143
2007-04-16,1.01033
2007-04-13,1.00658
2007-04-12,1.00507
2007-04-11,1.00234
2007-04-10,0.998397
2007-04-09,0.997491
2007-04-06,0.995747
2007-04-05,0.992728
2007-04-04,0.990351
2007-04-03,0.986457
2007-04-02,0.982575
2007-03-30,0.98051
2007-03-29,0.979636
2007-03-28,0.982865
2007-03-27,0.982199
2007-03-26,0.979764
2007-03-23,0.975743
2007-03-22,0.97253
2007-03-21,0.968066
2007-03-20,0.962576
2007-03-19,0.959802
2007-03-16,0.955981
2007-03-15,0.955544
2007-03-14,0.961553
2007-03-13,0.962822
2007-03-12,0.957623
2007-03-09,0.949222
2007-03-08,0.947963
2007-03-07,0.945114
2007-03-06,0.948156
2007-03-05,0.955369
2007-03-02,0.95996
2007-03-01,0.964988
2007-02-28,0.973509
2007-02-27,0.975536
2007-02-26,0.977109
2007-02-23,0.978117
2007-02-22,0.973742
2007-02-21,0.970839
2007-02-20,0.971255
2007-02-19,0.971374
2007-02-16,0.971205
2007-02-15,0.970561
2007-02-14,0.968031
2007-02-13,0.967939
2007-02-12,0.969497
2007-02-09,0.968758
2007-02-08,0.965371
2007-02-07,0.967084
2007-02-06,0.967329
2007-02-05,0.966165
2007-02-02,0.965096
2007-02-01,0.966887
2007-01-31,0.9682
2007-01-30,0.969736
2007-01-29,0.970606
2007-01-26,0.973383
2007-01-25,0.979738
2007-01-24,0.985091
2007-01-23,0.985973
2007-01-22,0.984979
2007-01-19,0.981683
2007-01-18,0.978438
2007-01-17,0.977673
2007-01-16,0.978007
2007-01-15,0.975872
2007-01-12,0.971796
2007-01-11,0.96856
2007-01-10,0.966245
2007-01-09,0.963292
2007-01-08,0.964524
2007-01-05,0.968377
2007-01-04,0.966801
2007-01-03,0.963115
2007-01-02,0.961738
2007-01-01,0.962279
2006-12-29,0.961143
2006-12-28,0.957817
2006-12-27,0.956809
2006-12-26,0.956105
2006-12-25,0.956034
2006-12-22,0.954659
2006-12-21,0.953271
2006-12-20,0.953741
2006-12-19,0.954492
2006-12-18,0.952615
2006-12-15,0.947977
2006-12-14,0.945634
2006-12-13,0.944411
2006-12-12,0.945612
2006-12-11,0.945241
2006-12-08,0.941243
2006-12-07,0.93952
2006-12-06,0.940489
2006-12-05,0.941286
2006-12-04,0.944232
2006-12-01,0.946846
2006-11-30,0.943085
2006-11-29,0.940559
2006-11-28,0.940846
2006-11-27,0.944704
2006-11-24,0.951577
2006-11-23,0.955847
2006-11-22,0.956584
2006-11-21,0.956219
2006-11-20,0.956148
2006-11-17,0.954564
2006-11-16,0.952347
2006-11-15,0.950149
2006-11-14,0.950481
2006-11-13,0.955005
2006-11-10,0.960129
2006-11-09,0.96459
2006-11-08,0.96715
2006-11-07,0.965997
2006-11-06,0.964449
2006-11-03,0.963396
2006-11-02,0.962886
2006-11-01,0.961186
2006-10-31,0.960241
2006-10-30,0.959978
2006-10-27,0.961011
2006-10-26,0.9614
2006-10-25,0.9594
2006-10-24,0.956924
2006-10-23,0.955783
2006-10-20,0.957169
2006-10-19,0.956744
2006-10-18,0.956744
2006-10-17,0.95666
2006-10-16,0.953924
2006-10-13,0.94826
2006-10-12,0.943925
2006-10-11,0.94024
2006-10-10,0.936973
2006-10-09,0.934807
2006-10-06,0.931378
2006-10-05,0.929386
2006-10-04,0.929386
2006-10-03,0.931555
2006-10-02,0.933112
2006-09-29,0.933613
2006-09-28,0.934076
2006-09-27,0.932277
2006-09-26,0.928347
2006-09-25,0.933444
2006-09-22,0.942645
2006-09-21,0.943066
2006-09-20,0.944528
2006-09-19,0.944736
2006-09-18,0.944035
2006-09-15,0.941303
2006-09-14,0.938895
2006-09-13,0.936598
2006-09-12,0.938612
2006-09-11,0.942215
2006-09-08,0.946617
2006-09-07,0.949138
2006-09-06,0.94825
2006-09-05,0.945209
2006-09-04,0.941223
2006-09-01,0.937518
2006-08-31,0.938361
2006-08-30,0.938387
2006-08-29,0.937809
2006-08-28,0.939928
2006-08-25,0.942067
2006-08-24,0.940495
2006-08-23,0.935773
2006-08-22,0.934866
2006-08-21,0.938108
2006-08-18,0.942323
2006-08-17,0.944675
2006-08-16,0.9458
2006-08-15,0.949838
2006-08-14,0.948818
2006-08-11,0.939787
2006-08-10,0.93407
2006-08-09,0.934124
2006-08-08,0.935406
2006-08-07,0.937538
2006-08-04,0.939754
2006-08-03,0.940387
2006-08-02,0.941654
2006-08-01,0.944353
2006-07-31,0.945097
2006-07-28,0.944847
2006-07-27,0.944464
2006-07-26,0.938704
2006-07-25,0.933364
2006-07-24,0.931772
2006-07-21,0.934961
2006-07-20,0.935044
2006-07-19,0.933873
2006-07-18,0.930723
2006-07-17,0.929479
2006-07-14,0.927863
2006-07-13,0.924537
2006-07-12,0.920921
2006-07-11,0.919525
2006-07-10,0.917548
2006-07-07,0.91404
2006-07-06,0.912564
2006-07-05,0.911128
2006-07-04,0.90968
2006-07-03,0.909216
2006-06-30,0.90968
2006-06-29,0.910069
2006-06-28,0.912508
2006-06-27,0.912508
2006-06-26,0.913661
2006-06-23,0.912549
2006-06-22,0.913099
2006-06-21,0.914005
2006-06-20,0.911038
2006-06-19,0.908975
2006-06-16,0.91003
2006-06-15,0.91301
2006-06-14,0.917992
2006-06-13,0.921675
2006-06-12,0.917315
2006-06-09,0.908091
2006-06-08,0.902488
2006-06-07,0.903517
2006-06-06,0.906651
2006-06-05,0.910806
2006-06-02,0.916908
2006-06-01,0.923114
2006-05-31,0.92707
2006-05-30,0.928582
2006-05-29,0.924845
2006-05-26,0.916392
2006-05-25,0.911055
2006-05-24,0.911377
2006-05-23,0.916667
2006-05-22,0.922971
2006-05-19,0.924986
2006-05-18,0.92557
2006-05-17,0.923566
2006-05-16,0.923668
2006-05-15,0.932399
2006-05-12,0.943906
2006-05-11,0.94409
2006-05-10,0.94409
2006-05-09,0.945912
2006-05-08,0.948753
2006-05-05,0.950014
2006-05-04,0.945843
2006-05-03,0.941013
2006-05-02,0.941272
2006-05-01,0.946378
2006-04-28,0.952887
2006-04-27,0.947785
2006-04-26,0.946317
2006-04-25,0.948192
2006-04-24,0.947714
2006-04-21,0.94474
2006-04-20,0.943848
2006-04-19,0.943751
2006-04-18,0.944379
2006-04-17,0.945758
2006-04-14,0.948318
2006-04-13,0.950816
2006-04-12,0.949792
2006-04-11,0.946428
2006-04-10,0.942562
2006-04-07,0.935936
2006-04-06,0.931569
2006-04-05,0.932897
2006-04-04,0.935827
2006-04-03,0.931881
2006-03-31,0.925709
2006-03-30,0.923452
2006-03-29,0.925288
2006-03-28,0.926544
2006-03-27,0.932598
2006-03-24,0.937171
2006-03-23,0.933267
2006-03-22,0.932427
2006-03-21,0.935886
2006-03-20,0.944779
2006-03-17,0.957215
2006-03-16,0.962265
2006-03-15,0.962265
2006-03-14,0.964007
2006-03-13,0.963701
2006-03-10,0.962566
2006-03-09,0.962317
2006-03-08,0.96342
2006-03-07,0.964879
2006-03-06,0.970342
2006-03-03,0.976101
2006-03-02,0.974361
2006-03-01,0.97477
2006-02-28,0.974204
2006-02-27,0.971053
2006-02-24,0.966063
2006-02-23,0.966467
2006-02-22,0.9677
2006-02-21,0.968834
2006-02-20,0.968821
2006-02-17,0.968626
2006-02-16,0.96765
2006-02-15,0.964764
2006-02-14,0.964465
2006-02-13,0.963042
2006-02-10,0.960656
2006-02-09,0.96196
2006-02-08,0.965948
2006-02-07,0.968235
2006-02-06,0.969788
2006-02-03,0.969711
2006-02-02,0.96802
2006-02-01,0.965186
2006-01-31,0.963371
2006-01-30,0.95982
2006-01-27,0.952473
2006-01-26,0.948542
2006-01-25,0.948499
2006-01-24,0.953015
2006-01-23,0.956058
2006-01-20,0.958454
2006-01-19,0.96146
2006-01-18,0.964853
2006-01-17,0.964558
2006-01-16,0.964362
2006-01-13,0.962951
2006-01-12,0.961358
2006-01-11,0.95979
2006-01-10,0.958438
2006-01-09,0.956747
2006-01-06,0.957773
2006-01-05,0.962478
2006-01-04,0.963273
2006-01-03,0.962974
2006-01-02,0.960087
2005-12-30,0.956323
2005-12-29,0.958307
2005-12-28,0.95792
2005-12-27,0.957995
2005-12-26,0.957995
2005-12-23,0.960338
2005-12-22,0.959262
2005-12-21,0.960187
2005-12-20,0.959535
2005-12-19,0.964148
2005-12-16,0.972707
2005-12-15,0.975713
2005-12-14,0.97671
2005-12-13,0.977836
2005-12-12,0.97922
2005-12-09,0.982309
2005-12-08,0.983898
2005-12-07,0.984914
2005-12-06,0.985139
2005-12-05,0.980195
2005-12-02,0.970498
2005-12-01,0.969626
2005-11-30,0.969854
2005-11-29,0.971135
2005-11-28,0.971135
2005-11-25,0.970524
2005-11-24,0.967261
2005-11-23,0.968697
2005-11-22,0.968386
2005-11-21,0.964889
2005-11-18,0.968305
2005-11-17,0.968171
2005-11-16,0.962647
2005-11-15,0.959549
2005-11-14,0.960685
2005-11-11,0.961577
2005-11-10,0.964531
2005-11-09,0.961001
2005-11-08,0.957744
2005-11-07,0.957124
2005-11-04,0.953548
2005-11-03,0.953143
2005-11-02,0.959017
2005-11-01,0.960081
2005-10-31,0.962506
2005-10-28,0.965821
2005-10-27,0.967148
2005-10-26,0.966477
2005-10-25,0.967344
2005-10-24,0.968685
2005-10-21,0.970051
2005-10-20,0.971761
2005-10-19,0.970063
2005-10-18,0.967465
2005-10-17,0.967465
2005-10-14,0.969062
2005-10-13,0.971414
2005-10-12,0.971659
2005-10-11,0.971832
2005-10-10,0.966486
2005-10-07,0.969537
2005-10-06,0.984829
2005-10-05,0.993923
2005-10-04,0.991017
2005-10-03,0.985215
2005-09-30,0.982127
2005-09-29,0.980697
2005-09-28,0.978165
2005-09-27,0.976622
2005-09-26,0.977143
2005-09-23,0.977187
2005-09-22,0.980417
2005-09-21,0.980851
2005-09-20,0.977599
2005-09-19,0.973427
2005-09-16,0.970846
2005-09-15,0.970201
2005-09-14,0.969068
2005-09-13,0.966993
2005-09-12,0.963256
2005-09-09,0.957864
2005-09-08,0.951374
2005-09-07,0.948558
2005-09-06,0.943646
2005-09-05,0.943059
2005-09-02,0.943059
2005-09-01,0.947311
2005-08-31,0.951103
2005-08-30,0.952562
2005-08-29,0.951689
2005-08-26,0.954993
2005-08-25,0.957504
2005-08-24,0.959439
2005-08-23,0.958165
2005-08-22,0.957527
2005-08-19,0.95847
2005-08-18,0.962311
2005-08-17,0.964871
2005-08-16,0.963931
2005-08-15,0.964068
2005-08-12,0.964247
2005-08-11,0.961341
2005-08-10,0.960622
2005-08-09,0.966183
2005-08-08,0.970924
2005-08-05,0.9727
2005-08-04,0.975159
2005-08-03,0.976177
2005-08-02,0.974587
2005-08-01,0.975695
2005-07-29,0.977307
2005-07-28,0.981154
2005-07-27,0.986257
2005-07-26,0.988414
2005-07-25,0.986731
2005-07-22,0.97874
2005-07-21,0.973299
2005-07-20,0.975524
2005-07-19,0.97323
2005-07-18,0.970168
2005-07-15,0.968823
2005-07-14,0.965218
2005-07-13,0.962245
2005-07-12,0.963379
2005-07-11,0.963597
2005-07-08,0.962887
2005-07-07,0.966101
2005-07-06,0.971214
2005-07-05,0.976727
2005-07-04,0.97586
2005-07-01,0.976181
2005-06-30,0.977025
2005-06-29,0.976592
2005-06-28,0.978182
2005-06-27,0.98405
2005-06-24,0.988937
2005-06-23,0.989691
2005-06-22,0.987829
2005-06-21,0.984382
2005-06-20,0.982025
2005-06-17,0.981742
2005-06-16,0.977121
2005-06-15,0.971947
2005-06-14,0.96757
2005-06-13,0.965879
2005-06-10,0.96194
2005-06-09,0.959093
2005-06-08,0.956845
2005-06-07,0.952244
2005-06-06,0.9462
2005-06-03,0.942488
2005-06-02,0.940678
2005-06-01,0.942639
2005-05-31,0.941039
2005-05-30,0.938774
2005-05-27,0.937031
2005-05-26,0.93658
2005-05-25,0.937112
2005-05-24,0.933655
2005-05-23,0.929929
2005-05-20,0.926622
2005-05-19,0.927135
2005-05-18,0.925531
2005-05-17,0.927352
2005-05-16,0.931675
2005-05-13,0.931641
2005-05-12,0.933491
2005-05-11,0.931866
2005-05-10,0.932484
2005-05-09,0.934082
2005-05-06,0.931293
2005-05-05,0.929254
2005-05-04,0.929745
2005-05-03,0.933918
2005-05-02,0.93217
2005-04-29,0.927588
2005-04-28,0.924878
2005-04-27,0.924914
2005-04-26,0.924994
2005-04-25,0.921299
2005-04-22,0.916357
2005-04-21,0.912437
2005-04-20,0.910998
2005-04-19,0.916364
2005-04-18,0.927504
2005-04-15,0.934303
2005-04-14,0.932427
2005-04-13,0.928439
2005-04-12,0.924914
2005-04-11,0.924756
2005-04-08,0.924232
2005-04-07,0.924117
2005-04-06,0.927537
2005-04-05,0.928269
2005-04-04,0.926182
2005-04-01,0.923813
2005-03-31,0.92471
2005-03-30,0.926065
2005-03-29,0.926306
2005-03-28,0.926419
2005-03-25,0.92556
2005-03-24,0.925839
2005-03-23,0.928298
2005-03-22,0.924914
2005-03-21,0.921556
2005-03-18,0.916362
2005-03-17,0.917176
2005-03-16,0.917553
2005-03-15,0.912725
2005-03-14,0.912647
2005-03-11,0.915608
2005-03-10,0.922486
2005-03-09,0.928743
2005-03-08,0.928941
2005-03-07,0.924311
2005-03-04,0.922714
2005-03-03,0.918464
2005-03-02,0.917994
2005-03-01,0.918144
2005-02-28,0.916454
2005-02-25,0.918514
2005-02-24,0.916904
2005-02-23,0.925118
2005-02-22,0.934053
2005-02-21,0.93422
2005-02-18,0.932265
2005-02-17,0.933689
2005-02-16,0.939816
2005-02-15,0.947313
2005-02-14,0.948711
2005-02-11,0.942965
2005-02-10,0.936864
2005-02-09,0.937025
2005-02-08,0.93672
2005-02-07,0.931
2005-02-04,0.927094
2005-02-03,0.925758
2005-02-02,0.922024
2005-02-01,0.920511
2005-01-31,0.919216
2005-01-28,0.919036
2005-01-27,0.915636
2005-01-26,0.912179
2005-01-25,0.911207
2005-01-24,0.908422
2005-01-21,0.90192
2005-01-20,0.899066
2005-01-19,0.896398
2005-01-18,0.897194
2005-01-17,0.897233
2005-01-14,0.896992
2005-01-13,0.898233
2005-01-12,0.899651
2005-01-11,0.895904
2005-01-10,0.894758
2005-01-07,0.893514
2005-01-06,0.894015
2005-01-05,0.893507
2005-01-04,0.892099
2005-01-03,0.888053
