Date,CURRFX.USDCHF.1
2015-03-06,0.965684
2015-03-05,0.960944
2015-03-04,0.95789
2015-03-03,0.955293
2015-03-02,0.952402
2015-02-27,0.94975
2015-02-26,0.949585
2015-02-25,0.948507
2015-02-24,0.943321
2015-02-23,0.940481
2015-02-20,0.942489
2015-02-19,0.936723
2015-02-18,0.932221
2015-02-17,0.931339
2015-02-16,0.931317
2015-02-13,0.928545
2015-02-12,0.926235
2015-02-11,0.924865
2015-02-10,0.92546
2015-02-09,0.92588
2015-02-06,0.925252
2015-02-05,0.925252
2015-02-04,0.926299
2015-02-03,0.924813
2015-02-02,0.918511
2015-01-30,0.910478
2015-01-29,0.903034
2015-01-28,0.896381
2015-01-27,0.884761
2015-01-26,0.873173
2015-01-23,0.864524
2015-01-22,0.871189
2015-01-21,0.87365
2015-01-20,0.864033
2015-01-19,0.895827
2015-01-16,0.982901
2015-01-15,1.01851
2015-01-14,1.01598
2015-01-13,1.01446
2015-01-12,1.0154
2015-01-09,1.01559
2015-01-08,1.01093
2015-01-07,1.00685
2015-01-06,1.00454
2015-01-05,0.998848
2015-01-02,0.992428
2015-01-01,0.990009
2014-12-31,0.988714
2014-12-30,0.987476
2014-12-29,0.987166
2014-12-26,0.986269
2014-12-25,0.986069
2014-12-24,0.984084
2014-12-23,0.983234
2014-12-22,0.981371
2014-12-19,0.971998
2014-12-18,0.963104
2014-12-17,0.963374
2014-12-16,0.964712
2014-12-15,0.965042
2014-12-12,0.968229
2014-12-11,0.971385
2014-12-10,0.975377
2014-12-09,0.977454
2014-12-08,0.977454
2014-12-05,0.975094
2014-12-04,0.971888
2014-12-03,0.966961
2014-12-02,0.965539
2014-12-01,0.964327
2014-11-28,0.962771
2014-11-27,0.964632
2014-11-26,0.967795
2014-11-25,0.969657
2014-11-24,0.965204
2014-11-21,0.958152
2014-11-20,0.959576
2014-11-19,0.961136
2014-11-18,0.96014
2014-11-17,0.96146
2014-11-14,0.965135
2014-11-13,0.966063
2014-11-12,0.966695
2014-11-11,0.965538
2014-11-10,0.965844
2014-11-07,0.964096
2014-11-06,0.962389
2014-11-05,0.963754
2014-11-04,0.964262
2014-11-03,0.960424
2014-10-31,0.952853
2014-10-30,0.947851
2014-10-29,0.949077
2014-10-28,0.950817
2014-10-27,0.952643
2014-10-24,0.952605
2014-10-23,0.948396
2014-10-22,0.944816
2014-10-21,0.94566
2014-10-20,0.945044
2014-10-17,0.945918
2014-10-16,0.951431
2014-10-15,0.952612
2014-10-14,0.954898
2014-10-13,0.955015
2014-10-10,0.953863
2014-10-09,0.958168
2014-10-08,0.961894
2014-10-07,0.96623
2014-10-06,0.963157
2014-10-03,0.95565
2014-10-02,0.955502
2014-10-01,0.952874
2014-09-30,0.951438
2014-09-29,0.949832
2014-09-26,0.945242
2014-09-25,0.940489
2014-09-24,0.939182
2014-09-23,0.940279
2014-09-22,0.94001
2014-09-19,0.937041
2014-09-18,0.934255
2014-09-17,0.934327
2014-09-16,0.934396
2014-09-15,0.934484
2014-09-12,0.935637
2014-09-11,0.935065
2014-09-10,0.93437
2014-09-09,0.931914
2014-09-08,0.92817
2014-09-05,0.921189
2014-09-04,0.919258
2014-09-03,0.919601
2014-09-02,0.918816
2014-09-01,0.916923
2014-08-29,0.915137
2014-08-28,0.916081
2014-08-27,0.915772
2014-08-26,0.915122
2014-08-25,0.913484
2014-08-22,0.912128
2014-08-21,0.909508
2014-08-20,0.906505
2014-08-19,0.903865
2014-08-18,0.904151
2014-08-15,0.907138
2014-08-14,0.907848
2014-08-13,0.907402
2014-08-12,0.905908
2014-08-11,0.906488
2014-08-08,0.908691
2014-08-07,0.908972
2014-08-06,0.907625
2014-08-05,0.906146
2014-08-04,0.906792
2014-08-01,0.908514
2014-07-31,0.907008
2014-07-30,0.904904
2014-07-29,0.904593
2014-07-28,0.903941
2014-07-25,0.90161
2014-07-24,0.90161
2014-07-23,0.899418
2014-07-22,0.898253
2014-07-21,0.898281
2014-07-18,0.897663
2014-07-17,0.895857
2014-07-16,0.892705
2014-07-15,0.892018
2014-07-14,0.891983
2014-07-11,0.89199
2014-07-10,0.89289
2014-07-09,0.893784
2014-07-08,0.894326
2014-07-07,0.892891
2014-07-04,0.889908
2014-07-03,0.887933
2014-07-02,0.888062
2014-07-01,0.890178
2014-06-30,0.891824
2014-06-27,0.893693
2014-06-26,0.893693
2014-06-25,0.894658
2014-06-24,0.894993
2014-06-23,0.894684
2014-06-20,0.896
2014-06-19,0.898537
2014-06-18,0.898783
2014-06-17,0.899531
2014-06-16,0.899952
2014-06-13,0.899551
2014-06-12,0.899248
2014-06-11,0.89719
2014-06-10,0.894402
2014-06-09,0.894359
2014-06-06,0.896292
2014-06-05,0.897152
2014-06-04,0.897372
2014-06-03,0.89634
2014-06-02,0.896071
2014-05-30,0.897539
2014-05-29,0.896878
2014-05-28,0.895581
2014-05-27,0.895588
2014-05-26,0.895116
2014-05-23,0.893442
2014-05-22,0.892555
2014-05-21,0.892022
2014-05-20,0.892029
2014-05-19,0.892121
2014-05-16,0.890554
2014-05-15,0.88921
2014-05-14,0.888061
2014-05-13,0.886913
2014-05-12,0.882537
2014-05-09,0.875869
2014-05-08,0.875065
2014-05-07,0.876293
2014-05-06,0.877753
2014-05-05,0.878703
2014-05-02,0.880489
2014-05-01,0.881826
2014-04-30,0.880847
2014-04-29,0.880765
2014-04-28,0.882061
2014-04-25,0.882944
2014-04-24,0.883777
2014-04-23,0.884345
2014-04-22,0.883576
2014-04-21,0.882594
2014-04-18,0.880594
2014-04-17,0.87961
2014-04-16,0.87961
2014-04-15,0.877311
2014-04-14,0.876837
2014-04-11,0.879956
2014-04-10,0.884095
2014-04-09,0.887412
2014-04-08,0.891017
2014-04-07,0.890751
2014-04-04,0.886963
2014-04-03,0.884092
2014-04-02,0.884273
2014-04-01,0.886029
2014-03-31,0.886423
2014-03-28,0.885211
2014-03-27,0.883677
2014-03-26,0.882649
2014-03-25,0.883174
2014-03-24,0.882836
2014-03-21,0.879714
2014-03-20,0.874422
2014-03-19,0.873542
2014-03-18,0.873025
2014-03-17,0.872779
2014-03-14,0.874409
2014-03-13,0.877296
2014-03-12,0.878206
2014-03-11,0.877736
2014-03-10,0.880744
2014-03-07,0.886408
2014-03-06,0.886427
2014-03-05,0.883068
2014-03-04,0.880461
2014-03-03,0.883847
2014-02-28,0.889487
2014-02-27,0.888344
2014-02-26,0.887878
2014-02-25,0.887927
2014-02-24,0.88831
2014-02-21,0.888654
2014-02-20,0.888853
2014-02-19,0.890986
2014-02-18,0.89199
2014-02-17,0.893978
2014-02-14,0.897526
2014-02-13,0.898296
2014-02-12,0.896767
2014-02-11,0.897837
2014-02-10,0.899837
2014-02-07,0.903194
2014-02-06,0.903655
2014-02-05,0.903946
2014-02-04,0.905521
2014-02-03,0.903598
2014-01-31,0.898462
2014-01-30,0.897821
2014-01-29,0.896915
2014-01-28,0.89511
2014-01-27,0.898849
2014-01-24,0.907745
2014-01-23,0.911085
2014-01-22,0.911272
2014-01-21,0.910354
2014-01-20,0.909151
2014-01-17,0.907177
2014-01-16,0.904497
2014-01-15,0.901369
2014-01-14,0.902297
2014-01-13,0.905381
2014-01-10,0.910049
2014-01-09,0.908593
2014-01-08,0.905856
2014-01-07,0.905053
2014-01-06,0.902015
2014-01-03,0.893179
2014-01-02,0.888941
2014-01-01,0.889671
2013-12-31,0.890716
2013-12-30,0.893192
2013-12-27,0.896082
2013-12-26,0.895586
2013-12-25,0.895171
2013-12-24,0.89565
2013-12-23,0.896037
2013-12-20,0.892306
2013-12-19,0.886707
2013-12-18,0.887304
2013-12-17,0.888511
2013-12-16,0.888765
2013-12-13,0.887412
2013-12-12,0.887803
2013-12-11,0.890068
2013-12-10,0.891861
2013-12-09,0.895019
2013-12-06,0.902091
2013-12-05,0.905244
2013-12-04,0.906913
2013-12-03,0.906716
2013-12-02,0.906315
2013-11-29,0.907864
2013-11-28,0.907864
2013-11-27,0.908658
2013-11-26,0.908658
2013-11-25,0.910402
2013-11-22,0.914567
2013-11-21,0.911977
2013-11-20,0.912795
2013-11-19,0.914094
2013-11-18,0.915256
2013-11-15,0.916237
2013-11-14,0.918078
2013-11-13,0.920017
2013-11-12,0.921156
2013-11-11,0.918666
2013-11-08,0.913332
2013-11-07,0.911781
2013-11-06,0.911585
2013-11-05,0.91205
2013-11-04,0.908527
2013-11-01,0.901108
2013-10-31,0.898124
2013-10-30,0.895797
2013-10-29,0.893404
2013-10-28,0.89231
2013-10-25,0.892596
2013-10-24,0.896294
2013-10-23,0.901238
2013-10-22,0.902381
2013-10-21,0.904037
2013-10-18,0.909637
2013-10-17,0.913163
2013-10-16,0.911551
2013-10-15,0.910374
2013-10-14,0.911486
2013-10-11,0.90999
2013-10-10,0.906689
2013-10-09,0.905395
2013-10-08,0.905395
2013-10-07,0.904767
2013-10-04,0.902414
2013-10-03,0.904793
2013-10-02,0.904793
2013-10-01,0.905416
2013-09-30,0.907535
2013-09-27,0.910765
2013-09-26,0.911464
2013-09-25,0.911289
2013-09-24,0.910813
2013-09-23,0.910688
2013-09-20,0.916431
2013-09-19,0.925348
2013-09-18,0.92627
2013-09-17,0.927018
2013-09-16,0.929855
2013-09-13,0.931642
2013-09-12,0.934587
2013-09-11,0.934587
2013-09-10,0.936622
2013-09-09,0.938412
2013-09-06,0.938522
2013-09-05,0.936262
2013-09-04,0.934695
2013-09-03,0.931838
2013-09-02,0.928759
2013-08-30,0.924315
2013-08-29,0.919955
2013-08-28,0.921391
2013-08-27,0.922257
2013-08-26,0.922752
2013-08-23,0.922267
2013-08-22,0.91979
2013-08-21,0.922906
2013-08-20,0.926154
2013-08-19,0.929139
2013-08-16,0.933685
2013-08-15,0.932716
2013-08-14,0.927759
2013-08-13,0.924067
2013-08-12,0.921874
2013-08-09,0.922327
2013-08-08,0.925654
2013-08-07,0.927984
2013-08-06,0.929556
2013-08-05,0.929766
2013-08-02,0.929978
2013-08-01,0.929476
2013-07-31,0.929985
2013-07-30,0.929013
2013-07-29,0.931239
2013-07-26,0.9358
2013-07-25,0.936313
2013-07-24,0.93734
2013-07-23,0.93939
2013-07-22,0.942069
2013-07-19,0.942469
2013-07-18,0.942178
2013-07-17,0.94635
2013-07-16,0.947765
2013-07-15,0.947463
2013-07-12,0.956566
2013-07-11,0.969205
2013-07-10,0.966705
2013-07-09,0.964508
2013-07-08,0.958848
2013-07-05,0.950406
2013-07-04,0.948888
2013-07-03,0.946856
2013-07-02,0.945322
2013-07-01,0.944525
2013-06-28,0.942552
2013-06-27,0.938331
2013-06-26,0.934953
2013-06-25,0.934953
2013-06-24,0.932737
2013-06-21,0.926516
2013-06-20,0.921156
2013-06-19,0.922224
2013-06-18,0.922683
2013-06-17,0.920933
2013-06-14,0.921908
2013-06-13,0.926573
2013-06-12,0.932485
2013-06-11,0.936451
2013-06-10,0.937049
2013-06-07,0.941591
2013-06-06,0.946942
2013-06-05,0.950711
2013-06-04,0.954551
2013-06-03,0.956515
2013-05-31,0.962802
2013-05-30,0.969583
2013-05-29,0.966664
2013-05-28,0.962118
2013-05-27,0.965661
2013-05-24,0.972797
2013-05-23,0.971408
2013-05-22,0.968775
2013-05-21,0.97037
2013-05-20,0.969967
2013-05-17,0.965948
2013-05-16,0.963963
2013-05-15,0.957556
2013-05-14,0.957488
2013-05-13,0.949784
2013-05-10,0.938015
2013-05-09,0.938602
2013-05-08,0.938423
2013-05-07,0.936239
2013-05-06,0.93348
2013-05-03,0.929479
2013-05-02,0.930684
2013-05-01,0.936628
2013-04-30,0.940881
2013-04-29,0.943845
2013-04-26,0.945838
2013-04-25,0.94346
2013-04-24,0.936928
2013-04-23,0.933975
2013-04-22,0.933173
2013-04-19,0.929549
2013-04-18,0.926548
2013-04-17,0.928575
2013-04-16,0.928836
2013-04-15,0.928888
2013-04-12,0.931569
2013-04-11,0.932706
2013-04-10,0.934116
2013-04-09,0.934679
2013-04-08,0.938967
2013-04-05,0.94665
2013-04-04,0.947665
2013-04-03,0.94793
2013-04-02,0.950393
2013-04-01,0.950393
2013-03-29,0.951603
2013-03-28,0.950059
2013-03-27,0.946443
2013-03-26,0.941891
2013-03-25,0.942621
2013-03-22,0.945808
2013-03-21,0.946118
2013-03-20,0.945543
2013-03-19,0.942274
2013-03-18,0.943888
2013-03-15,0.950628
2013-03-14,0.948206
2013-03-13,0.948754
2013-03-12,0.950953
2013-03-11,0.949459
2013-03-08,0.945144
2013-03-07,0.942527
2013-03-06,0.941635
2013-03-05,0.942581
2013-03-04,0.938429
2013-03-01,0.931114
2013-02-28,0.931426
2013-02-27,0.93057
2013-02-26,0.929476
2013-02-25,0.929709
2013-02-22,0.927011
2013-02-21,0.922734
2013-02-20,0.923479
2013-02-19,0.922951
2013-02-18,0.921299
2013-02-15,0.919186
2013-02-14,0.918061
2013-02-13,0.918605
2013-02-12,0.917848
2013-02-11,0.915439
2013-02-08,0.911162
2013-02-07,0.909716
2013-02-06,0.909163
2013-02-05,0.908751
2013-02-04,0.909019
2013-02-01,0.913348
2013-01-31,0.920638
2013-01-30,0.92563
2013-01-29,0.927164
2013-01-28,0.92767
2013-01-25,0.92971
2013-01-24,0.92997
2013-01-23,0.93172
2013-01-22,0.933597
2013-01-21,0.933407
2013-01-18,0.931695
2013-01-17,0.928964
2013-01-16,0.921844
2013-01-15,0.914912
2013-01-14,0.917024
2013-01-11,0.923312
2013-01-10,0.924067
2013-01-09,0.923417
2013-01-08,0.925051
2013-01-07,0.923317
2013-01-04,0.917967
2013-01-03,0.913796
2013-01-02,0.914592
2013-01-01,0.914108
2012-12-31,0.913247
2012-12-28,0.913464
2012-12-27,0.915066
2012-12-26,0.914413
2012-12-25,0.914413
2012-12-24,0.914413
2012-12-21,0.912325
2012-12-20,0.913548
2012-12-19,0.916956
2012-12-18,0.917945
2012-12-17,0.920795
2012-12-14,0.927272
2012-12-13,0.931523
2012-12-12,0.933943
2012-12-11,0.932413
2012-12-10,0.932413
2012-12-07,0.927844
2012-12-06,0.926658
2012-12-05,0.926219
2012-12-04,0.926734
2012-12-03,0.928317
2012-11-30,0.929619
2012-11-29,0.930474
2012-11-28,0.928593
2012-11-27,0.928593
2012-11-26,0.931461
2012-11-23,0.938407
2012-11-22,0.941918
2012-11-21,0.941918
2012-11-20,0.944115
2012-11-19,0.944904
2012-11-16,0.944592
2012-11-15,0.946946
2012-11-14,0.948544
2012-11-13,0.948341
2012-11-12,0.947712
2012-11-09,0.944857
2012-11-08,0.943237
2012-11-07,0.943147
2012-11-06,0.941713
2012-11-05,0.937362
2012-11-02,0.931549
2012-11-01,0.932229
2012-10-31,0.934993
2012-10-30,0.935709
2012-10-29,0.933853
2012-10-26,0.932651
2012-10-25,0.932009
2012-10-24,0.928764
2012-10-23,0.927495
2012-10-22,0.926207
2012-10-19,0.923161
2012-10-18,0.925655
2012-10-17,0.931368
2012-10-16,0.933898
2012-10-15,0.934989
2012-10-12,0.938575
2012-10-11,0.938897
2012-10-10,0.935117
2012-10-09,0.931564
2012-10-08,0.931673
2012-10-05,0.936156
2012-10-04,0.937403
2012-10-03,0.937954
2012-10-02,0.93984
2012-10-01,0.939514
2012-09-28,0.938991
2012-09-27,0.938038
2012-09-26,0.935664
2012-09-25,0.934602
2012-09-24,0.932488
2012-09-21,0.930197
2012-09-20,0.927881
2012-09-19,0.927422
2012-09-18,0.926964
2012-09-17,0.930653
2012-09-14,0.937685
2012-09-13,0.939938
2012-09-12,0.944055
2012-09-11,0.945044
2012-09-10,0.948122
2012-09-07,0.955882
2012-09-06,0.955829
2012-09-05,0.954205
2012-09-04,0.954858
2012-09-03,0.956397
2012-08-31,0.957851
2012-08-30,0.957718
2012-08-29,0.95923
2012-08-28,0.958806
2012-08-27,0.958806
2012-08-24,0.959267
2012-08-23,0.964766
2012-08-22,0.970104
2012-08-21,0.973737
2012-08-20,0.974593
2012-08-17,0.975937
2012-08-16,0.974982
2012-08-15,0.973984
2012-08-14,0.976012
2012-08-13,0.975805
2012-08-10,0.972705
2012-08-09,0.969915
2012-08-08,0.968857
2012-08-07,0.969885
2012-08-06,0.974892
2012-08-03,0.98056
2012-08-02,0.977438
2012-08-01,0.978214
2012-07-31,0.9772
2012-07-30,0.97872
2012-07-27,0.987265
2012-07-26,0.99221
2012-07-25,0.992102
2012-07-24,0.99012
2012-07-23,0.984655
2012-07-20,0.978285
2012-07-19,0.978604
2012-07-18,0.979448
2012-07-17,0.980968
2012-07-16,0.981481
2012-07-13,0.981998
2012-07-12,0.978843
2012-07-11,0.977247
2012-07-10,0.977299
2012-07-09,0.972503
2012-07-06,0.960215
2012-07-05,0.954933
2012-07-04,0.953253
2012-07-03,0.950815
2012-07-02,0.954615
2012-06-29,0.963253
2012-06-28,0.961666
2012-06-27,0.960516
2012-06-26,0.958118
2012-06-25,0.953323
2012-06-22,0.948749
2012-06-21,0.948129
2012-06-20,0.950406
2012-06-19,0.949671
2012-06-18,0.951789
2012-06-15,0.956111
2012-06-14,0.959654
2012-06-13,0.95908
2012-06-12,0.956311
2012-06-11,0.957499
2012-06-08,0.957247
2012-06-07,0.961464
2012-06-06,0.963865
2012-06-05,0.965809
2012-06-04,0.967749
2012-06-01,0.96827
2012-05-31,0.963029
2012-05-30,0.958303
2012-05-29,0.957426
2012-05-28,0.957842
2012-05-25,0.953666
2012-05-24,0.94677
2012-05-23,0.940453
2012-05-22,0.939923
2012-05-21,0.941637
2012-05-18,0.944214
2012-05-17,0.941568
2012-05-16,0.935944
2012-05-15,0.93208
2012-05-14,0.929064
2012-05-11,0.927104
2012-05-10,0.924758
2012-05-09,0.922497
2012-05-08,0.921308
2012-05-07,0.91679
2012-05-04,0.912988
2012-05-03,0.909718
2012-05-02,0.907399
2012-05-01,0.907221
2012-04-30,0.907162
2012-04-27,0.909102
2012-04-26,0.910939
2012-04-25,0.912647
2012-04-24,0.91164
2012-04-23,0.911786
2012-04-20,0.916361
2012-04-19,0.916275
2012-04-18,0.917602
2012-04-17,0.920591
2012-04-16,0.917861
2012-04-13,0.915455
2012-04-12,0.9171
2012-04-11,0.917973
2012-04-10,0.917945
2012-04-09,0.917204
2012-04-06,0.916211
2012-04-05,0.910287
2012-04-04,0.903337
2012-04-03,0.90269
2012-04-02,0.903839
2012-03-30,0.90569
2012-03-29,0.904371
2012-03-28,0.905084
2012-03-27,0.907585
2012-03-26,0.910047
2012-03-23,0.912372
2012-03-22,0.911274
2012-03-21,0.913284
2012-03-20,0.915326
2012-03-19,0.919962
2012-03-16,0.927309
2012-03-15,0.923827
2012-03-14,0.918699
2012-03-13,0.919095
2012-03-12,0.916823
2012-03-09,0.914822
2012-03-08,0.916799
2012-03-07,0.914641
2012-03-06,0.913716
2012-03-05,0.910523
2012-03-02,0.901649
2012-03-01,0.897116
2012-02-29,0.897335
2012-02-28,0.896875
2012-02-27,0.900505
2012-02-24,0.909114
2012-02-23,0.911927
2012-02-22,0.912438
2012-02-21,0.915715
2012-02-20,0.921694
2012-02-17,0.92339
2012-02-16,0.919129
2012-02-15,0.916396
2012-02-14,0.914768
2012-02-13,0.914938
2012-02-10,0.912182
2012-02-09,0.914545
2012-02-08,0.919404
2012-02-07,0.920454
2012-02-06,0.917596
2012-02-03,0.91692
2012-02-02,0.917575
2012-02-01,0.916409
2012-01-31,0.915227
2012-01-30,0.915525
2012-01-27,0.923179
2012-01-26,0.928499
2012-01-25,0.92987
2012-01-24,0.93358
2012-01-23,0.935836
2012-01-20,0.940353
2012-01-19,0.947192
2012-01-18,0.951951
2012-01-17,0.95376
2012-01-16,0.95156
2012-01-13,0.950936
2012-01-12,0.950924
2012-01-11,0.950717
2012-01-10,0.954692
2012-01-09,0.95207
2012-01-06,0.942734
2012-01-05,0.93645
2012-01-04,0.937615
2012-01-03,0.939161
2012-01-02,0.940026
2011-12-30,0.940669
2011-12-29,0.935744
2011-12-28,0.935449
2011-12-27,0.936194
2011-12-26,0.936313
2011-12-23,0.93429
2011-12-22,0.932462
2011-12-21,0.935054
2011-12-20,0.936646
2011-12-19,0.940563
2011-12-16,0.947406
2011-12-15,0.94414
2011-12-14,0.935346
2011-12-13,0.927429
2011-12-12,0.923915
2011-12-09,0.925013
2011-12-08,0.925093
2011-12-07,0.922859
2011-12-06,0.920825
2011-12-05,0.918254
2011-12-02,0.914994
2011-12-01,0.919301
2011-11-30,0.922495
2011-11-29,0.926382
2011-11-28,0.925781
2011-11-25,0.918283
2011-11-24,0.9162
2011-11-23,0.916165
2011-11-22,0.917308
2011-11-21,0.917807
2011-11-18,0.91901
2011-11-17,0.91598
2011-11-16,0.909427
2011-11-15,0.901729
2011-11-14,0.903269
2011-11-11,0.905589
2011-11-10,0.900346
2011-11-09,0.89859
2011-11-08,0.891865
2011-11-07,0.884708
2011-11-04,0.884069
2011-11-03,0.884624
2011-11-02,0.87938
2011-11-01,0.867629
2011-10-31,0.866579
2011-10-28,0.874627
2011-10-27,0.879302
2011-10-26,0.881396
2011-10-25,0.883316
2011-10-24,0.889121
2011-10-21,0.900072
2011-10-20,0.899429
2011-10-19,0.897774
2011-10-18,0.893923
2011-10-17,0.893934
2011-10-14,0.899341
2011-10-13,0.903957
2011-10-12,0.909562
2011-10-11,0.919272
2011-10-10,0.925986
2011-10-07,0.922927
2011-10-06,0.921325
2011-10-05,0.917735
2011-10-04,0.910679
2011-10-03,0.904251
2011-09-30,0.897237
2011-09-29,0.89825
2011-09-28,0.902508
2011-09-27,0.906097
2011-09-26,0.90519
2011-09-23,0.90071
2011-09-22,0.889347
2011-09-21,0.884401
2011-09-20,0.880322
2011-09-19,0.875236
2011-09-16,0.876139
2011-09-15,0.88005
2011-09-14,0.882925
2011-09-13,0.885309
2011-09-12,0.876738
2011-09-09,0.862193
2011-09-08,0.84631
2011-09-07,0.809498
2011-09-06,0.787775
2011-09-05,0.793023
2011-09-02,0.80506
2011-09-01,0.814126
2011-08-31,0.816341
2011-08-30,0.810656
2011-08-29,0.802492
2011-08-26,0.794157
2011-08-25,0.79137
2011-08-24,0.788549
2011-08-23,0.786782
2011-08-22,0.787974
2011-08-19,0.792003
2011-08-18,0.789315
2011-08-17,0.786379
2011-08-16,0.784258
2011-08-15,0.76366
2011-08-12,0.735353
2011-08-11,0.731867
2011-08-10,0.749165
2011-08-09,0.761303
2011-08-08,0.767874
2011-08-05,0.771311
2011-08-04,0.772292
2011-08-03,0.781457
2011-08-02,0.787341
2011-08-01,0.791996
2011-07-29,0.80168
2011-07-28,0.801974
2011-07-27,0.805099
2011-07-26,0.812185
2011-07-25,0.81911
2011-07-22,0.820935
2011-07-21,0.821026
2011-07-20,0.817803
2011-07-19,0.814855
2011-07-18,0.819834
2011-07-15,0.819834
2011-07-14,0.830404
2011-07-13,0.835476
2011-07-12,0.838591
2011-07-11,0.838591
2011-07-08,0.841322
2011-07-07,0.842616
2011-07-06,0.846839
2011-07-05,0.847721
2011-07-04,0.842808
2011-07-01,0.834735
2011-06-30,0.833143
2011-06-29,0.834289
2011-06-28,0.834903
2011-06-27,0.83591
2011-06-24,0.841577
2011-06-23,0.841577
2011-06-22,0.844673
2011-06-21,0.847772
2011-06-20,0.849627
2011-06-17,0.850261
2011-06-16,0.84555
2011-06-15,0.840148
2011-06-14,0.841618
2011-06-13,0.841341
2011-06-10,0.837844
2011-06-09,0.836184
2011-06-08,0.835064
2011-06-07,0.835064
2011-06-06,0.837082
2011-06-03,0.844626
2011-06-02,0.849208
2011-06-01,0.850677
2011-05-31,0.850677
2011-05-30,0.857062
2011-05-27,0.872522
2011-05-26,0.878907
2011-05-25,0.882027
2011-05-24,0.87999
2011-05-23,0.879235
2011-05-20,0.881292
2011-05-19,0.882162
2011-05-18,0.886147
2011-05-17,0.890144
2011-05-16,0.890229
2011-05-13,0.884699
2011-05-12,0.879831
2011-05-11,0.876166
2011-05-10,0.876761
2011-05-09,0.872924
2011-05-06,0.86236
2011-05-05,0.862441
2011-05-04,0.864918
2011-05-03,0.865815
2011-05-02,0.868152
2011-04-29,0.873633
2011-04-28,0.876846
2011-04-27,0.881167
2011-04-26,0.884319
2011-04-25,0.885805
2011-04-22,0.888372
2011-04-21,0.895618
2011-04-20,0.89688
2011-04-19,0.894232
2011-04-18,0.892936
2011-04-15,0.895121
2011-04-14,0.898884
2011-04-13,0.904041
2011-04-12,0.907696
2011-04-11,0.911231
2011-04-08,0.919063
2011-04-07,0.92219
2011-04-06,0.923691
2011-04-05,0.923652
2011-04-04,0.921098
2011-04-01,0.918449
2011-03-31,0.920402
2011-03-30,0.918771
2011-03-29,0.919777
2011-03-28,0.915958
2011-03-25,0.906733
2011-03-24,0.90384
2011-03-23,0.904145
2011-03-22,0.903091
2011-03-21,0.900932
2011-03-18,0.906454
2011-03-17,0.91764
2011-03-16,0.923605
2011-03-15,0.928112
2011-03-14,0.93016
2011-03-11,0.932059
2011-03-10,0.93194
2011-03-09,0.928932
2011-03-08,0.92528
2011-03-07,0.925481
2011-03-04,0.926557
2011-03-03,0.927752
2011-03-02,0.929291
2011-03-01,0.928159
2011-02-28,0.928242
2011-02-25,0.931303
2011-02-24,0.939334
2011-02-23,0.94491
2011-02-22,0.945586
2011-02-21,0.94892
2011-02-18,0.959158
2011-02-17,0.966506
2011-02-16,0.970336
2011-02-15,0.972598
2011-02-14,0.969418
2011-02-11,0.962563
2011-02-10,0.960053
2011-02-09,0.955889
2011-02-08,0.955889
2011-02-07,0.950536
2011-02-04,0.940556
2011-02-03,0.938445
2011-02-02,0.941453
2011-02-01,0.941977
2011-01-31,0.942834
2011-01-28,0.943697
2011-01-27,0.944554
2011-01-26,0.950644
2011-01-25,0.957197
2011-01-24,0.958557
2011-01-21,0.959089
2011-01-20,0.96047
2011-01-19,0.962942
2011-01-18,0.964339
2011-01-17,0.965031
2011-01-14,0.969657
2011-01-13,0.97166
2011-01-12,0.969015
2011-01-11,0.966984
2011-01-10,0.966916
2011-01-07,0.961838
2011-01-06,0.949187
2011-01-05,0.938625
2011-01-04,0.934767
2011-01-03,0.936686
2010-12-31,0.944269
2010-12-30,0.951632
2010-12-29,0.956135
2010-12-28,0.959118
2010-12-27,0.959118
2010-12-24,0.957294
2010-12-23,0.957294
2010-12-22,0.963621
2010-12-21,0.967877
2010-12-20,0.968564
2010-12-17,0.966033
2010-12-16,0.963004
2010-12-15,0.969737
2010-12-14,0.97921
2010-12-13,0.982518
2010-12-10,0.986183
2010-12-09,0.985501
2010-12-08,0.98049
2010-12-07,0.977208
2010-12-06,0.982951
2010-12-03,1.00115
2010-12-02,1.00207
2010-12-01,1.00035
2010-11-30,1.0022
2010-11-29,1.00149
2010-11-26,0.997165
2010-11-25,0.993587
2010-11-24,0.99071
2010-11-23,0.991441
2010-11-22,0.991843
2010-11-19,0.992162
2010-11-18,0.991763
2010-11-17,0.985011
2010-11-16,0.981396
2010-11-15,0.977074
2010-11-12,0.971199
2010-11-11,0.968372
2010-11-10,0.963916
2010-11-09,0.963916
2010-11-08,0.964434
2010-11-05,0.971527
2010-11-04,0.981737
2010-11-03,0.986373
2010-11-02,0.9854
2010-11-01,0.983338
2010-10-29,0.986488
2010-10-28,0.984579
2010-10-27,0.975328
2010-10-26,0.972871
2010-10-25,0.972039
2010-10-22,0.964642
2010-10-21,0.964905
2010-10-20,0.963631
2010-10-19,0.959183
2010-10-18,0.956244
2010-10-15,0.953895
2010-10-14,0.959419
2010-10-13,0.962596
2010-10-12,0.962826
2010-10-11,0.96266
2010-10-08,0.963413
2010-10-07,0.965541
2010-10-06,0.970606
2010-10-05,0.974007
2010-10-04,0.975277
2010-10-01,0.977359
2010-09-30,0.978027
2010-09-29,0.98232
2010-09-28,0.983856
2010-09-27,0.983999
2010-09-24,0.987632
2010-09-23,0.994903
2010-09-22,1.00425
2010-09-21,1.00765
2010-09-20,1.00927
2010-09-17,1.00601
2010-09-16,1.0017
2010-09-15,1.0
2010-09-14,1.01478
2010-09-13,1.01732
2010-09-10,1.01213
2010-09-09,1.0105
2010-09-08,1.01227
2010-09-07,1.01503
2010-09-06,1.01522
2010-09-03,1.01361
2010-09-02,1.01603
2010-09-01,1.02215
2010-08-31,1.02759
2010-08-30,1.0275
2010-08-27,1.02784
2010-08-26,1.03223
2010-08-25,1.03717
2010-08-24,1.03572
2010-08-23,1.03508
2010-08-20,1.0385
2010-08-19,1.04188
2010-08-18,1.04167
2010-08-17,1.04495
2010-08-16,1.05192
2010-08-13,1.05423
2010-08-12,1.05486
2010-08-11,1.05011
2010-08-10,1.0414
2010-08-09,1.04244
2010-08-06,1.04736
2010-08-05,1.04308
2010-08-04,1.03945
2010-08-03,1.04129
2010-08-02,1.04282
2010-07-30,1.05076
2010-07-29,1.05801
2010-07-28,1.05504
2010-07-27,1.05213
2010-07-26,1.05065
2010-07-23,1.0465
2010-07-22,1.05128
2010-07-21,1.05117
2010-07-20,1.05101
2010-07-19,1.04895
2010-07-16,1.05021
2010-07-15,1.0571
2010-07-14,1.05958
2010-07-13,1.06031
2010-07-12,1.0555
2010-07-09,1.05395
2010-07-08,1.05851
2010-07-07,1.062
2010-07-06,1.06371
2010-07-05,1.06494
2010-07-02,1.07262
2010-07-01,1.08201
2010-06-30,1.086
2010-06-29,1.08909
2010-06-28,1.09603
2010-06-25,1.10508
2010-06-24,1.10814
2010-06-23,1.10832
2010-06-22,1.10816
2010-06-21,1.11156
2010-06-18,1.12172
2010-06-17,1.13259
2010-06-16,1.13879
2010-06-15,1.14367
2010-06-14,1.14737
2010-06-11,1.14589
2010-06-10,1.15189
2010-06-09,1.15893
2010-06-08,1.16308
2010-06-07,1.15953
2010-06-04,1.15485
2010-06-03,1.15768
2010-06-02,1.15795
2010-06-01,1.15708
2010-05-31,1.1573
2010-05-28,1.15576
2010-05-27,1.15962
2010-05-26,1.16021
2010-05-25,1.15399
2010-05-24,1.15005
2010-05-21,1.15094
2010-05-20,1.14465
2010-05-19,1.13539
2010-05-18,1.13539
2010-05-17,1.12577
2010-05-14,1.11213
2010-05-13,1.10994
2010-05-12,1.10705
2010-05-11,1.10458
2010-05-10,1.10939
2010-05-07,1.11209
2010-05-06,1.10445
2010-05-05,1.09061
2010-05-04,1.08172
2010-05-03,1.07968
2010-04-30,1.08452
2010-04-29,1.08351
2010-04-28,1.07763
2010-04-27,1.07455
2010-04-26,1.07323
2010-04-23,1.07212
2010-04-22,1.06772
2010-04-21,1.06531
2010-04-20,1.06406
2010-04-19,1.05968
2010-04-16,1.05526
2010-04-15,1.0543
2010-04-14,1.05779
2010-04-13,1.06147
2010-04-12,1.06902
2010-04-09,1.07368
2010-04-08,1.07063
2010-04-07,1.06629
2010-04-06,1.06182
2010-04-05,1.05834
2010-04-02,1.05466
2010-04-01,1.06022
2010-03-31,1.06379
2010-03-30,1.06362
2010-03-29,1.06681
2010-03-26,1.07007
2010-03-25,1.06463
2010-03-24,1.05946
2010-03-23,1.06072
2010-03-22,1.06034
2010-03-19,1.05662
2010-03-18,1.05528
2010-03-17,1.05907
2010-03-16,1.05977
2010-03-15,1.06252
2010-03-12,1.0714
2010-03-11,1.07474
2010-03-10,1.07467
2010-03-09,1.07245
2010-03-08,1.07373
2010-03-05,1.07242
2010-03-04,1.07395
2010-03-03,1.07939
2010-03-02,1.07673
2010-03-01,1.0772
2010-02-26,1.08279
2010-02-25,1.08019
2010-02-24,1.0783
2010-02-23,1.07601
2010-02-22,1.077
2010-02-19,1.07635
2010-02-18,1.07166
2010-02-17,1.07385
2010-02-16,1.07693
2010-02-15,1.07295
2010-02-12,1.06743
2010-02-11,1.06734
2010-02-10,1.07092
2010-02-09,1.07296
2010-02-08,1.06823
2010-02-05,1.05922
2010-02-04,1.05606
2010-02-03,1.05777
2010-02-02,1.06003
2010-02-01,1.05713
2010-01-29,1.04976
2010-01-28,1.04568
2010-01-27,1.04219
2010-01-26,1.04059
2010-01-25,1.04249
2010-01-22,1.04285
2010-01-21,1.03557
2010-01-20,1.02775
2010-01-19,1.02615
2010-01-18,1.02297
2010-01-15,1.0186
2010-01-14,1.01807
2010-01-13,1.01758
2010-01-12,1.0199
2010-01-11,1.02678
2010-01-08,1.03162
2010-01-07,1.03181
2010-01-06,1.03173
2010-01-05,1.03457
2010-01-04,1.03479
2010-01-01,1.03526
2009-12-31,1.0364
2009-12-30,1.03449
2009-12-29,1.03523
2009-12-28,1.03605
2009-12-25,1.04053
2009-12-24,1.04596
2009-12-23,1.04521
2009-12-22,1.04246
2009-12-21,1.0435
2009-12-18,1.04316
2009-12-17,1.0384
2009-12-16,1.03523
2009-12-15,1.03352
2009-12-14,1.03196
2009-12-11,1.02644
2009-12-10,1.02438
2009-12-09,1.02001
2009-12-08,1.01746
2009-12-07,1.01029
2009-12-04,0.999315
2009-12-03,1.00051
2009-12-02,1.00246
2009-12-01,1.00406
2009-11-30,1.0032
2009-11-27,1.0016
2009-11-26,1.00678
2009-11-25,1.01099
2009-11-24,1.01384
2009-11-23,1.0166
2009-11-20,1.01388
2009-11-19,1.01271
2009-11-18,1.01099
2009-11-17,1.01029
2009-11-16,1.01176
2009-11-13,1.00918
2009-11-12,1.00761
2009-11-11,1.00934
2009-11-10,1.01308
2009-11-09,1.01686
2009-11-06,1.01904
2009-11-05,1.02415
2009-11-04,1.02461
2009-11-03,1.02403
2009-11-02,1.02525
2009-10-30,1.02313
2009-10-29,1.02122
2009-10-28,1.01595
2009-10-27,1.00938
2009-10-26,1.00824
2009-10-23,1.00836
2009-10-22,1.01068
2009-10-21,1.01332
2009-10-20,1.0169
2009-10-19,1.0167
2009-10-16,1.01607
2009-10-15,1.02119
2009-10-14,1.02674
2009-10-13,1.03037
2009-10-12,1.03015
2009-10-09,1.02895
2009-10-08,1.02918
2009-10-07,1.02956
2009-10-06,1.03367
2009-10-05,1.03666
2009-10-02,1.03773
2009-10-01,1.03512
2009-09-30,1.03425
2009-09-29,1.03025
2009-09-28,1.0271
2009-09-25,1.02536
2009-09-24,1.02466
2009-09-23,1.02907
2009-09-22,1.03149
2009-09-21,1.03001
2009-09-18,1.03191
2009-09-17,1.03453
2009-09-16,1.03685
2009-09-15,1.03812
2009-09-14,1.03911
2009-09-11,1.04187
2009-09-10,1.04763
2009-09-09,1.05489
2009-09-08,1.0598
2009-09-07,1.06067
2009-09-04,1.06199
2009-09-03,1.06316
2009-09-02,1.06002
2009-09-01,1.06002
2009-08-31,1.06265
2009-08-28,1.06607
2009-08-27,1.06292
2009-08-26,1.06049
2009-08-25,1.05937
2009-08-24,1.06108
2009-08-21,1.0682
2009-08-20,1.07413
2009-08-19,1.07719
2009-08-18,1.07574
2009-08-17,1.07264
2009-08-14,1.07584
2009-08-13,1.08118
2009-08-12,1.08307
2009-08-11,1.08212
2009-08-10,1.07425
2009-08-07,1.06256
2009-08-06,1.06109
2009-08-05,1.06296
2009-08-04,1.06708
2009-08-03,1.07535
2009-07-31,1.0846
2009-07-30,1.07646
2009-07-29,1.07088
2009-07-28,1.0709
2009-07-27,1.07042
2009-07-24,1.06785
2009-07-23,1.06787
2009-07-22,1.06935
2009-07-21,1.07325
2009-07-20,1.07637
2009-07-17,1.0776
2009-07-16,1.08287
2009-07-15,1.08528
2009-07-14,1.08599
2009-07-13,1.08576
2009-07-10,1.08674
2009-07-09,1.08889
2009-07-08,1.08707
2009-07-07,1.08802
2009-07-06,1.0843
2009-07-03,1.08079
2009-07-02,1.08213
2009-07-01,1.08371
2009-06-30,1.08472
2009-06-29,1.08818
2009-06-26,1.08915
2009-06-25,1.07717
2009-06-24,1.08109
2009-06-23,1.08357
2009-06-22,1.08133
2009-06-19,1.08315
2009-06-18,1.08732
2009-06-17,1.08812
2009-06-16,1.08412
2009-06-15,1.07823
2009-06-12,1.07738
2009-06-11,1.08178
2009-06-10,1.08875
2009-06-09,1.08878
2009-06-08,1.07966
2009-06-05,1.06804
2009-06-04,1.06658
2009-06-03,1.06705
2009-06-02,1.06715
2009-06-01,1.07507
2009-05-29,1.08801
2009-05-28,1.08598
2009-05-27,1.08553
2009-05-26,1.0848
2009-05-25,1.0907
2009-05-22,1.10211
2009-05-21,1.10874
2009-05-20,1.11619
2009-05-19,1.12144
2009-05-18,1.11622
2009-05-15,1.10665
2009-05-14,1.10511
2009-05-13,1.10684
2009-05-12,1.10651
2009-05-11,1.11657
2009-05-08,1.1337
2009-05-07,1.13221
2009-05-06,1.13114
2009-05-05,1.13469
2009-05-04,1.13586
2009-05-01,1.13737
2009-04-30,1.14528
2009-04-29,1.15091
2009-04-28,1.1431
2009-04-27,1.14742
2009-04-24,1.16351
2009-04-23,1.16754
2009-04-22,1.16869
2009-04-21,1.16786
2009-04-20,1.1577
2009-04-17,1.14423
2009-04-16,1.14029
2009-04-15,1.14205
2009-04-14,1.15119
2009-04-13,1.15291
2009-04-10,1.14863
2009-04-09,1.14425
2009-04-08,1.13683
2009-04-07,1.13064
2009-04-06,1.13468
2009-04-03,1.14194
2009-04-02,1.1421
2009-04-01,1.14368
2009-03-31,1.14719
2009-03-30,1.13608
2009-03-27,1.12521
2009-03-26,1.12719
2009-03-25,1.12525
2009-03-24,1.12595
2009-03-23,1.13066
2009-03-20,1.15071
2009-03-19,1.17771
2009-03-18,1.185
2009-03-17,1.18597
2009-03-16,1.17721
2009-03-13,1.16315
2009-03-12,1.15854
2009-03-11,1.15713
2009-03-10,1.1591
2009-03-09,1.16385
2009-03-06,1.17505
2009-03-05,1.17682
2009-03-04,1.17393
2009-03-03,1.17253
2009-03-02,1.16913
2009-02-27,1.16512
2009-02-26,1.16282
2009-02-25,1.16164
2009-02-24,1.15695
2009-02-23,1.16323
2009-02-20,1.17398
2009-02-19,1.1719
2009-02-18,1.16885
2009-02-17,1.1635
2009-02-16,1.16104
2009-02-13,1.1603
2009-02-12,1.16049
2009-02-11,1.16326
2009-02-10,1.16088
2009-02-09,1.16158
2009-02-06,1.15794
2009-02-05,1.15339
2009-02-04,1.15928
2009-02-03,1.16266
2009-02-02,1.15713
2009-01-30,1.14805
2009-01-29,1.1401
2009-01-28,1.1443
2009-01-27,1.15454
2009-01-26,1.15416
2009-01-23,1.15234
2009-01-22,1.14456
2009-01-21,1.13394
2009-01-20,1.12086
2009-01-19,1.11883
2009-01-16,1.11858
2009-01-15,1.1177
2009-01-14,1.11774
2009-01-13,1.11515
2009-01-12,1.10808
2009-01-09,1.10243
2009-01-08,1.11052
2009-01-07,1.10682
2009-01-06,1.08767
2009-01-05,1.07609
2009-01-02,1.06631
2009-01-01,1.0593
2008-12-31,1.05537
2008-12-30,1.06089
2008-12-29,1.073
2008-12-26,1.07868
2008-12-25,1.08495
2008-12-24,1.09331
2008-12-23,1.1003
2008-12-22,1.08974
2008-12-19,1.08338
2008-12-18,1.12507
2008-12-17,1.15878
2008-12-16,1.17199
2008-12-15,1.18235
2008-12-12,1.19641
2008-12-11,1.2054
2008-12-10,1.21081
2008-12-09,1.21604
2008-12-08,1.21608
2008-12-05,1.20929
2008-12-04,1.20819
2008-12-03,1.20712
2008-12-02,1.21151
2008-12-01,1.20813
2008-11-28,1.19743
2008-11-27,1.1941
2008-11-26,1.20313
2008-11-25,1.21709
2008-11-24,1.21967
2008-11-21,1.21147
2008-11-20,1.20318
2008-11-19,1.19836
2008-11-18,1.19619
2008-11-17,1.19359
2008-11-14,1.1885
2008-11-13,1.18343
2008-11-12,1.17824
2008-11-11,1.17643
2008-11-10,1.17391
2008-11-07,1.16618
2008-11-06,1.16767
2008-11-05,1.16684
2008-11-04,1.15837
2008-11-03,1.14886
2008-10-31,1.13769
2008-10-30,1.15229
2008-10-29,1.16035
2008-10-28,1.16389
2008-10-27,1.16617
2008-10-24,1.1631
2008-10-23,1.15748
2008-10-22,1.14781
2008-10-21,1.13881
2008-10-20,1.13647
2008-10-17,1.1358
2008-10-16,1.13525
2008-10-15,1.13329
2008-10-14,1.13517
2008-10-13,1.13461
2008-10-10,1.131
2008-10-09,1.13817
2008-10-08,1.14157
2008-10-07,1.13567
2008-10-06,1.13016
2008-10-03,1.12687
2008-10-02,1.11386
2008-10-01,1.10036
2008-09-30,1.09449
2008-09-29,1.08914
2008-09-26,1.08381
2008-09-25,1.08381
2008-09-24,1.08513
2008-09-23,1.09894
2008-09-22,1.10354
2008-09-19,1.10703
2008-09-18,1.11717
2008-09-17,1.11536
2008-09-16,1.12215
2008-09-15,1.13308
2008-09-12,1.13513
2008-09-11,1.12974
2008-09-10,1.12737
2008-09-09,1.1214
2008-09-08,1.11388
2008-09-05,1.1075
2008-09-04,1.10824
2008-09-03,1.10386
2008-09-02,1.10087
2008-09-01,1.09866
2008-08-29,1.09559
2008-08-28,1.09843
2008-08-27,1.09972
2008-08-26,1.09837
2008-08-25,1.09658
2008-08-22,1.09435
2008-08-21,1.0961
2008-08-20,1.09656
2008-08-19,1.09594
2008-08-18,1.09305
2008-08-15,1.08744
2008-08-14,1.08702
2008-08-13,1.08558
2008-08-12,1.08186
2008-08-11,1.07282
2008-08-08,1.05699
2008-08-07,1.05358
2008-08-06,1.05032
2008-08-05,1.04857
2008-08-04,1.04869
2008-08-01,1.04706
2008-07-31,1.04334
2008-07-30,1.03659
2008-07-29,1.03579
2008-07-28,1.03691
2008-07-25,1.03619
2008-07-24,1.0284
2008-07-23,1.02079
2008-07-22,1.02217
2008-07-21,1.02087
2008-07-18,1.01498
2008-07-17,1.01081
2008-07-16,1.01397
2008-07-15,1.01826
2008-07-14,1.02116
2008-07-11,1.03065
2008-07-10,1.03036
2008-07-09,1.02826
2008-07-08,1.02766
2008-07-07,1.02254
2008-07-04,1.01805
2008-07-03,1.01873
2008-07-02,1.01904
2008-07-01,1.01844
2008-06-30,1.02377
2008-06-27,1.03565
2008-06-26,1.04155
2008-06-25,1.04187
2008-06-24,1.03906
2008-06-23,1.03728
2008-06-20,1.04053
2008-06-19,1.04212
2008-06-18,1.04364
2008-06-17,1.04585
2008-06-16,1.04373
2008-06-13,1.03934
2008-06-12,1.0375
2008-06-11,1.02911
2008-06-10,1.02014
2008-06-09,1.02795
2008-06-06,1.04277
2008-06-05,1.03987
2008-06-04,1.03874
2008-06-03,1.04166
2008-06-02,1.04272
2008-05-30,1.04003
2008-05-29,1.03133
2008-05-28,1.026
2008-05-27,1.02472
2008-05-26,1.02561
2008-05-23,1.03018
2008-05-22,1.03823
2008-05-21,1.0466
2008-05-20,1.04824
2008-05-19,1.05015
2008-05-16,1.05452
2008-05-15,1.05217
2008-05-14,1.04666
2008-05-13,1.04404
2008-05-12,1.04623
2008-05-09,1.05499
2008-05-08,1.05292
2008-05-07,1.05197
2008-05-06,1.05536
2008-05-05,1.05098
2008-05-02,1.03993
2008-05-01,1.03717
2008-04-30,1.03514
2008-04-29,1.03434
2008-04-28,1.0305
2008-04-25,1.0182
2008-04-24,1.00766
2008-04-23,1.00984
2008-04-22,1.01554
2008-04-21,1.01234
2008-04-18,1.00202
2008-04-17,1.00201
2008-04-16,1.00104
2008-04-15,1.00144
2008-04-14,1.00065
2008-04-11,1.00381
2008-04-10,1.01108
2008-04-09,1.01256
2008-04-08,1.01113
2008-04-07,1.00817
2008-04-04,1.00817
2008-04-03,1.00817
2008-04-02,0.998912
2008-04-01,0.994677
2008-03-31,0.994084
2008-03-28,0.99621
2008-03-27,1.00651
2008-03-26,1.01486
2008-03-25,1.01383
2008-03-24,1.00777
2008-03-21,1.00256
2008-03-20,0.993447
2008-03-19,0.98536
2008-03-18,0.989547
2008-03-17,1.00356
2008-03-14,1.01765
2008-03-13,1.02545
2008-03-12,1.02206
2008-03-11,1.0228
2008-03-10,1.02825
2008-03-07,1.0352
2008-03-06,1.03872
2008-03-05,1.03859
2008-03-04,1.039
2008-03-03,1.04861
2008-02-29,1.06404
2008-02-28,1.0768
2008-02-27,1.08751
2008-02-26,1.08677
2008-02-25,1.08971
2008-02-22,1.09751
2008-02-21,1.09728
2008-02-20,1.09777
2008-02-19,1.09627
2008-02-18,1.09798
2008-02-15,1.10466
2008-02-14,1.10316
2008-02-13,1.1012
2008-02-12,1.10155
2008-02-11,1.10155
2008-02-08,1.09867
2008-02-07,1.09706
2008-02-06,1.0928
2008-02-05,1.08685
2008-02-04,1.08685
2008-02-01,1.08613
2008-01-31,1.09197
2008-01-30,1.09213
2008-01-29,1.09421
2008-01-28,1.09378
2008-01-25,1.09116
2008-01-24,1.09815
2008-01-23,1.10505
2008-01-22,1.102
2008-01-21,1.09937
2008-01-18,1.09708
2008-01-17,1.09128
2008-01-16,1.09282
2008-01-15,1.09799
2008-01-14,1.10574
2008-01-11,1.11275
2008-01-10,1.11442
2008-01-09,1.11488
2008-01-08,1.1108
2008-01-07,1.11154
2008-01-04,1.12047
2008-01-03,1.12959
2008-01-02,1.13089
2008-01-01,1.12657
2007-12-31,1.1348
2007-12-28,1.15075
2007-12-27,1.15601
2007-12-26,1.15721
2007-12-25,1.15563
2007-12-24,1.15527
2007-12-21,1.1549
2007-12-20,1.15237
2007-12-19,1.15203
2007-12-18,1.15333
2007-12-17,1.14641
2007-12-14,1.13469
2007-12-13,1.13142
2007-12-12,1.12925
2007-12-11,1.12815
2007-12-10,1.12884
2007-12-07,1.12551
2007-12-06,1.12142
2007-12-05,1.12592
2007-12-04,1.12971
2007-12-03,1.12516
2007-11-30,1.11338
2007-11-29,1.10691
2007-11-28,1.10107
2007-11-27,1.10263
2007-11-26,1.10213
2007-11-23,1.10326
2007-11-22,1.10801
2007-11-21,1.11421
2007-11-20,1.11742
2007-11-19,1.11974
2007-11-16,1.12323
2007-11-15,1.12456
2007-11-14,1.12625
2007-11-13,1.12423
2007-11-12,1.12552
2007-11-09,1.13331
2007-11-08,1.14131
2007-11-07,1.15068
2007-11-06,1.15328
2007-11-05,1.15554
2007-11-02,1.15946
2007-11-01,1.16106
2007-10-31,1.16384
2007-10-30,1.16365
2007-10-29,1.16612
2007-10-26,1.17098
2007-10-25,1.17406
2007-10-24,1.17267
2007-10-23,1.16749
2007-10-22,1.16924
2007-10-19,1.17721
2007-10-18,1.18175
2007-10-17,1.18208
2007-10-16,1.18318
2007-10-15,1.1834
2007-10-12,1.18183
2007-10-11,1.18403
2007-10-10,1.18423
2007-10-09,1.18006
2007-10-08,1.17846
2007-10-05,1.17728
2007-10-04,1.17408
2007-10-03,1.1699
2007-10-02,1.16544
2007-10-01,1.16651
2007-09-28,1.16994
2007-09-27,1.16947
2007-09-26,1.17123
2007-09-25,1.17217
2007-09-24,1.17429
2007-09-21,1.17907
2007-09-20,1.18416
2007-09-19,1.18729
2007-09-18,1.18841
2007-09-17,1.18816
2007-09-14,1.18569
2007-09-13,1.18654
2007-09-12,1.18687
2007-09-11,1.18727
2007-09-10,1.19392
2007-09-07,1.20587
2007-09-06,1.20988
2007-09-05,1.20944
2007-09-04,1.20808
2007-09-03,1.20622
2007-08-31,1.20177
2007-08-30,1.20114
2007-08-29,1.20159
2007-08-28,1.20168
2007-08-27,1.20293
2007-08-24,1.20694
2007-08-23,1.20626
2007-08-22,1.20557
2007-08-21,1.20714
2007-08-20,1.21202
2007-08-17,1.21649
2007-08-16,1.21151
2007-08-15,1.20482
2007-08-14,1.20009
2007-08-13,1.19783
2007-08-10,1.19602
2007-08-09,1.19445
2007-08-08,1.18959
2007-08-07,1.18773
2007-08-06,1.1962
2007-08-03,1.20337
2007-08-02,1.20221
2007-08-01,1.20414
2007-07-31,1.20632
2007-07-30,1.20935
2007-07-27,1.21018
2007-07-26,1.20719
2007-07-25,1.20375
2007-07-24,1.202
2007-07-23,1.20102
2007-07-20,1.20081
2007-07-19,1.20084
2007-07-18,1.20212
2007-07-17,1.20221
2007-07-16,1.20306
2007-07-13,1.20355
2007-07-12,1.20665
2007-07-11,1.21495
2007-07-10,1.2177
2007-07-09,1.21717
2007-07-06,1.21501
2007-07-05,1.21501
2007-07-04,1.21474
2007-07-03,1.21853
2007-07-02,1.22433
2007-06-29,1.22876
2007-06-28,1.22863
2007-06-27,1.22866
2007-06-26,1.22901
2007-06-25,1.23332
2007-06-22,1.23954
2007-06-21,1.23958
2007-06-20,1.24094
2007-06-19,1.24092
2007-06-18,1.24259
2007-06-15,1.24446
2007-06-14,1.24245
2007-06-13,1.23892
2007-06-12,1.23658
2007-06-11,1.22965
2007-06-08,1.21929
2007-06-07,1.21892
2007-06-06,1.22344
2007-06-05,1.22812
2007-06-04,1.22806
2007-06-01,1.22563
2007-05-31,1.22563
2007-05-30,1.2266
2007-05-29,1.22797
2007-05-28,1.22829
2007-05-25,1.22824
2007-05-24,1.22924
2007-05-23,1.22988
2007-05-22,1.22837
2007-05-21,1.22609
2007-05-18,1.22155
2007-05-17,1.21738
2007-05-16,1.21808
2007-05-15,1.21868
2007-05-14,1.21845
2007-05-11,1.21845
2007-05-10,1.21628
2007-05-09,1.21257
2007-05-08,1.2106
2007-05-07,1.21235
2007-05-04,1.21409
2007-05-03,1.21304
2007-05-02,1.20818
2007-05-01,1.2062
2007-04-30,1.20582
2007-04-27,1.20474
2007-04-26,1.20431
2007-04-25,1.20775
2007-04-24,1.20863
2007-04-23,1.20656
2007-04-20,1.20458
2007-04-19,1.20815
2007-04-18,1.21227
2007-04-17,1.21374
2007-04-16,1.21643
2007-04-13,1.21905
2007-04-12,1.21952
2007-04-11,1.22183
2007-04-10,1.22304
2007-04-09,1.22066
2007-04-06,1.21947
2007-04-05,1.21964
2007-04-04,1.21638
2007-04-03,1.21501
2007-04-02,1.21586
2007-03-30,1.21478
2007-03-29,1.21317
2007-03-28,1.2164
2007-03-27,1.21882
2007-03-26,1.2158
2007-03-23,1.21168
2007-03-22,1.21304
2007-03-21,1.21183
2007-03-20,1.20868
2007-03-19,1.21069
2007-03-16,1.2171
2007-03-15,1.21912
2007-03-14,1.22604
2007-03-13,1.23192
2007-03-12,1.22969
2007-03-09,1.22188
2007-03-08,1.22272
2007-03-07,1.22092
2007-03-06,1.21764
2007-03-05,1.21805
2007-03-02,1.21964
2007-03-01,1.22225
2007-02-28,1.22784
2007-02-27,1.23159
2007-02-26,1.23524
2007-02-23,1.23892
2007-02-22,1.23647
2007-02-21,1.23437
2007-02-20,1.2341
2007-02-19,1.23598
2007-02-16,1.24015
2007-02-15,1.24681
2007-02-14,1.25051
2007-02-13,1.2492
2007-02-12,1.24673
2007-02-09,1.24338
2007-02-08,1.24241
2007-02-07,1.2472
2007-02-06,1.24865
2007-02-05,1.2464
2007-02-02,1.24675
2007-02-01,1.25201
2007-01-31,1.25327
2007-01-30,1.25405
2007-01-29,1.25093
2007-01-26,1.24581
2007-01-25,1.24525
2007-01-24,1.24702
2007-01-23,1.24883
2007-01-22,1.24839
2007-01-19,1.24798
2007-01-18,1.24778
2007-01-17,1.24719
2007-01-16,1.24707
2007-01-15,1.24683
2007-01-12,1.2452
2007-01-11,1.24127
2007-01-10,1.23718
2007-01-09,1.23596
2007-01-08,1.23309
2007-01-05,1.22403
2007-01-04,1.21643
2007-01-03,1.21642
2007-01-02,1.22101
2007-01-01,1.22101
2006-12-29,1.22296
2006-12-28,1.22111
2006-12-27,1.21967
2006-12-26,1.21961
2006-12-25,1.21893
2006-12-22,1.21594
2006-12-21,1.21613
2006-12-20,1.22015
2006-12-19,1.21658
2006-12-18,1.21658
2006-12-15,1.20626
2006-12-14,1.20193
2006-12-13,1.20331
2006-12-12,1.20558
2006-12-11,1.20158
2006-12-08,1.19445
2006-12-07,1.19352
2006-12-06,1.1939
2006-12-05,1.19415
2006-12-04,1.19814
2006-12-01,1.20593
2006-11-30,1.20595
2006-11-29,1.20638
2006-11-28,1.20755
2006-11-27,1.21525
2006-11-24,1.22943
2006-11-23,1.23841
2006-11-22,1.24329
2006-11-21,1.24348
2006-11-20,1.24511
2006-11-17,1.24657
2006-11-16,1.24507
2006-11-15,1.2423
2006-11-14,1.24077
2006-11-13,1.24425
2006-11-10,1.24878
2006-11-09,1.24978
2006-11-08,1.25271
2006-11-07,1.25471
2006-11-06,1.25071
2006-11-03,1.24496
2006-11-02,1.24576
2006-11-01,1.24886
2006-10-31,1.24903
2006-10-30,1.25276
2006-10-27,1.26172
2006-10-26,1.26657
2006-10-25,1.26602
2006-10-24,1.26142
2006-10-23,1.26178
2006-10-20,1.26719
2006-10-19,1.26902
2006-10-18,1.27044
2006-10-17,1.27294
2006-10-16,1.27219
2006-10-13,1.27073
2006-10-12,1.26867
2006-10-11,1.26351
2006-10-10,1.26062
2006-10-09,1.25645
2006-10-06,1.24989
2006-10-05,1.24682
2006-10-04,1.24542
2006-10-03,1.24901
2006-10-02,1.24828
2006-09-29,1.24474
2006-09-28,1.24287
2006-09-27,1.23884
2006-09-26,1.23578
2006-09-25,1.24038
2006-09-22,1.24941
2006-09-21,1.25154
2006-09-20,1.253
2006-09-19,1.2551
2006-09-18,1.2534
2006-09-15,1.25036
2006-09-14,1.249
2006-09-13,1.24525
2006-09-12,1.24655
2006-09-11,1.24392
2006-09-08,1.23682
2006-09-07,1.23407
2006-09-06,1.23102
2006-09-05,1.22948
2006-09-04,1.22963
2006-09-01,1.23033
2006-08-31,1.23033
2006-08-30,1.2343
2006-08-29,1.23737
2006-08-28,1.23822
2006-08-25,1.23511
2006-08-24,1.23219
2006-08-23,1.22803
2006-08-22,1.22885
2006-08-21,1.23148
2006-08-18,1.23061
2006-08-17,1.23634
2006-08-16,1.24025
2006-08-15,1.24143
2006-08-14,1.23728
2006-08-11,1.22727
2006-08-10,1.22477
2006-08-09,1.22477
2006-08-08,1.22289
2006-08-07,1.22656
2006-08-04,1.23052
2006-08-03,1.22934
2006-08-02,1.23183
2006-08-01,1.23201
2006-07-31,1.23461
2006-07-28,1.24274
2006-07-27,1.2494
2006-07-26,1.24574
2006-07-25,1.24081
2006-07-24,1.23996
2006-07-21,1.24859
2006-07-20,1.25142
2006-07-19,1.24604
2006-07-18,1.23823
2006-07-17,1.23335
2006-07-14,1.23088
2006-07-13,1.22953
2006-07-12,1.22813
2006-07-11,1.22511
2006-07-10,1.22621
2006-07-07,1.22974
2006-07-06,1.22645
2006-07-05,1.22454
2006-07-04,1.22399
2006-07-03,1.23182
2006-06-30,1.24589
2006-06-29,1.24402
2006-06-28,1.24417
2006-06-27,1.24727
2006-06-26,1.24503
2006-06-23,1.23686
2006-06-22,1.23748
2006-06-21,1.23912
2006-06-20,1.23485
2006-06-19,1.23143
2006-06-16,1.2325
2006-06-15,1.23467
2006-06-14,1.23422
2006-06-13,1.23242
2006-06-12,1.22927
2006-06-09,1.223
2006-06-08,1.2151
2006-06-07,1.2086
2006-06-06,1.20621
2006-06-05,1.21345
2006-06-02,1.21828
2006-06-01,1.21418
2006-05-31,1.21932
2006-05-30,1.22517
2006-05-29,1.22275
2006-05-26,1.21511
2006-05-25,1.20936
2006-05-24,1.20964
2006-05-23,1.21534
2006-05-22,1.21485
2006-05-19,1.21059
2006-05-18,1.20882
2006-05-17,1.20764
2006-05-16,1.20104
2006-05-15,1.2065
2006-05-12,1.22032
2006-05-11,1.22221
2006-05-10,1.22619
2006-05-09,1.22553
2006-05-08,1.23014
2006-05-05,1.23603
2006-05-04,1.23721
2006-05-03,1.23896
2006-05-02,1.23856
2006-05-01,1.24958
2006-04-28,1.2686
2006-04-27,1.26929
2006-04-26,1.26971
2006-04-25,1.27268
2006-04-24,1.27426
2006-04-21,1.27137
2006-04-20,1.27224
2006-04-19,1.28109
2006-04-18,1.29191
2006-04-17,1.29795
2006-04-14,1.29795
2006-04-13,1.29905
2006-04-12,1.30138
2006-04-11,1.30136
2006-04-10,1.2959
2006-04-07,1.28665
2006-04-06,1.29176
2006-04-05,1.30217
2006-04-04,1.30634
2006-04-03,1.30445
2006-03-31,1.30662
2006-03-30,1.30821
2006-03-29,1.30694
2006-03-28,1.30964
2006-03-27,1.31006
2006-03-24,1.30598
2006-03-23,1.29988
2006-03-22,1.29412
2006-03-21,1.2909
2006-03-20,1.29239
2006-03-17,1.2975
2006-03-16,1.30429
2006-03-15,1.31139
2006-03-14,1.31642
2006-03-13,1.31506
2006-03-10,1.31043
2006-03-09,1.30913
2006-03-08,1.30197
2006-03-07,1.29614
2006-03-06,1.30215
2006-03-03,1.31016
2006-03-02,1.31333
2006-03-01,1.31908
2006-02-28,1.31874
2006-02-27,1.3145
2006-02-24,1.30966
2006-02-23,1.30952
2006-02-22,1.30857
2006-02-21,1.30905
2006-02-20,1.31112
2006-02-17,1.31036
2006-02-16,1.30814
2006-02-15,1.308
2006-02-14,1.3074
2006-02-13,1.30427
2006-02-10,1.29909
2006-02-09,1.29907
2006-02-08,1.2986
2006-02-07,1.29579
2006-02-06,1.29235
2006-02-03,1.28598
2006-02-02,1.28257
2006-02-01,1.28452
2006-01-31,1.28507
2006-01-30,1.27739
2006-01-27,1.26388
2006-01-26,1.2611
2006-01-25,1.26202
2006-01-24,1.2698
2006-01-23,1.27894
2006-01-20,1.28187
2006-01-19,1.28026
2006-01-18,1.27997
2006-01-17,1.27751
2006-01-16,1.27708
2006-01-13,1.27829
2006-01-12,1.27873
2006-01-11,1.27623
2006-01-10,1.27247
2006-01-09,1.27315
2006-01-06,1.28919
2006-01-05,1.30977
2006-01-04,1.31374
2006-01-03,1.31384
2006-01-02,1.31336
2005-12-30,1.31305
2005-12-29,1.31367
2005-12-28,1.3129
2005-12-27,1.31117
2005-12-26,1.31117
2005-12-23,1.30479
2005-12-22,1.29493
2005-12-21,1.29058
2005-12-20,1.28862
2005-12-19,1.28862
2005-12-16,1.28811
2005-12-15,1.29411
2005-12-14,1.2996
2005-12-13,1.30529
2005-12-12,1.30529
2005-12-09,1.30917
2005-12-08,1.31108
2005-12-07,1.31681
2005-12-06,1.31696
2005-12-05,1.31596
2005-12-02,1.3125
2005-12-01,1.31339
2005-11-30,1.31923
2005-11-29,1.31759
2005-11-28,1.31759
2005-11-25,1.31394
2005-11-24,1.31135
2005-11-23,1.31427
2005-11-22,1.31775
2005-11-21,1.31525
2005-11-18,1.31966
2005-11-17,1.32202
2005-11-16,1.31645
2005-11-15,1.31536
2005-11-14,1.31379
2005-11-11,1.31313
2005-11-10,1.3101
2005-11-09,1.30866
2005-11-08,1.30685
2005-11-07,1.30276
2005-11-04,1.28749
2005-11-03,1.28189
2005-11-02,1.28495
2005-11-01,1.28081
2005-10-31,1.27831
2005-10-28,1.27702
2005-10-27,1.28063
2005-10-26,1.28126
2005-10-25,1.28979
2005-10-24,1.29154
2005-10-21,1.29034
2005-10-20,1.29569
2005-10-19,1.29617
2005-10-18,1.28883
2005-10-17,1.28553
2005-10-14,1.28743
2005-10-13,1.28799
2005-10-12,1.28755
2005-10-11,1.28208
2005-10-10,1.27648
2005-10-07,1.27904
2005-10-06,1.29704
2005-10-05,1.3016
2005-10-04,1.29898
2005-10-03,1.29315
2005-09-30,1.29285
2005-09-29,1.29414
2005-09-28,1.29339
2005-09-27,1.29049
2005-09-26,1.28793
2005-09-23,1.27659
2005-09-22,1.2749
2005-09-21,1.2793
2005-09-20,1.2741
2005-09-19,1.26876
2005-09-16,1.26382
2005-09-15,1.25948
2005-09-14,1.26013
2005-09-13,1.25245
2005-09-12,1.24352
2005-09-09,1.24355
2005-09-08,1.24052
2005-09-07,1.2355
2005-09-06,1.23099
2005-09-05,1.2318
2005-09-02,1.24259
2005-09-01,1.25967
2005-08-31,1.26844
2005-08-30,1.26332
2005-08-29,1.25955
2005-08-26,1.25955
2005-08-25,1.26691
2005-08-24,1.27047
2005-08-23,1.27139
2005-08-22,1.27276
2005-08-19,1.26792
2005-08-18,1.25989
2005-08-17,1.25441
2005-08-16,1.25202
2005-08-15,1.24672
2005-08-12,1.25
2005-08-11,1.25841
2005-08-10,1.26028
2005-08-09,1.26192
2005-08-08,1.26142
2005-08-05,1.25944
2005-08-04,1.26665
2005-08-03,1.2775
2005-08-02,1.28231
2005-08-01,1.28715
2005-07-29,1.28855
2005-07-28,1.29631
2005-07-27,1.29751
2005-07-26,1.29517
2005-07-25,1.29154
2005-07-22,1.28494
2005-07-21,1.2906
2005-07-20,1.29707
2005-07-19,1.29501
2005-07-18,1.2938
2005-07-15,1.29013
2005-07-14,1.28273
2005-07-13,1.27665
2005-07-12,1.29227
2005-07-11,1.29903
2005-07-08,1.30038
2005-07-07,1.30309
2005-07-06,1.30356
2005-07-05,1.30096
2005-07-04,1.29147
2005-07-01,1.28208
2005-06-30,1.28222
2005-06-29,1.27647
2005-06-28,1.27104
2005-06-27,1.27659
2005-06-24,1.27631
2005-06-23,1.26974
2005-06-22,1.2682
2005-06-21,1.26832
2005-06-20,1.2665
2005-06-17,1.27202
2005-06-16,1.27368
2005-06-15,1.27493
2005-06-14,1.27029
2005-06-13,1.26428
2005-06-10,1.25542
2005-06-09,1.25198
2005-06-08,1.24681
2005-06-07,1.25071
2005-06-06,1.25264
2005-06-03,1.2527
2005-06-02,1.25265
2005-06-01,1.24495
2005-05-31,1.2368
2005-05-30,1.2346
2005-05-27,1.23289
2005-05-26,1.22736
2005-05-25,1.22954
2005-05-24,1.23209
2005-05-23,1.23042
2005-05-20,1.22075
2005-05-19,1.22112
2005-05-18,1.22461
2005-05-17,1.22281
2005-05-16,1.2205
2005-05-13,1.21138
2005-05-12,1.20427
2005-05-11,1.20308
2005-05-10,1.20627
2005-05-09,1.20248
2005-05-06,1.1931
2005-05-05,1.19386
2005-05-04,1.19711
2005-05-03,1.19716
2005-05-02,1.19521
2005-04-29,1.19252
2005-04-28,1.19022
2005-04-27,1.18756
2005-04-26,1.18519
2005-04-25,1.18161
2005-04-22,1.18078
2005-04-21,1.17807
2005-04-20,1.18296
2005-04-19,1.19325
2005-04-18,1.20578
2005-04-15,1.20825
2005-04-14,1.19993
2005-04-13,1.19691
2005-04-12,1.19509
2005-04-11,1.20158
2005-04-08,1.20661
2005-04-07,1.2054
2005-04-06,1.20677
2005-04-05,1.20776
2005-04-04,1.20132
2005-04-01,1.19759
2005-03-31,1.20078
2005-03-30,1.20296
2005-03-29,1.20292
2005-03-28,1.20056
2005-03-25,1.19983
2005-03-24,1.19393
2005-03-23,1.18394
2005-03-22,1.17258
2005-03-21,1.16167
2005-03-18,1.15541
2005-03-17,1.15726
2005-03-16,1.16279
2005-03-15,1.15606
2005-03-14,1.15124
2005-03-11,1.1552
2005-03-10,1.15989
2005-03-09,1.16657
2005-03-08,1.17292
2005-03-07,1.17307
2005-03-04,1.17812
2005-03-03,1.1707
2005-03-02,1.16393
2005-03-01,1.16173
2005-02-28,1.16466
2005-02-25,1.16691
2005-02-24,1.16169
2005-02-23,1.16716
2005-02-22,1.18301
2005-02-21,1.18373
2005-02-18,1.18503
2005-02-17,1.18865
2005-02-16,1.19364
2005-02-15,1.20362
2005-02-14,1.20956
2005-02-11,1.21132
2005-02-10,1.21822
2005-02-09,1.22204
2005-02-08,1.21883
2005-02-07,1.20831
2005-02-04,1.19833
2005-02-03,1.19135
2005-02-02,1.18984
2005-02-01,1.18854
2005-01-31,1.18657
2005-01-28,1.18456
2005-01-27,1.1874
2005-01-26,1.18962
2005-01-25,1.18409
2005-01-24,1.18697
2005-01-21,1.18803
2005-01-20,1.18585
2005-01-19,1.18469
2005-01-18,1.18227
2005-01-17,1.17715
2005-01-14,1.16994
2005-01-13,1.1728
2005-01-12,1.18251
2005-01-11,1.18306
2005-01-10,1.18132
2005-01-07,1.17219
2005-01-06,1.16885
2005-01-05,1.16092
2005-01-04,1.14508
2005-01-03,1.13739
