Date,CURRFX.EURGBP.1
2015-03-06,0.725526
2015-03-05,0.726974
2015-03-04,0.727472
2015-03-03,0.726322
2015-03-02,0.727141
2015-02-27,0.731303
2015-02-26,0.733198
2015-02-25,0.734775
2015-02-24,0.737859
2015-02-23,0.738781
2015-02-20,0.738912
2015-02-19,0.740172
2015-02-18,0.740486
2015-02-17,0.74003
2015-02-16,0.740411
2015-02-13,0.74162
2015-02-12,0.741921
2015-02-11,0.743109
2015-02-10,0.742876
2015-02-09,0.744074
2015-02-06,0.750134
2015-02-05,0.75452
2015-02-04,0.754037
2015-02-03,0.750926
2015-02-02,0.748423
2015-01-30,0.747417
2015-01-29,0.747276
2015-01-28,0.746989
2015-01-27,0.746989
2015-01-26,0.753966
2015-01-23,0.764105
2015-01-22,0.765142
2015-01-21,0.765522
2015-01-20,0.764455
2015-01-19,0.765576
2015-01-16,0.772121
2015-01-15,0.776905
2015-01-14,0.779738
2015-01-13,0.781012
2015-01-12,0.781726
2015-01-09,0.783186
2015-01-08,0.783923
2015-01-07,0.783057
2015-01-06,0.782322
2015-01-05,0.780788
2015-01-02,0.777843
2015-01-01,0.780772
2014-12-31,0.782898
2014-12-30,0.783176
2014-12-29,0.783124
2014-12-26,0.784029
2014-12-25,0.7848
2014-12-24,0.784572
2014-12-23,0.783224
2014-12-22,0.784656
2014-12-19,0.790462
2014-12-18,0.794355
2014-12-17,0.794547
2014-12-16,0.793129
2014-12-15,0.792502
2014-12-12,0.791179
2014-12-11,0.789706
2014-12-10,0.788375
2014-12-09,0.788068
2014-12-08,0.787816
2014-12-05,0.78731
2014-12-04,0.790024
2014-12-03,0.79341
2014-12-02,0.795331
2014-12-01,0.794484
2014-11-28,0.792527
2014-11-27,0.79302
2014-11-26,0.792427
2014-11-25,0.791525
2014-11-24,0.794435
2014-11-21,0.800258
2014-11-20,0.800204
2014-11-19,0.798395
2014-11-18,0.798671
2014-11-17,0.796003
2014-11-14,0.788534
2014-11-13,0.784572
2014-11-12,0.784029
2014-11-11,0.78468
2014-11-10,0.78392
2014-11-07,0.78301
2014-11-06,0.783371
2014-11-05,0.782404
2014-11-04,0.782199
2014-11-03,0.784924
2014-10-31,0.788836
2014-10-30,0.78916
2014-10-29,0.788185
2014-10-28,0.787858
2014-10-27,0.788046
2014-10-24,0.789016
2014-10-23,0.789995
2014-10-22,0.791316
2014-10-21,0.79237
2014-10-20,0.795453
2014-10-17,0.798578
2014-10-16,0.795884
2014-10-15,0.791258
2014-10-14,0.786883
2014-10-13,0.786146
2014-10-10,0.787438
2014-10-09,0.786891
2014-10-08,0.785423
2014-10-07,0.784327
2014-10-06,0.783041
2014-10-03,0.780671
2014-10-02,0.779057
2014-10-01,0.780211
2014-09-30,0.78099
2014-09-29,0.780936
2014-09-26,0.782144
2014-09-25,0.784075
2014-09-24,0.785698
2014-09-23,0.78676
2014-09-22,0.788302
2014-09-19,0.791502
2014-09-18,0.795862
2014-09-17,0.797576
2014-09-16,0.796821
2014-09-15,0.796821
2014-09-12,0.798304
2014-09-11,0.800905
2014-09-10,0.800905
2014-09-09,0.797708
2014-09-08,0.794376
2014-09-05,0.796837
2014-09-04,0.796151
2014-09-03,0.79228
2014-09-02,0.790863
2014-09-01,0.792893
2014-08-29,0.795682
2014-08-28,0.795682
2014-08-27,0.796184
2014-08-26,0.797476
2014-08-25,0.799317
2014-08-22,0.800022
2014-08-21,0.800022
2014-08-20,0.800286
2014-08-19,0.801121
2014-08-18,0.802194
2014-08-15,0.799888
2014-08-14,0.797108
2014-08-13,0.796872
2014-08-12,0.79862
2014-08-11,0.7973
2014-08-08,0.793511
2014-08-07,0.793446
2014-08-06,0.795549
2014-08-05,0.797792
2014-08-04,0.796289
2014-08-01,0.792214
2014-07-31,0.791354
2014-07-30,0.791354
2014-07-29,0.791215
2014-07-28,0.791215
2014-07-25,0.790742
2014-07-24,0.789988
2014-07-23,0.791193
2014-07-22,0.791778
2014-07-21,0.790961
2014-07-18,0.790356
2014-07-17,0.792102
2014-07-16,0.795148
2014-07-15,0.795669
2014-07-14,0.795138
2014-07-11,0.795138
2014-07-10,0.794883
2014-07-09,0.793941
2014-07-08,0.792881
2014-07-07,0.793377
2014-07-04,0.795754
2014-07-03,0.797601
2014-07-02,0.799919
2014-07-01,0.801027
2014-06-30,0.800936
2014-06-27,0.80143
2014-06-26,0.801392
2014-06-25,0.79955
2014-06-24,0.798966
2014-06-23,0.799557
2014-06-20,0.799726
2014-06-19,0.799416
2014-06-18,0.798655
2014-06-17,0.797977
2014-06-16,0.800701
2014-06-13,0.805804
2014-06-12,0.807559
2014-06-11,0.809163
2014-06-10,0.811132
2014-06-09,0.812382
2014-06-06,0.812382
2014-06-05,0.813122
2014-06-04,0.81277
2014-06-03,0.813119
2014-06-02,0.813572
2014-05-30,0.813154
2014-05-29,0.811618
2014-05-28,0.810209
2014-05-27,0.809737
2014-05-26,0.809737
2014-05-23,0.810588
2014-05-22,0.812709
2014-05-21,0.814571
2014-05-20,0.81471
2014-05-19,0.815249
2014-05-16,0.816459
2014-05-15,0.815438
2014-05-14,0.81529
2014-05-13,0.816077
2014-05-12,0.817861
2014-05-09,0.820249
2014-05-08,0.820859
2014-05-07,0.821838
2014-05-06,0.822325
2014-05-05,0.821943
2014-05-02,0.822101
2014-05-01,0.822101
2014-04-30,0.823253
2014-04-29,0.823464
2014-04-28,0.823364
2014-04-25,0.823011
2014-04-24,0.821949
2014-04-23,0.821419
2014-04-22,0.822498
2014-04-21,0.822985
2014-04-18,0.8234
2014-04-17,0.825029
2014-04-16,0.826401
2014-04-15,0.828091
2014-04-14,0.828427
2014-04-11,0.825308
2014-04-10,0.824649
2014-04-09,0.826107
2014-04-08,0.826994
2014-04-07,0.827058
2014-04-04,0.828035
2014-04-03,0.828558
2014-04-02,0.827623
2014-04-01,0.826816
2014-03-31,0.82756
2014-03-28,0.831271
2014-03-27,0.835517
2014-03-26,0.83713
2014-03-25,0.836663
2014-03-24,0.836121
2014-03-21,0.836253
2014-03-20,0.837939
2014-03-19,0.837318
2014-03-18,0.835907
2014-03-17,0.835706
2014-03-14,0.835531
2014-03-13,0.834421
2014-03-12,0.832906
2014-03-11,0.831203
2014-03-10,0.827472
2014-03-07,0.823119
2014-03-06,0.823329
2014-03-05,0.823983
2014-03-04,0.823859
2014-03-03,0.823302
2014-02-28,0.821859
2014-02-27,0.823532
2014-02-26,0.824688
2014-02-25,0.826041
2014-02-24,0.825548
2014-02-21,0.823728
2014-02-20,0.823229
2014-02-19,0.820409
2014-02-18,0.818076
2014-02-17,0.818734
2014-02-14,0.822063
2014-02-13,0.827574
2014-02-12,0.831182
2014-02-11,0.830962
2014-02-10,0.830793
2014-02-07,0.829894
2014-02-06,0.828836
2014-02-05,0.827116
2014-02-04,0.82284
2014-02-03,0.821809
2014-01-31,0.82411
2014-01-30,0.824141
2014-01-29,0.82532
2014-01-28,0.828456
2014-01-27,0.826308
2014-01-24,0.820418
2014-01-23,0.822028
2014-01-22,0.824216
2014-01-21,0.824622
2014-01-20,0.827249
2014-01-17,0.831746
2014-01-16,0.831652
2014-01-15,0.832283
2014-01-14,0.830397
2014-01-13,0.827929
2014-01-10,0.826686
2014-01-09,0.829253
2014-01-08,0.830443
2014-01-07,0.829172
2014-01-06,0.82837
2014-01-03,0.830681
2014-01-02,0.83317
2014-01-01,0.834646
2013-12-31,0.834568
2013-12-30,0.834352
2013-12-27,0.835232
2013-12-26,0.836066
2013-12-25,0.836737
2013-12-24,0.837028
2013-12-23,0.836108
2013-12-20,0.83781
2013-12-19,0.843508
2013-12-18,0.844323
2013-12-17,0.843547
2013-12-16,0.842666
2013-12-13,0.840598
2013-12-12,0.838155
2013-12-11,0.837145
2013-12-10,0.838055
2013-12-09,0.836017
2013-12-06,0.83117
2013-12-05,0.828724
2013-12-04,0.827816
2013-12-03,0.828867
2013-12-02,0.831191
2013-11-29,0.833854
2013-11-28,0.836409
2013-11-27,0.836629
2013-11-26,0.835439
2013-11-25,0.835079
2013-11-22,0.835776
2013-11-21,0.838499
2013-11-20,0.83858
2013-11-19,0.837649
2013-11-18,0.838017
2013-11-15,0.84047
2013-11-14,0.842314
2013-11-13,0.839445
2013-11-12,0.835747
2013-11-11,0.836074
2013-11-08,0.838936
2013-11-07,0.841083
2013-11-06,0.844411
2013-11-05,0.846739
2013-11-04,0.849104
2013-11-01,0.854167
2013-10-31,0.85641
2013-10-30,0.855045
2013-10-29,0.853591
2013-10-28,0.853347
2013-10-25,0.851824
2013-10-24,0.849776
2013-10-23,0.847412
2013-10-22,0.846407
2013-10-21,0.846848
2013-10-18,0.84691
2013-10-17,0.846622
2013-10-16,0.84781
2013-10-15,0.848836
2013-10-14,0.848382
2013-10-11,0.846954
2013-10-10,0.845074
2013-10-09,0.844296
2013-10-08,0.84567
2013-10-07,0.843988
2013-10-04,0.838299
2013-10-03,0.835531
2013-10-02,0.835232
2013-10-01,0.836599
2013-09-30,0.839178
2013-09-27,0.841529
2013-09-26,0.842248
2013-09-25,0.842679
2013-09-24,0.843763
2013-09-23,0.843473
2013-09-20,0.839884
2013-09-19,0.838579
2013-09-18,0.838865
2013-09-17,0.83789
2013-09-16,0.838904
2013-09-13,0.841632
2013-09-12,0.842825
2013-09-11,0.843468
2013-09-10,0.842878
2013-09-09,0.843377
2013-09-06,0.844312
2013-09-05,0.845932
2013-09-04,0.847907
2013-09-03,0.850675
2013-09-02,0.854097
2013-08-30,0.858015
2013-08-29,0.860642
2013-08-28,0.859623
2013-08-27,0.859087
2013-08-26,0.85796
2013-08-23,0.85518
2013-08-22,0.854562
2013-08-21,0.85367
2013-08-20,0.852775
2013-08-19,0.853274
2013-08-16,0.855006
2013-08-15,0.857671
2013-08-14,0.859508
2013-08-13,0.860021
2013-08-12,0.860752
2013-08-09,0.862314
2013-08-08,0.864441
2013-08-07,0.86527
2013-08-06,0.86711
2013-08-05,0.870304
2013-08-02,0.873185
2013-08-01,0.870256
2013-07-31,0.865446
2013-07-30,0.863289
2013-07-29,0.862735
2013-07-26,0.861667
2013-07-25,0.860246
2013-07-24,0.859409
2013-07-23,0.86028
2013-07-22,0.8613
2013-07-19,0.863484
2013-07-18,0.866557
2013-07-17,0.866207
2013-07-16,0.864872
2013-07-15,0.864808
2013-07-12,0.86302
2013-07-11,0.860949
2013-07-10,0.861726
2013-07-09,0.861673
2013-07-08,0.858998
2013-07-05,0.853847
2013-07-04,0.855128
2013-07-03,0.857519
2013-07-02,0.856069
2013-07-01,0.853941
2013-06-28,0.850514
2013-06-27,0.848642
2013-06-26,0.850146
2013-06-25,0.851205
2013-06-24,0.85287
2013-06-21,0.856112
2013-06-20,0.85544
2013-06-19,0.851933
2013-06-18,0.849271
2013-06-17,0.850136
2013-06-14,0.850497
2013-06-13,0.850747
2013-06-12,0.851337
2013-06-11,0.850138
2013-06-10,0.850691
2013-06-07,0.850691
2013-06-06,0.852831
2013-06-05,0.853821
2013-06-04,0.854264
2013-06-03,0.855672
2013-05-31,0.856125
2013-05-30,0.855544
2013-05-29,0.85534
2013-05-28,0.85529
2013-05-27,0.854818
2013-05-24,0.854818
2013-05-23,0.851864
2013-05-22,0.846787
2013-05-21,0.845759
2013-05-20,0.8458
2013-05-17,0.845782
2013-05-16,0.848119
2013-05-15,0.84802
2013-05-14,0.84593
2013-05-13,0.84593
2013-05-10,0.84593
2013-05-09,0.845157
2013-05-08,0.8427
2013-05-07,0.842137
2013-05-06,0.843193
2013-05-03,0.845893
2013-05-02,0.846883
2013-05-01,0.84461
2013-04-30,0.842581
2013-04-29,0.844024
2013-04-26,0.849428
2013-04-25,0.852741
2013-04-24,0.854558
2013-04-23,0.856651
2013-04-22,0.856226
2013-04-19,0.85638
2013-04-18,0.857187
2013-04-17,0.854783
2013-04-16,0.853892
2013-04-15,0.85368
2013-04-12,0.852712
2013-04-11,0.853723
2013-04-10,0.851997
2013-04-09,0.848663
2013-04-08,0.847772
2013-04-05,0.848626
2013-04-04,0.847449
2013-04-03,0.844654
2013-04-02,0.843024
2013-04-01,0.843917
2013-03-29,0.845379
2013-03-28,0.847039
2013-03-27,0.849453
2013-03-26,0.852352
2013-03-25,0.853078
2013-03-22,0.85375
2013-03-21,0.854906
2013-03-20,0.856091
2013-03-19,0.859157
2013-03-18,0.86537
2013-03-15,0.867712
2013-03-14,0.872497
2013-03-13,0.873814
2013-03-12,0.871884
2013-03-11,0.870029
2013-03-08,0.86623
2013-03-07,0.862698
2013-03-06,0.862593
2013-03-05,0.864952
2013-03-04,0.865403
2013-03-01,0.864771
2013-02-28,0.863717
2013-02-27,0.865856
2013-02-26,0.871802
2013-02-25,0.869552
2013-02-22,0.869681
2013-02-21,0.868344
2013-02-20,0.863188
2013-02-19,0.861768
2013-02-18,0.861796
2013-02-15,0.8625
2013-02-14,0.860303
2013-02-13,0.855231
2013-02-12,0.848639
2013-02-11,0.851366
2013-02-08,0.862219
2013-02-07,0.863397
2013-02-06,0.861821
2013-02-05,0.866338
2013-02-04,0.864952
2013-02-01,0.857639
2013-01-31,0.857079
2013-01-30,0.855577
2013-01-29,0.853813
2013-01-28,0.848822
2013-01-25,0.842085
2013-01-24,0.840638
2013-01-23,0.840317
2013-01-22,0.839556
2013-01-21,0.836767
2013-01-18,0.831518
2013-01-17,0.829749
2013-01-16,0.830488
2013-01-15,0.828983
2013-01-14,0.823171
2013-01-11,0.816128
2013-01-10,0.814761
2013-01-09,0.814166
2013-01-08,0.812321
2013-01-07,0.812321
2013-01-04,0.811446
2013-01-03,0.813706
2013-01-02,0.813706
2013-01-01,0.816523
2012-12-31,0.81889
2012-12-28,0.819735
2012-12-27,0.817904
2012-12-26,0.817034
2012-12-25,0.816012
2012-12-24,0.814802
2012-12-21,0.814051
2012-12-20,0.813926
2012-12-19,0.812973
2012-12-18,0.813394
2012-12-17,0.812593
2012-12-14,0.809481
2012-12-13,0.807066
2012-12-12,0.805461
2012-12-11,0.805214
2012-12-10,0.807697
2012-12-07,0.811415
2012-12-06,0.812623
2012-12-05,0.811545
2012-12-04,0.811545
2012-12-03,0.810466
2012-11-30,0.808603
2012-11-29,0.807974
2012-11-28,0.808895
2012-11-27,0.809237
2012-11-26,0.808062
2012-11-23,0.805208
2012-11-22,0.803986
2012-11-21,0.803854
2012-11-20,0.802801
2012-11-19,0.803209
2012-11-16,0.80367
2012-11-15,0.800986
2012-11-14,0.799895
2012-11-13,0.800097
2012-11-12,0.799047
2012-11-09,0.799029
2012-11-08,0.800638
2012-11-07,0.800627
2012-11-06,0.80075
2012-11-05,0.801753
2012-11-02,0.803868
2012-11-01,0.805738
2012-10-31,0.805114
2012-10-30,0.803847
2012-10-29,0.804779
2012-10-26,0.808334
2012-10-25,0.812298
2012-10-24,0.814192
2012-10-23,0.814192
2012-10-22,0.813154
2012-10-19,0.812262
2012-10-18,0.810613
2012-10-17,0.807119
2012-10-16,0.805838
2012-10-15,0.805381
2012-10-12,0.80576
2012-10-11,0.80576
2012-10-10,0.807638
2012-10-09,0.807735
2012-10-08,0.806242
2012-10-05,0.802669
2012-10-04,0.800763
2012-10-03,0.798877
2012-10-02,0.796698
2012-10-01,0.79542
2012-09-28,0.79544
2012-09-27,0.796294
2012-09-26,0.797174
2012-09-25,0.7985
2012-09-24,0.800391
2012-09-21,0.802315
2012-09-20,0.804182
2012-09-19,0.806181
2012-09-18,0.80861
2012-09-17,0.806397
2012-09-14,0.801321
2012-09-13,0.799911
2012-09-12,0.798944
2012-09-11,0.799692
2012-09-10,0.797748
2012-09-07,0.792151
2012-09-06,0.791566
2012-09-05,0.792495
2012-09-04,0.792486
2012-09-03,0.792511
2012-08-31,0.79237
2012-08-30,0.792502
2012-08-29,0.792502
2012-08-28,0.791551
2012-08-27,0.790921
2012-08-24,0.790003
2012-08-23,0.78889
2012-08-22,0.786997
2012-08-21,0.785737
2012-08-20,0.785084
2012-08-17,0.784383
2012-08-16,0.785629
2012-08-15,0.786173
2012-08-14,0.784579
2012-08-13,0.785356
2012-08-10,0.789603
2012-08-09,0.792704
2012-08-08,0.794247
2012-08-07,0.793254
2012-08-06,0.790138
2012-08-03,0.78677
2012-08-02,0.784993
2012-08-01,0.782214
2012-07-31,0.781734
2012-07-30,0.78285
2012-07-27,0.782785
2012-07-26,0.780744
2012-07-25,0.77961
2012-07-24,0.778746
2012-07-23,0.779978
2012-07-20,0.783796
2012-07-19,0.784886
2012-07-18,0.785273
2012-07-17,0.78581
2012-07-16,0.787736
2012-07-13,0.789507
2012-07-12,0.790319
2012-07-11,0.792444
2012-07-10,0.793165
2012-07-09,0.796362
2012-07-06,0.80208
2012-07-05,0.803144
2012-07-04,0.803412
2012-07-03,0.805403
2012-07-02,0.804413
2012-06-29,0.800839
2012-06-28,0.800424
2012-06-27,0.802012
2012-06-26,0.804739
2012-06-25,0.806605
2012-06-22,0.806075
2012-06-21,0.806075
2012-06-20,0.80544
2012-06-19,0.805867
2012-06-18,0.806833
2012-06-15,0.808717
2012-06-14,0.805373
2012-06-13,0.806809
2012-06-12,0.809825
2012-06-11,0.810065
2012-06-08,0.810229
2012-06-07,0.810221
2012-06-06,0.810575
2012-06-05,0.809261
2012-06-04,0.806061
2012-06-01,0.799967
2012-05-31,0.799004
2012-05-30,0.80005
2012-05-29,0.800397
2012-05-28,0.800247
2012-05-25,0.802235
2012-05-24,0.805359
2012-05-23,0.808125
2012-05-22,0.807848
2012-05-21,0.805215
2012-05-18,0.799968
2012-05-17,0.797765
2012-05-16,0.798686
2012-05-15,0.80168
2012-05-14,0.803205
2012-05-11,0.802879
2012-05-10,0.804606
2012-05-09,0.807497
2012-05-08,0.807497
2012-05-07,0.810799
2012-05-04,0.812792
2012-05-03,0.814717
2012-05-02,0.81543
2012-05-01,0.814284
2012-04-30,0.81589
2012-04-27,0.817859
2012-04-26,0.817652
2012-04-25,0.816633
2012-04-24,0.817984
2012-04-23,0.819089
2012-04-20,0.81926
2012-04-19,0.822489
2012-04-18,0.824295
2012-04-17,0.824074
2012-04-16,0.824983
2012-04-13,0.824761
2012-04-12,0.824855
2012-04-11,0.824632
2012-04-10,0.824334
2012-04-09,0.825406
2012-04-06,0.82728
2012-04-05,0.830672
2012-04-04,0.832637
2012-04-03,0.832737
2012-04-02,0.834197
2012-03-30,0.836654
2012-03-29,0.836666
2012-03-28,0.835974
2012-03-27,0.835974
2012-03-26,0.835057
2012-03-23,0.833827
2012-03-22,0.834122
2012-03-21,0.832689
2012-03-20,0.831477
2012-03-19,0.832084
2012-03-16,0.832573
2012-03-15,0.834309
2012-03-14,0.838123
2012-03-13,0.837713
2012-03-12,0.837043
2012-03-09,0.836166
2012-03-08,0.83443
2012-03-07,0.833481
2012-03-06,0.833729
2012-03-05,0.834679
2012-03-02,0.838975
2012-03-01,0.845029
2012-02-29,0.847189
2012-02-28,0.846932
2012-02-27,0.847066
2012-02-24,0.844615
2012-02-23,0.839715
2012-02-22,0.835888
2012-02-21,0.832649
2012-02-20,0.832608
2012-02-17,0.832608
2012-02-16,0.836602
2012-02-15,0.837747
2012-02-14,0.838038
2012-02-13,0.837988
2012-02-10,0.837223
2012-02-09,0.833574
2012-02-08,0.830322
2012-02-07,0.830137
2012-02-06,0.831539
2012-02-03,0.831029
2012-02-02,0.83244
2012-02-01,0.836175
2012-01-31,0.838907
2012-01-30,0.839231
2012-01-27,0.83602
2012-01-26,0.83466
2012-01-25,0.834221
2012-01-24,0.831559
2012-01-23,0.831705
2012-01-20,0.833601
2012-01-19,0.831166
2012-01-18,0.828222
2012-01-17,0.827095
2012-01-16,0.829106
2012-01-13,0.829661
2012-01-12,0.825938
2012-01-11,0.825563
2012-01-10,0.824645
2012-01-09,0.825541
2012-01-06,0.829126
2012-01-05,0.832982
2012-01-04,0.834658
2012-01-03,0.834065
2012-01-02,0.834986
2011-12-30,0.836553
2011-12-29,0.835047
2011-12-28,0.83563
2011-12-27,0.836546
2011-12-26,0.835507
2011-12-23,0.833407
2011-12-22,0.835596
2011-12-21,0.837969
2011-12-20,0.839308
2011-12-19,0.839257
2011-12-16,0.840095
2011-12-15,0.842383
2011-12-14,0.847272
2011-12-13,0.852195
2011-12-12,0.853812
2011-12-09,0.854809
2011-12-08,0.857268
2011-12-07,0.857693
2011-12-06,0.858788
2011-12-05,0.858239
2011-12-02,0.856496
2011-12-01,0.855754
2011-11-30,0.857794
2011-11-29,0.858299
2011-11-28,0.858477
2011-11-25,0.860949
2011-11-24,0.862464
2011-11-23,0.862059
2011-11-22,0.858104
2011-11-21,0.855837
2011-11-18,0.855652
2011-11-17,0.855318
2011-11-16,0.85611
2011-11-15,0.856754
2011-11-14,0.854462
2011-11-11,0.853564
2011-11-10,0.856538
2011-11-09,0.857867
2011-11-08,0.859216
2011-11-07,0.860465
2011-11-04,0.860802
2011-11-03,0.859941
2011-11-02,0.86434
2011-11-01,0.874454
2011-10-31,0.876885
2011-10-28,0.873572
2011-10-27,0.869916
2011-10-26,0.870062
2011-10-25,0.870298
2011-10-24,0.871402
2011-10-21,0.873335
2011-10-20,0.873877
2011-10-19,0.8736
2011-10-18,0.87611
2011-10-17,0.876429
2011-10-14,0.875155
2011-10-13,0.87428
2011-10-12,0.870181
2011-10-11,0.864019
2011-10-10,0.862334
2011-10-07,0.864719
2011-10-06,0.860471
2011-10-05,0.857651
2011-10-04,0.858371
2011-10-03,0.86288
2011-09-30,0.870049
2011-09-29,0.869529
2011-09-28,0.869062
2011-09-27,0.870698
2011-09-26,0.874186
2011-09-23,0.874932
2011-09-22,0.872354
2011-09-21,0.870227
2011-09-20,0.871459
2011-09-19,0.871404
2011-09-16,0.871404
2011-09-15,0.866267
2011-09-14,0.861857
2011-09-13,0.859387
2011-09-12,0.866341
2011-09-09,0.878414
2011-09-08,0.878436
2011-09-07,0.876129
2011-09-06,0.875817
2011-09-05,0.87891
2011-09-02,0.883884
2011-09-01,0.885152
2011-08-31,0.885083
2011-08-30,0.885554
2011-08-29,0.884228
2011-08-26,0.87948
2011-08-25,0.875387
2011-08-24,0.873235
2011-08-23,0.873335
2011-08-22,0.873073
2011-08-19,0.872531
2011-08-18,0.876796
2011-08-17,0.879044
2011-08-16,0.877581
2011-08-15,0.876483
2011-08-12,0.879272
2011-08-11,0.877981
2011-08-10,0.872165
2011-08-09,0.871122
2011-08-08,0.871319
2011-08-05,0.871459
2011-08-04,0.872586
2011-08-03,0.87411
2011-08-02,0.876017
2011-08-01,0.876826
2011-07-29,0.879436
2011-07-28,0.882985
2011-07-27,0.883513
2011-07-26,0.881588
2011-07-25,0.880913
2011-07-22,0.88059
2011-07-21,0.87906
2011-07-20,0.877148
2011-07-19,0.875894
2011-07-18,0.878285
2011-07-15,0.879785
2011-07-14,0.879835
2011-07-13,0.881713
2011-07-12,0.885896
2011-07-11,0.891131
2011-07-08,0.896392
2011-07-07,0.898552
2011-07-06,0.901967
2011-07-05,0.90375
2011-07-04,0.903369
2011-07-01,0.900809
2011-06-30,0.897243
2011-06-29,0.893331
2011-06-28,0.889294
2011-06-27,0.889509
2011-06-24,0.890083
2011-06-23,0.88828
2011-06-22,0.884367
2011-06-21,0.882978
2011-06-20,0.880936
2011-06-17,0.877375
2011-06-16,0.879908
2011-06-15,0.881431
2011-06-14,0.883059
2011-06-13,0.885914
2011-06-10,0.890311
2011-06-09,0.892092
2011-06-08,0.892092
2011-06-07,0.891129
2011-06-06,0.887598
2011-06-03,0.87979
2011-06-02,0.875173
2011-06-01,0.87006
2011-05-31,0.867178
2011-05-30,0.866939
2011-05-27,0.866956
2011-05-26,0.869505
2011-05-25,0.871358
2011-05-24,0.870731
2011-05-23,0.875708
2011-05-20,0.881153
2011-05-19,0.877372
2011-05-18,0.873264
2011-05-17,0.872207
2011-05-16,0.871246
2011-05-13,0.872288
2011-05-12,0.875661
2011-05-11,0.877088
2011-05-10,0.876733
2011-05-09,0.883271
2011-05-06,0.897351
2011-05-05,0.897797
2011-05-04,0.892703
2011-05-03,0.887917
2011-05-02,0.887361
2011-04-29,0.888948
2011-04-28,0.887358
2011-04-27,0.884518
2011-04-26,0.882542
2011-04-25,0.882631
2011-04-22,0.883352
2011-04-21,0.880352
2011-04-20,0.877761
2011-04-19,0.881398
2011-04-18,0.884606
2011-04-15,0.887342
2011-04-14,0.888776
2011-04-13,0.885541
2011-04-12,0.883489
2011-04-11,0.881197
2011-04-08,0.876234
2011-04-07,0.876022
2011-04-06,0.878631
2011-04-05,0.882292
2011-04-04,0.882532
2011-04-01,0.880481
2011-03-31,0.879969
2011-03-30,0.880245
2011-03-29,0.878637
2011-03-28,0.875752
2011-03-25,0.870455
2011-03-24,0.868717
2011-03-23,0.87097
2011-03-22,0.872922
2011-03-21,0.87176
2011-03-18,0.868794
2011-03-17,0.867899
2011-03-16,0.86599
2011-03-15,0.86599
2011-03-14,0.862267
2011-03-11,0.858387
2011-03-10,0.860026
2011-03-09,0.861123
2011-03-08,0.860254
2011-03-07,0.857034
2011-03-04,0.850695
2011-03-03,0.848347
2011-03-02,0.849999
2011-03-01,0.852818
2011-02-28,0.852356
2011-02-25,0.849206
2011-02-24,0.845431
2011-02-23,0.843159
2011-02-22,0.842789
2011-02-21,0.842452
2011-02-18,0.841281
2011-02-17,0.839772
2011-02-16,0.840765
2011-02-15,0.843833
2011-02-14,0.847333
2011-02-11,0.849512
2011-02-10,0.848153
2011-02-09,0.844425
2011-02-08,0.842531
2011-02-07,0.845578
2011-02-04,0.851403
2011-02-03,0.855952
2011-02-02,0.855952
2011-02-01,0.857956
2011-01-31,0.859296
2011-01-28,0.862026
2011-01-27,0.862028
2011-01-26,0.855873
2011-01-25,0.851712
2011-01-24,0.848624
2011-01-21,0.843244
2011-01-20,0.839567
2011-01-19,0.83741
2011-01-18,0.84052
2011-01-17,0.840939
2011-01-14,0.834437
2011-01-13,0.831688
2011-01-12,0.831309
2011-01-11,0.830698
2011-01-10,0.83625
2011-01-07,0.847724
2011-01-06,0.854253
2011-01-05,0.85896
2011-01-04,0.858226
2011-01-03,0.856944
2010-12-31,0.855297
2010-12-30,0.853633
2010-12-29,0.853775
2010-12-28,0.851257
2010-12-27,0.850294
2010-12-24,0.850119
2010-12-23,0.848688
2010-12-22,0.847462
2010-12-21,0.847792
2010-12-20,0.84886
2010-12-17,0.848944
2010-12-16,0.848164
2010-12-15,0.844085
2010-12-14,0.838499
2010-12-13,0.83793
2010-12-10,0.839731
2010-12-09,0.842295
2010-12-08,0.846602
2010-12-07,0.848788
2010-12-06,0.847436
2010-12-03,0.840902
2010-12-02,0.838569
2010-12-01,0.842565
2010-11-30,0.847694
2010-11-29,0.848201
2010-11-26,0.84625
2010-11-25,0.848041
2010-11-24,0.852923
2010-11-23,0.856335
2010-11-22,0.85459
2010-11-19,0.851309
2010-11-18,0.84933
2010-11-17,0.848422
2010-11-16,0.848726
2010-11-15,0.850264
2010-11-12,0.854083
2010-11-11,0.859757
2010-11-10,0.862832
2010-11-09,0.865514
2010-11-08,0.870753
2010-11-05,0.875406
2010-11-04,0.872626
2010-11-03,0.870159
2010-11-02,0.869146
2010-11-01,0.871258
2010-10-29,0.873525
2010-10-28,0.875195
2010-10-27,0.882931
2010-10-26,0.890191
2010-10-25,0.888697
2010-10-22,0.883929
2010-10-21,0.878806
2010-10-20,0.877138
2010-10-19,0.875141
2010-10-18,0.876105
2010-10-15,0.879832
2010-10-14,0.878606
2010-10-13,0.874762
2010-10-12,0.874363
2010-10-11,0.874823
2010-10-08,0.875299
2010-10-07,0.871377
2010-10-06,0.867718
2010-10-05,0.868567
2010-10-04,0.868292
2010-10-01,0.861928
2010-09-30,0.858389
2010-09-29,0.852572
2010-09-28,0.851352
2010-09-27,0.852062
2010-09-24,0.852025
2010-09-23,0.850018
2010-09-22,0.842145
2010-09-21,0.837124
2010-09-20,0.835489
2010-09-17,0.835987
2010-09-16,0.835381
2010-09-15,0.834358
2010-09-14,0.829661
2010-09-13,0.825099
2010-09-10,0.823463
2010-09-09,0.825855
2010-09-08,0.832692
2010-09-07,0.835584
2010-09-06,0.833644
2010-09-03,0.830912
2010-09-02,0.826912
2010-09-01,0.822023
2010-08-31,0.819899
2010-08-30,0.82033
2010-08-27,0.818599
2010-08-26,0.818599
2010-08-25,0.818599
2010-08-24,0.817137
2010-08-23,0.819755
2010-08-20,0.823154
2010-08-19,0.824489
2010-08-18,0.822567
2010-08-17,0.819316
2010-08-16,0.819811
2010-08-13,0.824076
2010-08-12,0.82844
2010-08-11,0.832216
2010-08-10,0.832017
2010-08-09,0.831853
2010-08-06,0.829483
2010-08-05,0.829242
2010-08-04,0.829448
2010-08-03,0.829941
2010-08-02,0.833639
2010-07-30,0.835385
2010-07-29,0.834872
2010-07-28,0.836662
2010-07-27,0.836566
2010-07-26,0.839189
2010-07-23,0.84262
2010-07-22,0.843952
2010-07-21,0.847779
2010-07-20,0.846915
2010-07-19,0.841722
2010-07-16,0.835584
2010-07-15,0.835277
2010-07-14,0.836908
2010-07-13,0.838326
2010-07-12,0.837788
2010-07-09,0.834288
2010-07-08,0.831177
2010-07-07,0.829371
2010-07-06,0.827093
2010-07-05,0.824717
2010-07-02,0.820647
2010-07-01,0.814238
2010-06-30,0.813187
2010-06-29,0.819605
2010-06-28,0.822421
2010-06-25,0.823445
2010-06-24,0.826866
2010-06-23,0.832956
2010-06-22,0.835268
2010-06-21,0.835826
2010-06-18,0.834217
2010-06-17,0.831195
2010-06-16,0.830771
2010-06-15,0.831437
2010-06-14,0.829767
2010-06-11,0.825622
2010-06-10,0.826888
2010-06-09,0.826907
2010-06-08,0.82633
2010-06-07,0.830628
2010-06-04,0.834695
2010-06-03,0.835463
2010-06-02,0.842094
2010-06-01,0.848455
2010-05-31,0.848654
2010-05-28,0.849044
2010-05-27,0.853044
2010-05-26,0.857285
2010-05-25,0.863236
2010-05-24,0.8666
2010-05-21,0.860701
2010-05-20,0.855817
2010-05-19,0.855616
2010-05-18,0.853388
2010-05-17,0.85197
2010-05-14,0.852682
2010-05-13,0.851815
2010-05-12,0.859015
2010-05-11,0.864099
2010-05-10,0.857652
2010-05-07,0.850794
2010-05-06,0.856819
2010-05-05,0.863998
2010-05-04,0.868074
2010-05-03,0.869293
2010-04-30,0.867729
2010-04-29,0.867353
2010-04-28,0.865591
2010-04-27,0.865791
2010-04-26,0.868695
2010-04-23,0.868079
2010-04-22,0.87301
2010-04-21,0.878395
2010-04-20,0.880466
2010-04-19,0.87834
2010-04-16,0.879607
2010-04-15,0.883287
2010-04-14,0.883287
2010-04-13,0.881292
2010-04-12,0.877397
2010-04-09,0.876333
2010-04-08,0.878997
2010-04-07,0.88201
2010-04-06,0.884947
2010-04-05,0.887325
2010-04-02,0.888312
2010-04-01,0.891209
2010-03-31,0.89514
2010-03-30,0.899593
2010-03-29,0.898249
2010-03-26,0.895037
2010-03-25,0.896384
2010-03-24,0.899231
2010-03-23,0.900572
2010-03-22,0.898396
2010-03-19,0.896038
2010-03-18,0.901979
2010-03-17,0.907403
2010-03-16,0.907693
2010-03-15,0.906968
2010-03-12,0.910008
2010-03-11,0.909596
2010-03-10,0.905408
2010-03-09,0.901888
2010-03-08,0.902062
2010-03-05,0.905978
2010-03-04,0.907229
2010-03-03,0.905641
2010-03-02,0.900143
2010-03-01,0.890758
2010-02-26,0.881363
2010-02-25,0.87815
2010-02-24,0.878725
2010-02-23,0.879528
2010-02-22,0.876137
2010-02-19,0.870062
2010-02-18,0.87041
2010-02-17,0.87008
2010-02-16,0.868364
2010-02-15,0.872025
2010-02-12,0.878671
2010-02-11,0.878585
2010-02-10,0.877272
2010-02-09,0.875005
2010-02-08,0.873456
2010-02-05,0.873463
2010-02-04,0.873827
2010-02-03,0.872987
2010-02-02,0.870318
2010-02-01,0.866736
2010-01-29,0.866626
2010-01-28,0.870411
2010-01-27,0.873169
2010-01-26,0.876923
2010-01-25,0.874457
2010-01-22,0.868934
2010-01-21,0.87229
2010-01-20,0.877969
2010-01-19,0.882495
2010-01-18,0.886684
2010-01-15,0.891912
2010-01-14,0.895828
2010-01-13,0.899459
2010-01-12,0.899647
2010-01-11,0.899222
2010-01-08,0.899209
2010-01-07,0.898104
2010-01-06,0.894905
2010-01-05,0.888612
2010-01-04,0.888156
2010-01-01,0.894249
2009-12-31,0.900254
2009-12-30,0.900254
2009-12-29,0.901357
2009-12-28,0.901216
2009-12-25,0.897554
2009-12-24,0.893482
2009-12-23,0.89046
2009-12-22,0.888374
2009-12-21,0.887794
2009-12-18,0.890163
2009-12-17,0.894019
2009-12-16,0.898216
2009-12-15,0.900219
2009-12-14,0.901044
2009-12-11,0.905169
2009-12-10,0.905065
2009-12-09,0.903938
2009-12-08,0.902995
2009-12-07,0.903948
2009-12-04,0.906946
2009-12-03,0.908445
2009-12-02,0.91105
2009-12-01,0.909815
2009-11-30,0.908137
2009-11-27,0.90604
2009-11-26,0.902364
2009-11-25,0.902142
2009-11-24,0.901369
2009-11-23,0.897928
2009-11-20,0.891816
2009-11-19,0.888089
2009-11-18,0.889878
2009-11-17,0.893928
2009-11-16,0.896945
2009-11-13,0.901166
2009-11-12,0.898319
2009-11-11,0.8955
2009-11-10,0.89526
2009-11-09,0.89526
2009-11-06,0.896987
2009-11-05,0.897446
2009-11-04,0.900025
2009-11-03,0.897883
2009-11-02,0.895692
2009-10-30,0.899543
2009-10-29,0.905348
2009-10-28,0.912791
2009-10-27,0.919355
2009-10-26,0.913996
2009-10-23,0.905043
2009-10-22,0.908659
2009-10-21,0.912401
2009-10-20,0.912538
2009-10-19,0.91625
2009-10-16,0.927718
2009-10-15,0.934113
2009-10-14,0.934667
2009-10-13,0.931388
2009-10-12,0.926353
2009-10-09,0.921705
2009-10-08,0.923602
2009-10-07,0.920582
2009-10-06,0.915825
2009-10-05,0.913821
2009-10-02,0.913081
2009-10-01,0.914163
2009-09-30,0.918641
2009-09-29,0.921914
2009-09-28,0.91547
2009-09-25,0.905424
2009-09-24,0.903399
2009-09-23,0.905513
2009-09-22,0.905172
2009-09-21,0.8999
2009-09-18,0.892013
2009-09-17,0.888197
2009-09-16,0.88169
2009-09-15,0.876968
2009-09-14,0.876102
2009-09-11,0.878508
2009-09-10,0.878007
2009-09-09,0.875999
2009-09-08,0.873728
2009-09-07,0.873159
2009-09-04,0.876363
2009-09-03,0.879345
2009-09-02,0.880594
2009-09-01,0.879969
2009-08-31,0.879278
2009-08-28,0.878475
2009-08-27,0.875351
2009-08-26,0.87145
2009-08-25,0.868603
2009-08-24,0.865636
2009-08-21,0.86034
2009-08-20,0.858211
2009-08-19,0.85972
2009-08-18,0.86056
2009-08-17,0.859504
2009-08-14,0.860441
2009-08-13,0.858965
2009-08-12,0.856679
2009-08-11,0.852271
2009-08-10,0.850357
2009-08-07,0.849971
2009-08-06,0.849378
2009-08-05,0.85041
2009-08-04,0.851727
2009-08-03,0.853631
2009-07-31,0.857224
2009-07-30,0.861772
2009-07-29,0.863746
2009-07-28,0.864644
2009-07-27,0.86387
2009-07-24,0.863353
2009-07-23,0.864473
2009-07-22,0.862684
2009-07-21,0.862682
2009-07-20,0.861738
2009-07-17,0.858483
2009-07-16,0.857926
2009-07-15,0.859467
2009-07-14,0.860443
2009-07-13,0.860639
2009-07-10,0.863025
2009-07-09,0.863142
2009-07-08,0.860656
2009-07-07,0.85814
2009-07-06,0.856466
2009-07-03,0.856725
2009-07-02,0.853635
2009-07-01,0.85038
2009-06-30,0.850579
2009-06-29,0.851316
2009-06-26,0.852817
2009-06-25,0.852817
2009-06-24,0.850468
2009-06-23,0.844963
2009-06-22,0.847841
2009-06-19,0.851105
2009-06-18,0.847259
2009-06-17,0.847088
2009-06-16,0.850278
2009-06-15,0.852681
2009-06-12,0.855856
2009-06-11,0.861237
2009-06-10,0.867204
2009-06-09,0.87326
2009-06-08,0.873103
2009-06-05,0.86767
2009-06-04,0.862027
2009-06-03,0.864773
2009-06-02,0.870358
2009-06-01,0.872703
2009-05-29,0.871176
2009-05-28,0.874515
2009-05-27,0.879517
2009-05-26,0.88005
2009-05-25,0.877868
2009-05-22,0.877451
2009-05-21,0.880233
2009-05-20,0.883011
2009-05-19,0.886631
2009-05-18,0.891989
2009-05-15,0.896767
2009-05-14,0.896364
2009-05-13,0.896864
2009-05-12,0.896847
2009-05-11,0.89146
2009-05-08,0.884914
2009-05-07,0.885512
2009-05-06,0.889647
2009-05-05,0.890529
2009-05-04,0.892113
2009-05-01,0.897037
2009-04-30,0.895924
2009-04-29,0.89569
2009-04-28,0.90077
2009-04-27,0.8997
2009-04-24,0.892944
2009-04-23,0.888085
2009-04-22,0.887158
2009-04-21,0.884299
2009-04-20,0.881985
2009-04-17,0.884015
2009-04-16,0.889576
2009-04-15,0.896195
2009-04-14,0.898884
2009-04-13,0.89978
2009-04-10,0.901442
2009-04-09,0.902855
2009-04-08,0.907093
2009-04-07,0.908613
2009-04-06,0.910728
2009-04-03,0.916891
2009-04-02,0.923756
2009-04-01,0.928394
2009-03-31,0.92902
2009-03-30,0.930059
2009-03-27,0.928698
2009-03-26,0.924017
2009-03-25,0.930859
2009-03-24,0.938546
2009-03-23,0.940751
2009-03-20,0.939391
2009-03-19,0.929893
2009-03-18,0.922778
2009-03-17,0.921894
2009-03-16,0.924322
2009-03-13,0.925279
2009-03-12,0.921721
2009-03-11,0.913228
2009-03-10,0.901922
2009-03-09,0.895196
2009-03-06,0.890553
2009-03-05,0.893202
2009-03-04,0.893258
2009-03-03,0.887527
2009-03-02,0.888153
2009-02-27,0.891032
2009-02-26,0.884898
2009-02-25,0.881392
2009-02-24,0.88644
2009-02-23,0.886368
2009-02-20,0.883411
2009-02-19,0.88604
2009-02-18,0.89166
2009-02-17,0.896792
2009-02-16,0.897897
2009-02-13,0.897646
2009-02-12,0.886884
2009-02-11,0.874885
2009-02-10,0.874625
2009-02-09,0.878386
2009-02-06,0.888841
2009-02-05,0.899367
2009-02-04,0.899477
2009-02-03,0.888758
2009-02-02,0.896487
2009-01-30,0.923276
2009-01-29,0.931778
2009-01-28,0.94002
2009-01-27,0.942918
2009-01-26,0.939574
2009-01-23,0.935944
2009-01-22,0.928243
2009-01-21,0.913262
2009-01-20,0.90159
2009-01-19,0.900538
2009-01-16,0.90321
2009-01-15,0.906362
2009-01-14,0.901131
2009-01-13,0.891928
2009-01-12,0.893425
2009-01-09,0.903532
2009-01-08,0.910828
2009-01-07,0.928641
2009-01-06,0.949983
2009-01-05,0.956547
2009-01-02,0.960636
2009-01-01,0.970631
2008-12-31,0.971761
2008-12-30,0.966606
2008-12-29,0.958721
2008-12-26,0.949422
2008-12-25,0.946224
2008-12-24,0.942406
2008-12-23,0.936566
2008-12-22,0.933779
2008-12-19,0.927569
2008-12-18,0.905393
2008-12-17,0.896503
2008-12-16,0.895003
2008-12-15,0.889345
2008-12-12,0.879847
2008-12-11,0.873885
2008-12-10,0.868514
2008-12-09,0.865781
2008-12-08,0.86466
2008-12-05,0.86029
2008-12-04,0.853089
2008-12-03,0.844172
2008-12-02,0.83182
2008-12-01,0.830505
2008-11-28,0.840641
2008-11-27,0.846397
2008-11-26,0.849229
2008-11-25,0.845818
2008-11-24,0.842239
2008-11-21,0.840662
2008-11-20,0.841634
2008-11-19,0.845144
2008-11-18,0.852002
2008-11-17,0.848959
2008-11-14,0.832512
2008-11-13,0.818444
2008-11-12,0.815189
2008-11-11,0.813979
2008-11-10,0.811821
2008-11-07,0.81057
2008-11-06,0.808364
2008-11-05,0.800047
2008-11-04,0.793045
2008-11-03,0.792592
2008-10-31,0.792592
2008-10-30,0.795922
2008-10-29,0.800828
2008-10-28,0.798641
2008-10-27,0.792583
2008-10-24,0.789401
2008-10-23,0.782934
2008-10-22,0.775744
2008-10-21,0.775294
2008-10-20,0.777316
2008-10-17,0.779441
2008-10-16,0.779825
2008-10-15,0.784111
2008-10-14,0.788459
2008-10-13,0.788339
2008-10-10,0.787749
2008-10-09,0.779482
2008-10-08,0.775387
2008-10-07,0.775236
2008-10-06,0.781198
2008-10-03,0.789199
2008-10-02,0.792871
2008-10-01,0.794757
2008-09-30,0.794006
2008-09-29,0.792449
2008-09-26,0.79221
2008-09-25,0.792826
2008-09-24,0.794183
2008-09-23,0.791372
2008-09-22,0.790024
2008-09-19,0.791397
2008-09-18,0.793422
2008-09-17,0.794242
2008-09-16,0.793956
2008-09-15,0.794453
2008-09-12,0.798529
2008-09-11,0.802157
2008-09-10,0.803789
2008-09-09,0.80598
2008-09-08,0.810216
2008-09-05,0.814023
2008-09-04,0.814023
2008-09-03,0.812485
2008-09-02,0.809303
2008-09-01,0.80531
2008-08-29,0.802015
2008-08-28,0.797739
2008-08-27,0.797036
2008-08-26,0.798273
2008-08-25,0.796289
2008-08-22,0.792284
2008-08-21,0.79077
2008-08-20,0.78892
2008-08-19,0.787996
2008-08-18,0.790344
2008-08-15,0.794091
2008-08-14,0.78752
2008-08-13,0.781963
2008-08-12,0.784812
2008-08-11,0.784812
2008-08-08,0.791864
2008-08-07,0.791864
2008-08-06,0.791918
2008-08-05,0.789802
2008-08-04,0.787752
2008-08-01,0.787152
2008-07-31,0.787723
2008-07-30,0.789504
2008-07-29,0.789655
2008-07-28,0.788297
2008-07-25,0.788188
2008-07-24,0.791258
2008-07-23,0.79463
2008-07-22,0.79419
2008-07-21,0.792547
2008-07-18,0.792687
2008-07-17,0.79455
2008-07-16,0.797618
2008-07-15,0.800333
2008-07-14,0.799053
2008-07-11,0.795536
2008-07-10,0.795528
2008-07-09,0.794586
2008-07-08,0.792929
2008-07-07,0.793748
2008-07-04,0.795493
2008-07-03,0.792986
2008-07-02,0.791123
2008-07-01,0.791663
2008-06-30,0.792127
2008-06-27,0.792118
2008-06-26,0.790662
2008-06-25,0.790562
2008-06-24,0.790251
2008-06-23,0.789875
2008-06-20,0.791184
2008-06-19,0.792304
2008-06-18,0.79022
2008-06-17,0.789195
2008-06-16,0.790533
2008-06-13,0.791713
2008-06-12,0.792008
2008-06-11,0.794672
2008-06-10,0.799634
2008-06-09,0.797154
2008-06-06,0.790584
2008-06-05,0.789384
2008-06-04,0.789927
2008-06-03,0.787778
2008-06-02,0.786117
2008-05-30,0.790083
2008-05-29,0.794211
2008-05-28,0.796344
2008-05-27,0.796138
2008-05-26,0.79666
2008-05-23,0.797923
2008-05-22,0.797627
2008-05-21,0.796147
2008-05-20,0.796126
2008-05-19,0.795662
2008-05-16,0.79542
2008-05-15,0.795025
2008-05-14,0.793537
2008-05-13,0.791717
2008-05-12,0.790222
2008-05-09,0.786872
2008-05-08,0.787575
2008-05-07,0.785873
2008-05-06,0.783464
2008-05-05,0.783125
2008-05-02,0.786497
2008-05-01,0.788979
2008-04-30,0.787451
2008-04-29,0.787162
2008-04-28,0.79126
2008-04-25,0.799987
2008-04-24,0.801999
2008-04-23,0.800103
2008-04-22,0.794627
2008-04-21,0.796833
2008-04-18,0.805727
2008-04-17,0.805015
2008-04-16,0.801663
2008-04-15,0.800584
2008-04-14,0.802099
2008-04-11,0.799949
2008-04-10,0.797363
2008-04-09,0.793057
2008-04-08,0.789867
2008-04-07,0.788495
2008-04-04,0.787368
2008-04-03,0.790061
2008-04-02,0.793127
2008-04-01,0.793319
2008-03-31,0.789994
2008-03-28,0.785322
2008-03-27,0.781751
2008-03-26,0.778672
2008-03-25,0.777879
2008-03-24,0.780485
2008-03-21,0.783554
2008-03-20,0.783916
2008-03-19,0.784704
2008-03-18,0.781026
2008-03-17,0.772584
2008-03-14,0.765968
2008-03-13,0.764983
2008-03-12,0.763737
2008-03-11,0.76224
2008-03-10,0.764103
2008-03-07,0.766728
2008-03-06,0.766314
2008-03-05,0.765686
2008-03-04,0.764553
2008-03-03,0.762817
2008-02-29,0.760139
2008-02-28,0.755584
2008-02-27,0.753788
2008-02-26,0.75371
2008-02-25,0.754647
2008-02-22,0.755823
2008-02-21,0.755033
2008-02-20,0.752379
2008-02-19,0.749788
2008-02-18,0.746467
2008-02-15,0.742575
2008-02-14,0.743757
2008-02-13,0.745005
2008-02-12,0.746006
2008-02-11,0.745974
2008-02-08,0.746447
2008-02-07,0.74701
2008-02-06,0.749822
2008-02-05,0.752198
2008-02-04,0.750995
2008-02-01,0.745696
2008-01-31,0.743292
2008-01-30,0.743291
2008-01-29,0.741712
2008-01-28,0.743154
2008-01-25,0.747313
2008-01-24,0.745603
2008-01-23,0.744074
2008-01-22,0.74564
2008-01-21,0.746843
2008-01-18,0.748777
2008-01-17,0.755497
2008-01-16,0.757949
2008-01-15,0.75682
2008-01-14,0.753399
2008-01-11,0.749253
2008-01-10,0.746629
2008-01-09,0.745717
2008-01-08,0.746581
2008-01-07,0.745897
2008-01-04,0.742361
2008-01-03,0.737423
2008-01-02,0.735514
2008-01-01,0.73669
2007-12-31,0.734645
2007-12-28,0.729711
2007-12-27,0.728493
2007-12-26,0.727397
2007-12-25,0.725896
2007-12-24,0.72352
2007-12-21,0.71936
2007-12-20,0.715578
2007-12-19,0.713817
2007-12-18,0.714432
2007-12-17,0.716482
2007-12-14,0.718954
2007-12-13,0.719087
2007-12-12,0.719373
2007-12-11,0.720789
2007-12-10,0.721283
2007-12-07,0.720122
2007-12-06,0.716881
2007-12-05,0.712171
2007-12-04,0.712635
2007-12-03,0.712635
2007-11-30,0.714829
2007-11-29,0.716357
2007-11-28,0.717977
2007-11-27,0.718749
2007-11-26,0.719376
2007-11-23,0.719157
2007-11-22,0.717539
2007-11-21,0.715376
2007-11-20,0.714142
2007-11-19,0.7138
2007-11-16,0.711628
2007-11-15,0.707106
2007-11-14,0.7052
2007-11-13,0.703104
2007-11-12,0.700006
2007-11-09,0.697209
2007-11-08,0.697392
2007-11-07,0.695785
2007-11-06,0.694864
2007-11-05,0.694864
2007-11-02,0.695712
2007-11-01,0.697713
2007-10-31,0.699177
2007-10-30,0.700882
2007-10-29,0.699778
2007-10-26,0.696369
2007-10-25,0.695755
2007-10-24,0.697181
2007-10-23,0.697707
2007-10-22,0.697253
2007-10-19,0.697421
2007-10-18,0.696887
2007-10-17,0.6964
2007-10-16,0.696591
2007-10-15,0.696123
2007-10-12,0.694414
2007-10-11,0.691736
2007-10-10,0.691247
2007-10-09,0.691888
2007-10-08,0.692741
2007-10-05,0.693878
2007-10-04,0.69466
2007-10-03,0.69586
2007-10-02,0.69694
2007-10-01,0.698114
2007-09-28,0.700359
2007-09-27,0.700354
2007-09-26,0.698431
2007-09-25,0.697077
2007-09-24,0.69813
2007-09-21,0.697924
2007-09-20,0.695845
2007-09-19,0.694484
2007-09-18,0.692266
2007-09-17,0.688817
2007-09-14,0.68409
2007-09-13,0.68167
2007-09-12,0.680277
2007-09-11,0.679203
2007-09-10,0.677671
2007-09-07,0.67594
2007-09-06,0.675617
2007-09-05,0.675256
2007-09-04,0.676377
2007-09-03,0.676377
2007-08-31,0.677917
2007-08-30,0.678719
2007-08-29,0.678742
2007-08-28,0.678338
2007-08-27,0.678592
2007-08-24,0.678539
2007-08-23,0.679377
2007-08-22,0.679686
2007-08-21,0.680072
2007-08-20,0.678761
2007-08-17,0.676723
2007-08-16,0.677441
2007-08-15,0.677441
2007-08-14,0.677053
2007-08-13,0.676835
2007-08-10,0.677698
2007-08-09,0.679432
2007-08-08,0.679275
2007-08-07,0.676873
2007-08-06,0.674196
2007-08-03,0.673277
2007-08-02,0.674309
2007-08-01,0.674761
2007-07-31,0.674315
2007-07-30,0.672116
2007-07-27,0.669548
2007-07-26,0.669989
2007-07-25,0.670907
2007-07-24,0.672137
2007-07-23,0.672788
2007-07-20,0.673122
2007-07-19,0.673794
2007-07-18,0.675915
2007-07-17,0.677154
2007-07-16,0.67764
2007-07-13,0.6773
2007-07-12,0.6773
2007-07-11,0.676739
2007-07-10,0.677151
2007-07-09,0.67703
2007-07-06,0.675486
2007-07-05,0.67514
2007-07-04,0.675059
2007-07-03,0.674529
2007-07-02,0.673553
2007-06-29,0.672855
2007-06-28,0.6733
2007-06-27,0.673563
2007-06-26,0.673571
2007-06-25,0.673184
2007-06-22,0.673128
2007-06-21,0.674933
2007-06-20,0.675902
2007-06-19,0.676807
2007-06-18,0.676657
2007-06-15,0.6748
2007-06-14,0.674965
2007-06-13,0.677332
2007-06-12,0.67868
2007-06-11,0.678573
2007-06-08,0.67816
2007-06-07,0.678027
2007-06-06,0.678084
2007-06-05,0.678084
2007-06-04,0.679038
2007-06-01,0.679746
2007-05-31,0.679031
2007-05-30,0.678441
2007-05-29,0.677962
2007-05-28,0.677362
2007-05-25,0.678197
2007-05-24,0.680833
2007-05-23,0.682969
2007-05-22,0.683921
2007-05-21,0.683921
2007-05-18,0.68409
2007-05-17,0.684563
2007-05-16,0.684048
2007-05-15,0.683053
2007-05-14,0.681628
2007-05-11,0.679865
2007-05-10,0.6804
2007-05-09,0.68164
2007-05-08,0.682328
2007-05-07,0.682328
2007-05-04,0.68239
2007-05-03,0.68154
2007-05-02,0.682114
2007-05-01,0.683082
2007-04-30,0.682762
2007-04-27,0.681446
2007-04-26,0.680358
2007-04-25,0.679035
2007-04-24,0.67856
2007-04-23,0.678724
2007-04-20,0.677843
2007-04-19,0.677394
2007-04-18,0.679653
2007-04-17,0.681381
2007-04-16,0.681129
2007-04-13,0.680434
2007-04-12,0.680057
2007-04-11,0.680887
2007-04-10,0.680665
2007-04-09,0.679641
2007-04-06,0.677329
2007-04-05,0.675923
2007-04-04,0.676391
2007-04-03,0.677866
2007-04-02,0.67864
2007-03-30,0.67892
2007-03-29,0.6788
2007-03-28,0.677587
2007-03-27,0.677009
2007-03-26,0.678043
2007-03-23,0.679277
2007-03-22,0.679938
2007-03-21,0.682826
2007-03-20,0.685039
2007-03-19,0.684686
2007-03-16,0.683723
2007-03-15,0.683898
2007-03-14,0.681735
2007-03-13,0.679381
2007-03-12,0.679784
2007-03-09,0.68092
2007-03-08,0.680344
2007-03-07,0.68092
2007-03-06,0.679682
2007-03-05,0.675724
2007-03-02,0.673787
2007-03-01,0.673435
2007-02-28,0.671898
2007-02-27,0.670955
2007-02-26,0.671175
2007-02-23,0.672137
2007-02-22,0.672967
2007-02-21,0.673872
2007-02-20,0.674077
2007-02-19,0.672757
2007-02-16,0.669965
2007-02-15,0.668796
2007-02-14,0.667048
2007-02-13,0.666781
2007-02-12,0.665466
2007-02-09,0.660903
2007-02-08,0.659211
2007-02-07,0.659148
2007-02-06,0.659488
2007-02-05,0.660503
2007-02-02,0.662247
2007-02-01,0.661135
2007-01-31,0.660022
2007-01-30,0.659545
2007-01-29,0.659154
2007-01-26,0.658652
2007-01-25,0.656971
2007-01-24,0.655531
2007-01-23,0.656411
2007-01-22,0.656637
2007-01-19,0.657129
2007-01-18,0.658299
2007-01-17,0.659006
2007-01-16,0.659379
2007-01-15,0.662883
2007-01-12,0.668627
2007-01-11,0.670297
2007-01-10,0.671858
2007-01-09,0.673549
2007-01-08,0.674154
2007-01-05,0.674161
2007-01-04,0.673656
2007-01-03,0.673547
2007-01-02,0.672647
2007-01-01,0.672647
2006-12-29,0.670713
2006-12-28,0.670781
2006-12-27,0.670525
2006-12-26,0.670438
2006-12-25,0.670675
2006-12-22,0.670814
2006-12-21,0.670851
2006-12-20,0.671204
2006-12-19,0.670423
2006-12-18,0.670639
2006-12-15,0.672305
2006-12-14,0.673977
2006-12-13,0.675376
2006-12-12,0.675593
2006-12-11,0.675657
2006-12-08,0.675839
2006-12-07,0.67496
2006-12-06,0.673948
2006-12-05,0.673429
2006-12-04,0.673941
2006-12-01,0.675259
2006-11-30,0.675996
2006-11-29,0.677081
2006-11-28,0.677045
2006-11-27,0.677045
2006-11-24,0.676051
2006-11-23,0.675652
2006-11-22,0.675914
2006-11-21,0.676905
2006-11-20,0.67769
2006-11-17,0.677963
2006-11-16,0.676042
2006-11-15,0.673934
2006-11-14,0.672608
2006-11-13,0.671708
2006-11-10,0.670776
2006-11-09,0.670362
2006-11-08,0.669959
2006-11-07,0.669215
2006-11-06,0.668861
2006-11-03,0.668861
2006-11-02,0.668839
2006-11-01,0.669372
2006-10-31,0.670489
2006-10-30,0.671311
2006-10-27,0.67113
2006-10-26,0.67043
2006-10-25,0.670186
2006-10-24,0.670186
2006-10-23,0.670601
2006-10-20,0.671161
2006-10-19,0.671044
2006-10-18,0.672563
2006-10-17,0.67373
2006-10-16,0.674695
2006-10-13,0.675531
2006-10-12,0.675583
2006-10-11,0.674822
2006-10-10,0.674081
2006-10-09,0.673936
2006-10-06,0.674461
2006-10-05,0.674639
2006-10-04,0.675694
2006-10-03,0.676283
2006-10-02,0.676283
2006-09-29,0.673724
2006-09-28,0.670739
2006-09-27,0.670907
2006-09-26,0.672256
2006-09-25,0.672403
2006-09-22,0.672283
2006-09-21,0.673699
2006-09-20,0.674365
2006-09-19,0.673691
2006-09-18,0.673948
2006-09-15,0.675915
2006-09-14,0.67777
2006-09-13,0.679685
2006-09-12,0.67998
2006-09-11,0.679537
2006-09-08,0.678961
2006-09-07,0.676978
2006-09-06,0.675107
2006-09-05,0.674247
2006-09-04,0.673626
2006-09-01,0.673995
2006-08-31,0.67494
2006-08-30,0.675292
2006-08-29,0.675837
2006-08-28,0.675979
2006-08-25,0.676548
2006-08-24,0.67806
2006-08-23,0.680204
2006-08-22,0.68164
2006-08-21,0.680434
2006-08-18,0.677363
2006-08-17,0.675099
2006-08-16,0.673787
2006-08-15,0.673413
2006-08-14,0.674098
2006-08-11,0.674995
2006-08-10,0.673691
2006-08-09,0.673699
2006-08-08,0.674639
2006-08-07,0.676625
2006-08-04,0.680727
2006-08-03,0.682816
2006-08-02,0.683596
2006-08-01,0.684346
2006-07-31,0.684674
2006-07-28,0.684364
2006-07-27,0.683557
2006-07-26,0.683018
2006-07-25,0.682723
2006-07-24,0.683172
2006-07-21,0.683582
2006-07-20,0.685105
2006-07-19,0.687258
2006-07-18,0.689203
2006-07-17,0.689203
2006-07-14,0.691282
2006-07-13,0.691765
2006-07-12,0.69185
2006-07-11,0.692174
2006-07-10,0.692974
2006-07-07,0.693811
2006-07-06,0.693579
2006-07-05,0.69366
2006-07-04,0.692744
2006-07-03,0.691691
2006-06-30,0.690718
2006-06-29,0.690359
2006-06-28,0.690033
2006-06-27,0.688693
2006-06-26,0.687773
2006-06-23,0.686155
2006-06-22,0.68393
2006-06-21,0.68292
2006-06-20,0.68292
2006-06-19,0.683172
2006-06-16,0.683406
2006-06-15,0.683525
2006-06-14,0.683878
2006-06-13,0.685419
2006-06-12,0.687558
2006-06-09,0.688772
2006-06-08,0.688972
2006-06-07,0.688601
2006-06-06,0.687307
2006-06-05,0.685956
2006-06-02,0.684898
2006-06-01,0.684683
2006-05-31,0.685313
2006-05-30,0.685353
2006-05-29,0.68427
2006-05-26,0.682481
2006-05-25,0.682109
2006-05-24,0.681709
2006-05-23,0.680406
2006-05-22,0.678899
2006-05-19,0.678216
2006-05-18,0.680094
2006-05-17,0.68129
2006-05-16,0.681916
2006-05-15,0.683056
2006-05-12,0.684455
2006-05-11,0.684502
2006-05-10,0.683981
2006-05-09,0.684337
2006-05-08,0.684895
2006-05-05,0.685955
2006-05-04,0.687113
2006-05-03,0.689521
2006-05-02,0.691444
2006-05-01,0.693895
2006-04-28,0.696404
2006-04-27,0.694935
2006-04-26,0.693084
2006-04-25,0.69245
2006-04-24,0.69222
2006-04-21,0.691597
2006-04-20,0.692096
2006-04-19,0.692096
2006-04-18,0.692047
2006-04-17,0.691289
2006-04-14,0.691726
2006-04-13,0.693704
2006-04-12,0.694691
2006-04-11,0.694345
2006-04-10,0.696156
2006-04-07,0.699613
2006-04-06,0.698725
2006-04-05,0.697722
2006-04-04,0.696334
2006-04-03,0.696334
2006-03-31,0.692801
2006-03-30,0.689841
2006-03-29,0.688916
2006-03-28,0.689752
2006-03-27,0.690981
2006-03-24,0.691446
2006-03-23,0.69215
2006-03-22,0.693161
2006-03-21,0.693878
2006-03-20,0.693149
2006-03-17,0.690258
2006-03-16,0.689044
2006-03-15,0.689854
2006-03-14,0.690437
2006-03-13,0.688504
2006-03-10,0.68609
2006-03-09,0.685544
2006-03-08,0.685955
2006-03-07,0.686276
2006-03-06,0.685068
2006-03-03,0.681842
2006-03-02,0.680547
2006-03-01,0.680839
2006-02-28,0.680719
2006-02-27,0.68106
2006-02-24,0.682416
2006-02-23,0.683079
2006-02-22,0.684168
2006-02-21,0.685389
2006-02-20,0.684989
2006-02-17,0.68438
2006-02-16,0.685112
2006-02-15,0.684004
2006-02-14,0.682801
2006-02-13,0.684248
2006-02-10,0.686898
2006-02-09,0.685993
2006-02-08,0.684597
2006-02-07,0.682877
2006-02-06,0.681227
2006-02-03,0.680479
2006-02-02,0.682497
2006-02-01,0.683719
2006-01-31,0.684856
2006-01-30,0.684856
2006-01-27,0.686496
2006-01-26,0.687654
2006-01-25,0.687872
2006-01-24,0.686747
2006-01-23,0.686085
2006-01-20,0.686702
2006-01-19,0.685761
2006-01-18,0.685625
2006-01-17,0.684653
2006-01-16,0.684347
2006-01-13,0.685988
2006-01-12,0.68495
2006-01-11,0.684128
2006-01-10,0.685482
2006-01-09,0.687435
2006-01-06,0.688481
2006-01-05,0.687327
2006-01-04,0.687351
2006-01-03,0.687636
2006-01-02,0.687163
2005-12-30,0.685363
2005-12-29,0.684236
2005-12-28,0.684236
2005-12-27,0.681806
2005-12-26,0.681806
2005-12-23,0.678004
2005-12-22,0.679437
2005-12-21,0.678832
2005-12-20,0.67742
2005-12-19,0.67742
2005-12-16,0.675763
2005-12-15,0.673749
2005-12-14,0.673359
2005-12-13,0.674578
2005-12-12,0.674578
2005-12-09,0.67701
2005-12-08,0.676972
2005-12-07,0.676262
2005-12-06,0.679114
2005-12-05,0.679114
2005-12-02,0.684512
2005-12-01,0.684984
2005-11-30,0.684188
2005-11-29,0.683909
2005-11-28,0.683909
2005-11-25,0.68468
2005-11-24,0.685719
2005-11-23,0.684555
2005-11-22,0.683616
2005-11-21,0.684874
2005-11-18,0.682314
2005-11-17,0.678213
2005-11-16,0.674508
2005-11-15,0.672317
2005-11-14,0.672317
2005-11-11,0.672748
2005-11-10,0.675378
2005-11-09,0.676169
2005-11-08,0.676414
2005-11-07,0.675344
2005-11-04,0.676548
2005-11-03,0.679871
2005-11-02,0.680303
2005-11-01,0.680303
2005-10-31,0.680217
2005-10-28,0.68052
2005-10-27,0.679593
2005-10-26,0.678002
2005-10-25,0.676981
2005-10-24,0.676534
2005-10-21,0.67819
2005-10-20,0.68084
2005-10-19,0.684112
2005-10-18,0.684527
2005-10-17,0.683738
2005-10-14,0.685803
2005-10-13,0.686999
2005-10-12,0.686999
2005-10-11,0.687619
2005-10-10,0.686883
2005-10-07,0.682802
2005-10-06,0.678474
2005-10-05,0.677944
2005-10-04,0.679973
2005-10-03,0.682497
2005-09-30,0.682404
2005-09-29,0.680575
2005-09-28,0.679529
2005-09-27,0.678957
2005-09-26,0.679144
2005-09-23,0.677304
2005-09-22,0.674503
2005-09-21,0.673674
2005-09-20,0.674511
2005-09-19,0.676931
2005-09-16,0.675888
2005-09-15,0.673327
2005-09-14,0.673913
2005-09-13,0.675024
2005-09-12,0.675046
2005-09-09,0.675902
2005-09-08,0.676548
2005-09-07,0.677852
2005-09-06,0.680175
2005-09-05,0.681076
2005-09-02,0.682687
2005-09-01,0.684425
2005-08-31,0.682995
2005-08-30,0.681155
2005-08-29,0.68193
2005-08-26,0.682064
2005-08-25,0.680626
2005-08-24,0.679015
2005-08-23,0.678552
2005-08-22,0.677922
2005-08-19,0.678879
2005-08-18,0.680686
2005-08-17,0.682827
2005-08-16,0.683908
2005-08-15,0.686689
2005-08-12,0.688708
2005-08-11,0.690718
2005-08-10,0.692225
2005-08-09,0.698231
2005-08-08,0.70389
2005-08-05,0.694814
2005-08-04,0.692048
2005-08-03,0.688972
2005-08-02,0.689676
2005-08-01,0.690777
2005-07-29,0.691406
2005-07-28,0.691547
2005-07-27,0.690929
2005-07-26,0.691925
2005-07-25,0.694086
2005-07-22,0.695684
2005-07-21,0.695581
2005-07-20,0.691056
2005-07-19,0.688682
2005-07-18,0.687452
2005-07-15,0.687111
2005-07-14,0.686605
2005-07-13,0.687936
2005-07-12,0.687616
2005-07-11,0.687333
2005-07-08,0.682947
2005-07-07,0.67898
2005-07-06,0.677661
2005-07-05,0.676719
2005-07-04,0.676067
2005-07-01,0.672866
2005-06-30,0.666966
2005-06-29,0.66462
2005-06-28,0.66418
2005-06-27,0.663087
2005-06-24,0.664179
2005-06-23,0.665674
2005-06-22,0.665946
2005-06-21,0.667469
2005-06-20,0.667338
2005-06-17,0.66422
2005-06-16,0.665406
2005-06-15,0.667771
2005-06-14,0.669693
2005-06-13,0.669379
2005-06-10,0.670919
2005-06-09,0.670073
2005-06-08,0.670823
2005-06-07,0.673191
2005-06-06,0.674885
2005-06-03,0.67554
2005-06-02,0.675658
2005-06-01,0.679798
2005-05-31,0.686023
2005-05-30,0.688521
2005-05-27,0.687751
2005-05-26,0.688342
2005-05-25,0.688305
2005-05-24,0.687554
2005-05-23,0.68784
2005-05-20,0.68904
2005-05-19,0.688259
2005-05-18,0.687473
2005-05-17,0.685743
2005-05-16,0.681905
2005-05-13,0.682093
2005-05-12,0.684091
2005-05-11,0.683105
2005-05-10,0.680188
2005-05-09,0.678551
2005-05-06,0.680254
2005-05-05,0.680735
2005-05-04,0.68005
2005-05-03,0.676977
2005-05-02,0.674803
2005-04-29,0.677217
2005-04-28,0.679545
2005-04-27,0.680698
2005-04-26,0.680919
2005-04-25,0.68274
2005-04-22,0.683129
2005-04-21,0.681809
2005-04-20,0.682299
2005-04-19,0.683304
2005-04-18,0.681999
2005-04-15,0.681569
2005-04-14,0.682365
2005-04-13,0.684273
2005-04-12,0.686086
2005-04-11,0.686572
2005-04-08,0.686471
2005-04-07,0.684387
2005-04-06,0.684492
2005-04-05,0.685037
2005-04-04,0.685425
2005-04-01,0.686531
2005-03-31,0.688217
2005-03-30,0.69001
2005-03-29,0.691689
2005-03-28,0.692695
2005-03-25,0.693205
2005-03-24,0.694618
2005-03-23,0.694084
2005-03-22,0.693559
2005-03-21,0.693979
2005-03-18,0.695592
2005-03-17,0.696388
2005-03-16,0.697158
2005-03-15,0.698636
2005-03-14,0.698548
2005-03-11,0.697404
2005-03-10,0.69444
2005-03-09,0.691304
2005-03-08,0.689741
2005-03-07,0.688196
2005-03-04,0.687021
2005-03-03,0.68744
2005-03-02,0.68744
2005-03-01,0.689333
2005-02-28,0.690445
2005-02-25,0.691282
2005-02-24,0.692437
2005-02-23,0.691733
2005-02-22,0.689044
2005-02-21,0.689559
2005-02-18,0.690396
2005-02-17,0.689302
2005-02-16,0.687251
2005-02-15,0.687251
2005-02-14,0.688736
2005-02-11,0.688736
2005-02-10,0.688645
2005-02-09,0.688015
2005-02-08,0.686964
2005-02-07,0.687304
2005-02-04,0.689944
2005-02-03,0.691811
2005-02-02,0.692478
2005-02-01,0.691543
2005-01-31,0.690565
2005-01-28,0.69205
2005-01-27,0.695082
2005-01-26,0.695463
2005-01-25,0.694616
2005-01-24,0.694034
2005-01-21,0.693549
2005-01-20,0.696065
2005-01-19,0.699418
2005-01-18,0.70163
2005-01-17,0.701137
2005-01-14,0.70206
2005-01-13,0.700316
2005-01-12,0.698047
2005-01-11,0.697623
2005-01-10,0.699819
2005-01-07,0.703187
2005-01-06,0.704455
2005-01-05,0.706023
2005-01-04,0.706802
2005-01-03,0.706655
