Date,CURRFX.GBPNZD.1
2015-03-06,2.0253
2015-03-05,2.03026
2015-03-04,2.04132
2015-03-03,2.0433
2015-03-02,2.04391
2015-02-27,2.05157
2015-02-26,2.05916
2015-02-25,2.05866
2015-02-24,2.04754
2015-02-23,2.04709
2015-02-20,2.04611
2015-02-19,2.04314
2015-02-18,2.04648
2015-02-17,2.0569
2015-02-16,2.06739
2015-02-13,2.0685
2015-02-12,2.05908
2015-02-11,2.05755
2015-02-10,2.06447
2015-02-09,2.06828
2015-02-06,2.0607
2015-02-05,2.06192
2015-02-04,2.0718
2015-02-03,2.07154
2015-02-02,2.07383
2015-01-30,2.0574
2015-01-29,2.03501
2015-01-28,2.02885
2015-01-27,2.01791
2015-01-26,2.00862
2015-01-23,1.99612
2015-01-22,1.97242
2015-01-21,1.95279
2015-01-20,1.95066
2015-01-19,1.95066
2015-01-16,1.96202
2015-01-15,1.96125
2015-01-14,1.94977
2015-01-13,1.93936
2015-01-12,1.93501
2015-01-09,1.94095
2015-01-08,1.95703
2015-01-07,1.97578
2015-01-06,1.99064
2015-01-05,1.99374
2015-01-02,1.9958
2015-01-01,1.98997
2014-12-31,1.99347
2014-12-30,2.00167
2014-12-29,2.00789
2014-12-26,2.01317
2014-12-25,2.01203
2014-12-24,2.01485
2014-12-23,2.01749
2014-12-22,2.01838
2014-12-19,2.0233
2014-12-18,2.02482
2014-12-17,2.02133
2014-12-16,2.02244
2014-12-15,2.01703
2014-12-12,2.02054
2014-12-11,2.03814
2014-12-10,2.0397
2014-12-09,2.03039
2014-12-08,2.02058
2014-12-05,2.01816
2014-12-04,2.00898
2014-12-03,2.00008
2014-12-02,1.99691
2014-12-01,1.99654
2014-11-28,2.00288
2014-11-27,2.00763
2014-11-26,1.99968
2014-11-25,1.98772
2014-11-24,1.99068
2014-11-21,1.99364
2014-11-20,1.98107
2014-11-19,1.9722
2014-11-18,1.9769
2014-11-17,1.98773
2014-11-14,2.00746
2014-11-13,2.03028
2014-11-12,2.04269
2014-11-11,2.04435
2014-11-10,2.05452
2014-11-07,2.0611
2014-11-06,2.05815
2014-11-05,2.062
2014-11-04,2.05747
2014-11-03,2.0509
2014-10-31,2.04283
2014-10-30,2.03656
2014-10-29,2.04203
2014-10-28,2.04671
2014-10-27,2.04654
2014-10-24,2.03477
2014-10-23,2.02164
2014-10-22,2.02543
2014-10-21,2.02945
2014-10-20,2.02482
2014-10-17,2.01677
2014-10-16,2.02635
2014-10-15,2.03791
2014-10-14,2.04998
2014-10-13,2.05176
2014-10-10,2.04849
2014-10-09,2.05548
2014-10-08,2.05404
2014-10-07,2.05618
2014-10-06,2.05711
2014-10-03,2.06505
2014-10-02,2.08071
2014-10-01,2.08567
2014-09-30,2.07887
2014-09-29,2.05754
2014-09-26,2.03932
2014-09-25,2.0263
2014-09-24,2.01694
2014-09-23,2.0074
2014-09-22,2.00625
2014-09-19,2.00383
2014-09-18,1.99074
2014-09-17,1.98775
2014-09-16,1.99392
2014-09-15,1.99066
2014-09-12,1.97316
2014-09-11,1.95516
2014-09-10,1.94809
2014-09-09,1.95156
2014-09-08,1.96543
2014-09-05,1.97644
2014-09-04,1.98154
2014-09-03,1.98373
2014-09-02,1.98386
2014-09-01,1.98267
2014-08-29,1.97944
2014-08-28,1.98396
2014-08-27,1.98701
2014-08-26,1.97932
2014-08-25,1.97442
2014-08-22,1.97899
2014-08-21,1.97698
2014-08-20,1.97321
2014-08-19,1.96983
2014-08-18,1.96664
2014-08-15,1.9733
2014-08-14,1.98712
2014-08-13,1.98734
2014-08-12,1.98275
2014-08-11,1.98463
2014-08-08,1.99098
2014-08-07,1.99036
2014-08-06,1.98113
2014-08-05,1.97705
2014-08-04,1.98147
2014-08-01,1.99036
2014-07-31,1.99141
2014-07-30,1.98938
2014-07-29,1.98618
2014-07-28,1.98287
2014-07-25,1.97418
2014-07-24,1.96578
2014-07-23,1.96649
2014-07-22,1.96443
2014-07-21,1.96673
2014-07-18,1.96802
2014-07-17,1.95907
2014-07-16,1.94449
2014-07-15,1.94173
2014-07-14,1.94291
2014-07-11,1.94461
2014-07-10,1.94819
2014-07-09,1.95513
2014-07-08,1.96172
2014-07-07,1.96127
2014-07-04,1.95776
2014-07-03,1.95614
2014-07-02,1.95177
2014-07-01,1.94507
2014-06-30,1.94042
2014-06-27,1.94471
2014-06-26,1.95257
2014-06-25,1.95284
2014-06-24,1.9532
2014-06-23,1.95413
2014-06-20,1.95305
2014-06-19,1.95671
2014-06-18,1.95834
2014-06-17,1.95719
2014-06-16,1.95198
2014-06-13,1.94961
2014-06-12,1.96613
2014-06-11,1.97382
2014-06-10,1.97569
2014-06-09,1.97867
2014-06-06,1.98514
2014-06-05,1.9858
2014-06-04,1.98047
2014-06-03,1.97567
2014-06-02,1.97173
2014-05-30,1.96987
2014-05-29,1.96952
2014-05-28,1.96952
2014-05-27,1.97053
2014-05-26,1.96966
2014-05-23,1.96964
2014-05-22,1.96544
2014-05-21,1.95411
2014-05-20,1.94823
2014-05-19,1.94458
2014-05-16,1.93893
2014-05-15,1.94607
2014-05-14,1.95374
2014-05-13,1.95649
2014-05-12,1.9579
2014-05-09,1.95714
2014-05-08,1.94894
2014-05-07,1.94259
2014-05-06,1.94701
2014-05-05,1.95191
2014-05-02,1.96081
2014-05-01,1.96644
2014-04-30,1.9681
2014-04-29,1.96241
2014-04-28,1.95732
2014-04-25,1.9548
2014-04-24,1.9563
2014-04-23,1.95817
2014-04-22,1.95845
2014-04-21,1.95497
2014-04-18,1.95125
2014-04-17,1.94195
2014-04-16,1.93111
2014-04-15,1.92775
2014-04-14,1.92576
2014-04-11,1.9277
2014-04-10,1.92864
2014-04-09,1.92843
2014-04-08,1.92801
2014-04-07,1.93348
2014-04-04,1.94184
2014-04-03,1.93141
2014-04-02,1.92092
2014-04-01,1.92145
2014-03-31,1.92042
2014-03-28,1.92153
2014-03-27,1.92643
2014-03-26,1.92994
2014-03-25,1.9315
2014-03-24,1.93367
2014-03-21,1.93385
2014-03-20,1.93109
2014-03-19,1.93833
2014-03-18,1.94674
2014-03-17,1.94841
2014-03-14,1.95167
2014-03-13,1.96174
2014-03-12,1.96501
2014-03-11,1.97284
2014-03-10,1.97647
2014-03-07,1.98177
2014-03-06,1.98744
2014-03-05,1.99372
2014-03-04,1.99845
2014-03-03,1.99726
2014-02-28,1.99987
2014-02-27,2.0028
2014-02-26,2.00318
2014-02-25,2.00631
2014-02-24,2.00922
2014-02-21,2.01138
2014-02-20,2.007
2014-02-19,2.00393
2014-02-18,2.00209
2014-02-17,2.00025
2014-02-14,1.99025
2014-02-13,1.97926
2014-02-12,1.97977
2014-02-11,1.98133
2014-02-10,1.97899
2014-02-07,1.98209
2014-02-06,1.99272
2014-02-05,2.01028
2014-02-04,2.02515
2014-02-03,2.0292
2014-01-31,2.01509
2014-01-30,2.00495
2014-01-29,2.00779
2014-01-28,2.00728
2014-01-27,2.00377
2014-01-24,1.9937
2014-01-23,1.98246
2014-01-22,1.98163
2014-01-21,1.98968
2014-01-20,1.9803
2014-01-17,1.96436
2014-01-16,1.96147
2014-01-15,1.96295
2014-01-14,1.97694
2014-01-13,1.98837
2014-01-10,1.98951
2014-01-09,1.98203
2014-01-08,1.98118
2014-01-07,1.9823
2014-01-06,1.99697
2014-01-03,2.01414
2014-01-02,2.01042
2014-01-01,2.01343
2013-12-31,2.02077
2013-12-30,2.0166
2013-12-27,2.00411
2013-12-26,1.99828
2013-12-25,1.99614
2013-12-24,1.99288
2013-12-23,1.99504
2013-12-20,1.99137
2013-12-19,1.97551
2013-12-18,1.97144
2013-12-17,1.97258
2013-12-16,1.97444
2013-12-13,1.9816
2013-12-12,1.98377
2013-12-11,1.9794
2013-12-10,1.97545
2013-12-09,1.98215
2013-12-06,1.99582
2013-12-05,1.99691
2013-12-04,1.99832
2013-12-03,2.0074
2013-12-02,2.01119
2013-11-29,1.99715
2013-11-28,1.98072
2013-11-27,1.97088
2013-11-26,1.97665
2013-11-25,1.97126
2013-11-22,1.95012
2013-11-21,1.93513
2013-11-20,1.9306
2013-11-19,1.92943
2013-11-18,1.93459
2013-11-15,1.93761
2013-11-14,1.93648
2013-11-13,1.93726
2013-11-12,1.93895
2013-11-11,1.93434
2013-11-08,1.9208
2013-11-07,1.92222
2013-11-06,1.92823
2013-11-05,1.92609
2013-11-04,1.93161
2013-11-01,1.94146
2013-10-31,1.9445
2013-10-30,1.94691
2013-10-29,1.94998
2013-10-28,1.94372
2013-10-25,1.92739
2013-10-24,1.91642
2013-10-23,1.90707
2013-10-22,1.90465
2013-10-21,1.89965
2013-10-18,1.89848
2013-10-17,1.90307
2013-10-16,1.90986
2013-10-15,1.91522
2013-10-14,1.92058
2013-10-11,1.92862
2013-10-10,1.93251
2013-10-09,1.93616
2013-10-08,1.93076
2013-10-07,1.93528
2013-10-04,1.95649
2013-10-03,1.96106
2013-10-02,1.95379
2013-10-01,1.95036
2013-09-30,1.94654
2013-09-27,1.94244
2013-09-26,1.93759
2013-09-25,1.92249
2013-09-24,1.91449
2013-09-23,1.91514
2013-09-20,1.9251
2013-09-19,1.9373
2013-09-18,1.94131
2013-09-17,1.94769
2013-09-16,1.94888
2013-09-13,1.94823
2013-09-12,1.95462
2013-09-11,1.95493
2013-09-10,1.95672
2013-09-09,1.96378
2013-09-06,1.9809
2013-09-05,1.98689
2013-09-04,1.99275
2013-09-03,1.99896
2013-09-02,2.00033
2013-08-30,1.99223
2013-08-29,1.99403
2013-08-28,1.99063
2013-08-27,1.99093
2013-08-26,1.99364
2013-08-23,1.98705
2013-08-22,1.97198
2013-08-21,1.94729
2013-08-20,1.92874
2013-08-19,1.92902
2013-08-16,1.93151
2013-08-15,1.93499
2013-08-14,1.93431
2013-08-13,1.92942
2013-08-12,1.9342
2013-08-09,1.94362
2013-08-08,1.94725
2013-08-07,1.95891
2013-08-06,1.96282
2013-08-05,1.93729
2013-08-02,1.91003
2013-08-01,1.90938
2013-07-31,1.91091
2013-07-30,1.90515
2013-07-29,1.90639
2013-07-26,1.91796
2013-07-25,1.92628
2013-07-24,1.92566
2013-07-23,1.92767
2013-07-22,1.92624
2013-07-19,1.92643
2013-07-18,1.92431
2013-07-17,1.92844
2013-07-16,1.93737
2013-07-15,1.93252
2013-07-12,1.91236
2013-07-11,1.90141
2013-07-10,1.9096
2013-07-09,1.92579
2013-07-08,1.93687
2013-07-05,1.95139
2013-07-04,1.95771
2013-07-03,1.95367
2013-07-02,1.96047
2013-07-01,1.96305
2013-06-28,1.96691
2013-06-27,1.98495
2013-06-26,1.99139
2013-06-25,1.98865
2013-06-24,1.98628
2013-06-21,1.97111
2013-06-20,1.95753
2013-06-19,1.95729
2013-06-18,1.95091
2013-06-17,1.95657
2013-06-14,1.96785
2013-06-13,1.97689
2013-06-12,1.98016
2013-06-11,1.97325
2013-06-10,1.96023
2013-06-07,1.9334
2013-06-06,1.91411
2013-06-05,1.90549
2013-06-04,1.9095
2013-06-03,1.8994
2013-05-31,1.87018
2013-05-30,1.86252
2013-05-29,1.86608
2013-05-28,1.8693
2013-05-27,1.86688
2013-05-24,1.86225
2013-05-23,1.85962
2013-05-22,1.86486
2013-05-21,1.87375
2013-05-20,1.87282
2013-05-17,1.85672
2013-05-16,1.85321
2013-05-15,1.8532
2013-05-14,1.8525
2013-05-13,1.84605
2013-05-10,1.84153
2013-05-09,1.8393
2013-05-08,1.82819
2013-05-07,1.82487
2013-05-06,1.82753
2013-05-03,1.82771
2013-05-02,1.81692
2013-05-01,1.81347
2013-04-30,1.82039
2013-04-29,1.81768
2013-04-26,1.80512
2013-04-25,1.80971
2013-04-24,1.8141
2013-04-23,1.80964
2013-04-22,1.80878
2013-04-19,1.80777
2013-04-18,1.80749
2013-04-17,1.80677
2013-04-16,1.7976
2013-04-15,1.78492
2013-04-12,1.78592
2013-04-11,1.79585
2013-04-10,1.80585
2013-04-09,1.81636
2013-04-08,1.81309
2013-04-05,1.79976
2013-04-04,1.7991
2013-04-03,1.81036
2013-04-02,1.81693
2013-04-01,1.81371
2013-03-29,1.80971
2013-03-28,1.81072
2013-03-27,1.81735
2013-03-26,1.82205
2013-03-25,1.82381
2013-03-22,1.83002
2013-03-21,1.83452
2013-03-20,1.83205
2013-03-19,1.83098
2013-03-18,1.8274
2013-03-15,1.82149
2013-03-14,1.80827
2013-03-13,1.80809
2013-03-12,1.81448
2013-03-11,1.81462
2013-03-08,1.81395
2013-03-07,1.81951
2013-03-06,1.82756
2013-03-05,1.82726
2013-03-04,1.82507
2013-03-01,1.83104
2013-02-28,1.83118
2013-02-27,1.81831
2013-02-26,1.80735
2013-02-25,1.81473
2013-02-22,1.82646
2013-02-21,1.82949
2013-02-20,1.83101
2013-02-19,1.83426
2013-02-18,1.83434
2013-02-15,1.83994
2013-02-14,1.86125
2013-02-13,1.87474
2013-02-12,1.88782
2013-02-11,1.88515
2013-02-08,1.86926
2013-02-07,1.86013
2013-02-06,1.86284
2013-02-05,1.85768
2013-02-04,1.86845
2013-02-01,1.88888
2013-01-31,1.88524
2013-01-30,1.88377
2013-01-29,1.88828
2013-01-28,1.88439
2013-01-25,1.88113
2013-01-24,1.88388
2013-01-23,1.89055
2013-01-22,1.89625
2013-01-21,1.89847
2013-01-18,1.9061
2013-01-17,1.90982
2013-01-16,1.91381
2013-01-15,1.92147
2013-01-14,1.92066
2013-01-11,1.90957
2013-01-10,1.91724
2013-01-09,1.92579
2013-01-08,1.93014
2013-01-07,1.93693
2013-01-04,1.94828
2013-01-03,1.95839
2013-01-02,1.96567
2013-01-01,1.96783
2012-12-31,1.97029
2012-12-28,1.96773
2012-12-27,1.9645
2012-12-26,1.96302
2012-12-25,1.96476
2012-12-24,1.95924
2012-12-21,1.94568
2012-12-20,1.93446
2012-12-19,1.92142
2012-12-18,1.9148
2012-12-17,1.91128
2012-12-14,1.91386
2012-12-13,1.92052
2012-12-12,1.92428
2012-12-11,1.92595
2012-12-10,1.93092
2012-12-07,1.94266
2012-12-06,1.95343
2012-12-05,1.95659
2012-12-04,1.9551
2012-12-03,1.949
2012-11-30,1.94603
2012-11-29,1.94896
2012-11-28,1.94856
2012-11-27,1.9464
2012-11-26,1.95031
2012-11-23,1.95639
2012-11-22,1.9524
2012-11-21,1.94845
2012-11-20,1.9519
2012-11-19,1.95439
2012-11-16,1.95205
2012-11-15,1.94552
2012-11-14,1.94339
2012-11-13,1.94877
2012-11-12,1.95333
2012-11-09,1.94672
2012-11-08,1.9334
2012-11-07,1.93555
2012-11-06,1.94037
2012-11-05,1.94832
2012-11-02,1.95876
2012-11-01,1.95791
2012-10-31,1.95649
2012-10-30,1.95749
2012-10-29,1.95715
2012-10-26,1.95977
2012-10-25,1.9633
2012-10-24,1.96132
2012-10-23,1.96106
2012-10-22,1.96287
2012-10-19,1.96689
2012-10-18,1.97238
2012-10-17,1.97236
2012-10-16,1.96492
2012-10-15,1.96492
2012-10-12,1.95939
2012-10-11,1.95672
2012-10-10,1.95745
2012-10-09,1.96759
2012-10-08,1.96977
2012-10-05,1.96293
2012-10-04,1.95452
2012-10-03,1.9468
2012-10-02,1.95114
2012-10-01,1.95114
2012-09-28,1.96207
2012-09-27,1.96968
2012-09-26,1.96941
2012-09-25,1.96515
2012-09-24,1.95893
2012-09-21,1.96134
2012-09-20,1.96249
2012-09-19,1.96306
2012-09-18,1.95855
2012-09-17,1.95689
2012-09-14,1.95992
2012-09-13,1.9663
2012-09-12,1.97209
2012-09-11,1.97273
2012-09-10,1.97998
2012-09-07,1.99645
2012-09-06,1.99813
2012-09-05,1.99226
2012-09-04,1.98248
2012-09-03,1.9757
2012-08-31,1.97378
2012-08-30,1.96526
2012-08-29,1.95529
2012-08-28,1.9502
2012-08-27,1.94831
2012-08-24,1.94821
2012-08-23,1.9471
2012-08-22,1.94109
2012-08-21,1.94247
2012-08-20,1.94352
2012-08-17,1.9439
2012-08-16,1.94414
2012-08-15,1.93835
2012-08-14,1.93273
2012-08-13,1.92804
2012-08-10,1.92328
2012-08-09,1.91429
2012-08-08,1.90608
2012-08-07,1.90732
2012-08-06,1.91352
2012-08-03,1.92222
2012-08-02,1.93175
2012-08-01,1.93979
2012-07-31,1.94408
2012-07-30,1.95069
2012-07-27,1.96323
2012-07-26,1.97061
2012-07-25,1.96515
2012-07-24,1.95978
2012-07-23,1.95418
2012-07-20,1.95752
2012-07-19,1.96131
2012-07-18,1.95851
2012-07-17,1.95622
2012-07-16,1.95525
2012-07-13,1.95336
2012-07-12,1.95055
2012-07-11,1.94889
2012-07-10,1.945
2012-07-09,1.93996
2012-07-06,1.94047
2012-07-05,1.94785
2012-07-04,1.95269
2012-07-03,1.95607
2012-07-02,1.96235
2012-06-29,1.96967
2012-06-28,1.97496
2012-06-27,1.97616
2012-06-26,1.97572
2012-06-25,1.97081
2012-06-22,1.97167
2012-06-21,1.97522
2012-06-20,1.97718
2012-06-19,1.98564
2012-06-18,1.99429
2012-06-15,1.99694
2012-06-14,2.00306
2012-06-13,2.00637
2012-06-12,2.00547
2012-06-11,2.00844
2012-06-08,2.01647
2012-06-07,2.02681
2012-06-06,2.0346
2012-06-05,2.03694
2012-06-04,2.04201
2012-06-01,2.05271
2012-05-31,2.05584
2012-05-30,2.0593
2012-05-29,2.06654
2012-05-28,2.08027
2012-05-25,2.08943
2012-05-24,2.08656
2012-05-23,2.07543
2012-05-22,2.08619
2012-05-21,2.08491
2012-05-18,2.07633
2012-05-17,2.07802
2012-05-16,2.06906
2012-05-15,2.05822
2012-05-14,2.05166
2012-05-11,2.05338
2012-05-10,2.04967
2012-05-09,2.0398
2012-05-08,2.03277
2012-05-07,2.02405
2012-05-04,2.00603
2012-05-03,1.99253
2012-05-02,1.9866
2012-05-01,1.98039
2012-04-30,1.98008
2012-04-27,1.98443
2012-04-26,1.98515
2012-04-25,1.98316
2012-04-24,1.97573
2012-04-23,1.96821
2012-04-20,1.95904
2012-04-19,1.94645
2012-04-18,1.93898
2012-04-17,1.92979
2012-04-16,1.93064
2012-04-13,1.94068
2012-04-12,1.94289
2012-04-11,1.93978
2012-04-10,1.93757
2012-04-09,1.93978
2012-04-06,1.94572
2012-04-05,1.94634
2012-04-04,1.94612
2012-04-03,1.95199
2012-04-02,1.95304
2012-03-30,1.94762
2012-03-29,1.9437
2012-03-28,1.94058
2012-03-27,1.94058
2012-03-26,1.94578
2012-03-23,1.95072
2012-03-22,1.93828
2012-03-21,1.92892
2012-03-20,1.92106
2012-03-19,1.92339
2012-03-16,1.9254
2012-03-15,1.9182
2012-03-14,1.91023
2012-03-13,1.9123
2012-03-12,1.91303
2012-03-09,1.92301
2012-03-08,1.93104
2012-03-07,1.93157
2012-03-06,1.91498
2012-03-05,1.90799
2012-03-02,1.90088
2012-03-01,1.89159
2012-02-29,1.89243
2012-02-28,1.89763
2012-02-27,1.89473
2012-02-24,1.88923
2012-02-23,1.89116
2012-02-22,1.88946
2012-02-21,1.89205
2012-02-20,1.89672
2012-02-17,1.88669
2012-02-16,1.8817
2012-02-15,1.8916
2012-02-14,1.89835
2012-02-13,1.90214
2012-02-10,1.89667
2012-02-09,1.89782
2012-02-08,1.89704
2012-02-07,1.89539
2012-02-06,1.89485
2012-02-03,1.90171
2012-02-02,1.9075
2012-02-01,1.9116
2012-01-31,1.91195
2012-01-30,1.90957
2012-01-27,1.91839
2012-01-26,1.92582
2012-01-25,1.92626
2012-01-24,1.92626
2012-01-23,1.92898
2012-01-20,1.92052
2012-01-19,1.91607
2012-01-18,1.92525
2012-01-17,1.9288
2012-01-16,1.92744
2012-01-13,1.93221
2012-01-12,1.94504
2012-01-11,1.9591
2012-01-10,1.97304
2012-01-09,1.97928
2012-01-06,1.98368
2012-01-05,1.98286
2012-01-04,1.98678
2012-01-03,1.99488
2012-01-02,2.0016
2011-12-30,2.01174
2011-12-29,2.02076
2011-12-28,2.02137
2011-12-27,2.01615
2011-12-26,2.0202
2011-12-23,2.03409
2011-12-22,2.03883
2011-12-21,2.04285
2011-12-20,2.04067
2011-12-19,2.04903
2011-12-16,2.05848
2011-12-15,2.0477
2011-12-14,2.03735
2011-12-13,2.02782
2011-12-12,2.01841
2011-12-09,2.01101
2011-12-08,2.00642
2011-12-07,2.00608
2011-12-06,2.0051
2011-12-05,2.01059
2011-12-02,2.02451
2011-12-01,2.04186
2011-11-30,2.05468
2011-11-29,2.06988
2011-11-28,2.08701
2011-11-25,2.09353
2011-11-24,2.09409
2011-11-23,2.0904
2011-11-22,2.08858
2011-11-21,2.07962
2011-11-18,2.05969
2011-11-17,2.05459
2011-11-16,2.04819
2011-11-15,2.041
2011-11-14,2.04565
2011-11-11,2.03922
2011-11-10,2.02423
2011-11-09,2.01789
2011-11-08,2.01675
2011-11-07,2.02204
2011-11-04,2.02119
2011-11-03,2.00801
2011-11-02,1.98944
2011-11-01,1.97089
2011-10-31,1.96898
2011-10-28,1.98858
2011-10-27,2.00298
2011-10-26,1.98989
2011-10-25,1.98351
2011-10-24,1.98657
2011-10-21,1.98432
2011-10-20,1.98274
2011-10-19,1.98164
2011-10-18,1.96973
2011-10-17,1.97141
2011-10-14,1.98452
2011-10-13,1.99273
2011-10-12,2.00325
2011-10-11,2.01292
2011-10-10,2.01597
2011-10-07,2.01686
2011-10-06,2.03634
2011-10-05,2.04455
2011-10-04,2.04327
2011-10-03,2.03409
2011-09-30,2.00533
2011-09-29,1.98852
2011-09-28,1.99106
2011-09-27,1.99853
2011-09-26,1.97788
2011-09-23,1.93937
2011-09-22,1.91196
2011-09-21,1.90882
2011-09-20,1.90696
2011-09-19,1.91235
2011-09-16,1.92388
2011-09-15,1.92131
2011-09-14,1.92728
2011-09-13,1.93395
2011-09-12,1.92641
2011-09-09,1.92114
2011-09-08,1.9324
2011-09-07,1.9329
2011-09-06,1.92046
2011-09-05,1.91027
2011-09-02,1.90735
2011-09-01,1.91378
2011-08-31,1.92902
2011-08-30,1.944
2011-08-29,1.9575
2011-08-26,1.97596
2011-08-25,1.9859
2011-08-24,1.99481
2011-08-23,2.00812
2011-08-22,2.00408
2011-08-19,1.98055
2011-08-18,1.96963
2011-08-17,1.96417
2011-08-16,1.95701
2011-08-15,1.96271
2011-08-12,1.96786
2011-08-11,1.97189
2011-08-10,1.98568
2011-08-09,1.96228
2011-08-08,1.93469
2011-08-05,1.90949
2011-08-04,1.88279
2011-08-03,1.86456
2011-08-02,1.86437
2011-08-01,1.86996
2011-07-29,1.87515
2011-07-28,1.87942
2011-07-27,1.88262
2011-07-26,1.88449
2011-07-25,1.88622
2011-07-22,1.88711
2011-07-21,1.88942
2011-07-20,1.89832
2011-07-19,1.90639
2011-07-18,1.91021
2011-07-15,1.91974
2011-07-14,1.93459
2011-07-13,1.92989
2011-07-12,1.91707
2011-07-11,1.92129
2011-07-08,1.9324
2011-07-07,1.93842
2011-07-06,1.93944
2011-07-05,1.94064
2011-07-04,1.94124
2011-07-01,1.94702
2011-06-30,1.9684
2011-06-29,1.98288
2011-06-28,1.97802
2011-06-27,1.96776
2011-06-24,1.97502
2011-06-23,1.98981
2011-06-22,1.99912
2011-06-21,1.99696
2011-06-20,2.00046
2011-06-17,2.00922
2011-06-16,2.00418
2011-06-15,2.00181
2011-06-14,1.98949
2011-06-13,1.98164
2011-06-10,1.99716
2011-06-09,2.00562
2011-06-08,2.00553
2011-06-07,2.01174
2011-06-06,2.01084
2011-06-03,2.00323
2011-06-02,1.99996
2011-06-01,2.00809
2011-05-31,2.01461
2011-05-30,2.01835
2011-05-27,2.02853
2011-05-26,2.03389
2011-05-25,2.03458
2011-05-24,2.04226
2011-05-23,2.04202
2011-05-20,2.05098
2011-05-19,2.06515
2011-05-18,2.0742
2011-05-17,2.06448
2011-05-16,2.05988
2011-05-13,2.06466
2011-05-12,2.06591
2011-05-11,2.06536
2011-05-10,2.06766
2011-05-09,2.0767
2011-05-06,2.08563
2011-05-05,2.07354
2011-05-04,2.06335
2011-05-03,2.06465
2011-05-02,2.06777
2011-04-29,2.06579
2011-04-28,2.0519
2011-04-27,2.05655
2011-04-26,2.06057
2011-04-25,2.05959
2011-04-22,2.05996
2011-04-21,2.06261
2011-04-20,2.064
2011-04-19,2.05077
2011-04-18,2.04967
2011-04-15,2.06364
2011-04-14,2.07116
2011-04-13,2.08518
2011-04-12,2.09202
2011-04-11,2.09484
2011-04-08,2.10193
2011-04-07,2.10754
2011-04-06,2.10434
2011-04-05,2.09945
2011-04-04,2.10296
2011-04-01,2.11058
2011-03-31,2.11621
2011-03-30,2.12691
2011-03-29,2.12904
2011-03-28,2.143
2011-03-25,2.18256
2011-03-24,2.20611
2011-03-23,2.21212
2011-03-22,2.2179
2011-03-21,2.22444
2011-03-18,2.217
2011-03-17,2.19507
2011-03-16,2.18916
2011-03-15,2.17346
2011-03-14,2.17703
2011-03-11,2.19242
2011-03-10,2.18828
2011-03-09,2.19525
2011-03-08,2.20487
2011-03-07,2.20005
2011-03-04,2.19177
2011-03-03,2.1824
2011-03-02,2.16121
2011-03-01,2.14836
2011-02-28,2.1528
2011-02-25,2.16771
2011-02-24,2.16163
2011-02-23,2.14147
2011-02-22,2.12907
2011-02-21,2.13345
2011-02-18,2.13499
2011-02-17,2.13524
2011-02-16,2.12492
2011-02-15,2.11223
2011-02-14,2.10081
2011-02-11,2.08876
2011-02-10,2.08131
2011-02-09,2.08571
2011-02-08,2.09314
2011-02-07,2.0934
2011-02-04,2.08614
2011-02-03,2.07195
2011-02-02,2.06883
2011-02-01,2.05731
2011-01-31,2.05444
2011-01-28,2.06256
2011-01-27,2.0689
2011-01-26,2.08674
2011-01-25,2.10501
2011-01-24,2.10414
2011-01-21,2.08174
2011-01-20,2.06719
2011-01-19,2.06486
2011-01-18,2.0643
2011-01-17,2.0677
2011-01-14,2.06118
2011-01-13,2.05611
2011-01-12,2.04726
2011-01-11,2.044
2011-01-10,2.04503
2011-01-07,2.04205
2011-01-06,2.03006
2011-01-05,2.01204
2011-01-04,2.00039
2011-01-03,2.00611
2010-12-31,2.01712
2010-12-30,2.03416
2010-12-29,2.05304
2010-12-28,2.06165
2010-12-27,2.06435
2010-12-24,2.07198
2010-12-23,2.08019
2010-12-22,2.08934
2010-12-21,2.10267
2010-12-20,2.10993
2010-12-17,2.10695
2010-12-16,2.10185
2010-12-15,2.10413
2010-12-14,2.10815
2010-12-13,2.11379
2010-12-10,2.1055
2010-12-09,2.08537
2010-12-08,2.06573
2010-12-07,2.06125
2010-12-06,2.06535
2010-12-03,2.08181
2010-12-02,2.09015
2010-12-01,2.08659
2010-11-30,2.08121
2010-11-29,2.07688
2010-11-26,2.07424
2010-11-25,2.07354
2010-11-24,2.06873
2010-11-23,2.05829
2010-11-22,2.05472
2010-11-19,2.06338
2010-11-18,2.07113
2010-11-17,2.07744
2010-11-16,2.08186
2010-11-15,2.07398
2010-11-12,2.05911
2010-11-11,2.05468
2010-11-10,2.04826
2010-11-09,2.04134
2010-11-08,2.03943
2010-11-05,2.06002
2010-11-04,2.08051
2010-11-03,2.08881
2010-11-02,2.09348
2010-11-01,2.10003
2010-10-29,2.11566
2010-10-28,2.11613
2010-10-27,2.10079
2010-10-26,2.09244
2010-10-25,2.09976
2010-10-22,2.10139
2010-10-21,2.10234
2010-10-20,2.10428
2010-10-19,2.11003
2010-10-18,2.11158
2010-10-15,2.09928
2010-10-14,2.09471
2010-10-13,2.10869
2010-10-12,2.11311
2010-10-11,2.11134
2010-10-08,2.11283
2010-10-07,2.12088
2010-10-06,2.13199
2010-10-05,2.12985
2010-10-04,2.1325
2010-10-01,2.14379
2010-09-30,2.14379
2010-09-29,2.15154
2010-09-28,2.15547
2010-09-27,2.15292
2010-09-24,2.13859
2010-09-23,2.12745
2010-09-22,2.13512
2010-09-21,2.14504
2010-09-20,2.15461
2010-09-17,2.14347
2010-09-16,2.11993
2010-09-15,2.11079
2010-09-14,2.10756
2010-09-13,2.11593
2010-09-10,2.13398
2010-09-09,2.1387
2010-09-08,2.12943
2010-09-07,2.13657
2010-09-06,2.14852
2010-09-03,2.16316
2010-09-02,2.18756
2010-09-01,2.19607
2010-08-31,2.18561
2010-08-30,2.193
2010-08-27,2.20677
2010-08-26,2.19987
2010-08-25,2.19323
2010-08-24,2.19733
2010-08-23,2.19753
2010-08-20,2.19068
2010-08-19,2.18805
2010-08-18,2.2039
2010-08-17,2.21449
2010-08-16,2.20614
2010-08-13,2.1947
2010-08-12,2.18855
2010-08-11,2.18555
2010-08-10,2.18067
2010-08-09,2.17776
2010-08-06,2.17709
2010-08-05,2.17023
2010-08-04,2.1681
2010-08-03,2.16232
2010-08-02,2.1583
2010-07-30,2.14856
2010-07-29,2.1302
2010-07-28,2.11569
2010-07-27,2.11939
2010-07-26,2.11908
2010-07-23,2.1198
2010-07-22,2.13077
2010-07-21,2.14622
2010-07-20,2.15667
2010-07-19,2.14206
2010-07-16,2.12149
2010-07-15,2.11684
2010-07-14,2.11596
2010-07-13,2.11861
2010-07-12,2.12929
2010-07-09,2.15665
2010-07-08,2.18203
2010-07-07,2.19259
2010-07-06,2.20123
2010-07-05,2.20147
2010-07-02,2.18519
2010-07-01,2.16956
2010-06-30,2.151
2010-06-29,2.12035
2010-06-28,2.11087
2010-06-25,2.1081
2010-06-24,2.09576
2010-06-23,2.08698
2010-06-22,2.08812
2010-06-21,2.10144
2010-06-18,2.11591
2010-06-17,2.12556
2010-06-16,2.12194
2010-06-15,2.11223
2010-06-14,2.12194
2010-06-11,2.15596
2010-06-10,2.17467
2010-06-09,2.17819
2010-06-08,2.17008
2010-06-07,2.14914
2010-06-04,2.1498
2010-06-03,2.16221
2010-06-02,2.14603
2010-06-01,2.12998
2010-05-31,2.1353
2010-05-28,2.15079
2010-05-27,2.15775
2010-05-26,2.15384
2010-05-25,2.13859
2010-05-24,2.13344
2010-05-21,2.12555
2010-05-20,2.09598
2010-05-19,2.06517
2010-05-18,2.06002
2010-05-17,2.05583
2010-05-14,2.06561
2010-05-13,2.07625
2010-05-12,2.06528
2010-05-11,2.06475
2010-05-10,2.0742
2010-05-07,2.09098
2010-05-06,2.1021
2010-05-05,2.0925
2010-05-04,2.0939
2010-05-03,2.10666
2010-04-30,2.1172
2010-04-29,2.12827
2010-04-28,2.13933
2010-04-27,2.14316
2010-04-26,2.15256
2010-04-23,2.16586
2010-04-22,2.16407
2010-04-21,2.15887
2010-04-20,2.15998
2010-04-19,2.16914
2010-04-16,2.16884
2010-04-15,2.16342
2010-04-14,2.15931
2010-04-13,2.15522
2010-04-12,2.15337
2010-04-09,2.15972
2010-04-08,2.16025
2010-04-07,2.16781
2010-04-06,2.16249
2010-04-05,2.15537
2010-04-02,2.15003
2010-04-01,2.13003
2010-03-31,2.11722
2010-03-30,2.11461
2010-03-29,2.11519
2010-03-26,2.11533
2010-03-25,2.12738
2010-03-24,2.13131
2010-03-23,2.12815
2010-03-22,2.12738
2010-03-19,2.139
2010-03-18,2.14299
2010-03-17,2.14606
2010-03-16,2.15558
2010-03-15,2.15848
2010-03-12,2.13632
2010-03-11,2.12633
2010-03-10,2.14788
2010-03-09,2.16354
2010-03-08,2.1782
2010-03-05,2.18162
2010-03-04,2.16143
2010-03-03,2.14813
2010-03-02,2.16337
2010-03-01,2.19441
2010-02-26,2.22266
2010-02-25,2.22379
2010-02-24,2.21107
2010-02-23,2.2084
2010-02-22,2.21659
2010-02-19,2.22705
2010-02-18,2.23192
2010-02-17,2.23671
2010-02-16,2.24781
2010-02-15,2.24653
2010-02-12,2.24497
2010-02-11,2.26018
2010-02-10,2.26823
2010-02-09,2.26973
2010-02-08,2.27477
2010-02-05,2.26708
2010-02-04,2.2485
2010-02-03,2.25681
2010-02-02,2.27107
2010-02-01,2.28225
2010-01-29,2.28617
2010-01-28,2.28445
2010-01-27,2.27416
2010-01-26,2.26498
2010-01-25,2.26522
2010-01-22,2.25297
2010-01-21,2.2354
2010-01-20,2.21636
2010-01-19,2.20988
2010-01-18,2.20169
2010-01-15,2.19511
2010-01-14,2.18677
2010-01-13,2.17707
2010-01-12,2.17568
2010-01-11,2.1732
2010-01-08,2.17351
2010-01-07,2.18188
2010-01-06,2.1989
2010-01-05,2.22547
2010-01-04,2.22979
2010-01-01,2.22126
2009-12-31,2.2273
2009-12-30,2.24734
2009-12-29,2.25778
2009-12-28,2.26152
2009-12-25,2.26861
2009-12-24,2.27625
2009-12-23,2.27481
2009-12-22,2.27225
2009-12-21,2.27126
2009-12-18,2.26923
2009-12-17,2.25853
2009-12-16,2.24491
2009-12-15,2.24125
2009-12-14,2.24204
2009-12-11,2.25989
2009-12-10,2.29247
2009-12-09,2.29833
2009-12-08,2.29932
2009-12-07,2.29682
2009-12-04,2.29301
2009-12-03,2.28865
2009-12-02,2.29331
2009-12-01,2.31022
2009-11-30,2.31212
2009-11-27,2.29337
2009-11-26,2.28235
2009-11-25,2.27506
2009-11-24,2.27372
2009-11-23,2.2751
2009-11-20,2.26157
2009-11-19,2.25204
2009-11-18,2.25104
2009-11-17,2.24624
2009-11-16,2.24425
2009-11-13,2.24758
2009-11-12,2.25189
2009-11-11,2.25996
2009-11-10,2.27581
2009-11-09,2.29058
2009-11-06,2.28969
2009-11-05,2.27975
2009-11-04,2.28016
2009-11-03,2.28638
2009-11-02,2.28303
2009-10-30,2.25058
2009-10-29,2.21052
2009-10-28,2.18174
2009-10-27,2.16528
2009-10-26,2.17491
2009-10-23,2.19405
2009-10-22,2.18606
2009-10-21,2.18294
2009-10-20,2.19587
2009-10-19,2.19198
2009-10-16,2.16462
2009-10-15,2.15429
2009-10-14,2.15218
2009-10-13,2.15893
2009-10-12,2.16056
2009-10-09,2.16538
2009-10-08,2.16804
2009-10-07,2.18659
2009-10-06,2.21776
2009-10-05,2.22326
2009-10-02,2.21842
2009-10-01,2.22186
2009-09-30,2.21864
2009-09-29,2.21713
2009-09-28,2.23143
2009-09-25,2.25632
2009-09-24,2.2651
2009-09-23,2.27789
2009-09-22,2.29453
2009-09-21,2.3016
2009-09-18,2.31867
2009-09-17,2.33687
2009-09-16,2.36246
2009-09-15,2.36481
2009-09-14,2.36332
2009-09-11,2.37509
2009-09-10,2.37078
2009-09-09,2.36911
2009-09-08,2.376
2009-09-07,2.39398
2009-09-04,2.40747
2009-09-03,2.39277
2009-09-02,2.37843
2009-09-01,2.37845
2009-08-31,2.37913
2009-08-28,2.38021
2009-08-27,2.38437
2009-08-26,2.39553
2009-08-25,2.40943
2009-08-24,2.42922
2009-08-21,2.44811
2009-08-20,2.45054
2009-08-19,2.44773
2009-08-18,2.44471
2009-08-17,2.44347
2009-08-14,2.45773
2009-08-13,2.46327
2009-08-12,2.45621
2009-08-11,2.47073
2009-08-10,2.4952
2009-08-07,2.52021
2009-08-06,2.52635
2009-08-05,2.53435
2009-08-04,2.52814
2009-08-03,2.52548
2009-07-31,2.51484
2009-07-30,2.49998
2009-07-29,2.5046
2009-07-28,2.50707
2009-07-27,2.50413
2009-07-24,2.50174
2009-07-23,2.50553
2009-07-22,2.51822
2009-07-21,2.52857
2009-07-20,2.5377
2009-07-17,2.54373
2009-07-16,2.55153
2009-07-15,2.57094
2009-07-14,2.58036
2009-07-13,2.57925
2009-07-10,2.56937
2009-07-09,2.55988
2009-07-08,2.56321
2009-07-07,2.58619
2009-07-06,2.59045
2009-07-03,2.57479
2009-07-02,2.55313
2009-07-01,2.54933
2009-06-30,2.55556
2009-06-29,2.55846
2009-06-26,2.56066
2009-06-25,2.57317
2009-06-24,2.58236
2009-06-23,2.5765
2009-06-22,2.56857
2009-06-19,2.58019
2009-06-18,2.59318
2009-06-17,2.58485
2009-06-16,2.57046
2009-06-15,2.56361
2009-06-12,2.58117
2009-06-11,2.59429
2009-06-10,2.58116
2009-06-09,2.55853
2009-06-08,2.55792
2009-06-05,2.56317
2009-06-04,2.54341
2009-06-03,2.52731
2009-06-02,2.52657
2009-06-01,2.54321
2009-05-29,2.57185
2009-05-28,2.57297
2009-05-27,2.56993
2009-05-26,2.57123
2009-05-25,2.58017
2009-05-22,2.5879
2009-05-21,2.57275
2009-05-20,2.57588
2009-05-19,2.59021
2009-05-18,2.58078
2009-05-15,2.54742
2009-05-14,2.52885
2009-05-13,2.51414
2009-05-12,2.51143
2009-05-11,2.5306
2009-05-08,2.56303
2009-05-07,2.59634
2009-05-06,2.6024
2009-05-05,2.61077
2009-05-04,2.61617
2009-05-01,2.60302
2009-04-30,2.60059
2009-04-29,2.60023
2009-04-28,2.5744
2009-04-27,2.58095
2009-04-24,2.6115
2009-04-23,2.61761
2009-04-22,2.61395
2009-04-21,2.60518
2009-04-20,2.60548
2009-04-17,2.59483
2009-04-16,2.55979
2009-04-15,2.521
2009-04-14,2.51197
2009-04-13,2.52165
2009-04-10,2.53873
2009-04-09,2.54735
2009-04-08,2.52715
2009-04-07,2.52138
2009-04-06,2.53876
2009-04-03,2.55447
2009-04-02,2.54655
2009-04-01,2.51799
2009-03-31,2.51832
2009-03-30,2.52031
2009-03-27,2.56025
2009-03-26,2.59127
2009-03-25,2.57423
2009-03-24,2.57638
2009-03-23,2.60016
2009-03-20,2.62927
2009-03-19,2.64686
2009-03-18,2.65778
2009-03-17,2.66738
2009-03-16,2.67823
2009-03-13,2.71046
2009-03-12,2.74804
2009-03-11,2.78274
2009-03-10,2.79988
2009-03-09,2.80936
2009-03-06,2.81885
2009-03-05,2.82553
2009-03-04,2.84429
2009-03-03,2.86154
2009-03-02,2.83637
2009-02-27,2.80098
2009-02-26,2.82049
2009-02-25,2.83916
2009-02-24,2.83099
2009-02-23,2.80893
2009-02-20,2.78922
2009-02-19,2.78719
2009-02-18,2.76742
2009-02-17,2.7437
2009-02-16,2.74069
2009-02-13,2.74335
2009-02-12,2.76118
2009-02-11,2.77691
2009-02-10,2.783
2009-02-09,2.80124
2009-02-06,2.83436
2009-02-05,2.82565
2009-02-04,2.82569
2009-02-03,2.84599
2009-02-02,2.81499
2009-01-30,2.72463
2009-01-29,2.67836
2009-01-28,2.64195
2009-01-27,2.60866
2009-01-26,2.61453
2009-01-23,2.63191
2009-01-22,2.65133
2009-01-21,2.66733
2009-01-20,2.68519
2009-01-19,2.70629
2009-01-16,2.69391
2009-01-15,2.64026
2009-01-14,2.60221
2009-01-13,2.56427
2009-01-12,2.56078
2009-01-09,2.54628
2009-01-08,2.50379
2009-01-07,2.48624
2009-01-06,2.47667
2009-01-05,2.4947
2009-01-02,2.51284
2009-01-01,2.50273
2008-12-31,2.51087
2008-12-30,2.52863
2008-12-29,2.54358
2008-12-26,2.57205
2008-12-25,2.58368
2008-12-24,2.58657
2008-12-23,2.58843
2008-12-22,2.59437
2008-12-19,2.61593
2008-12-18,2.69346
2008-12-17,2.73446
2008-12-16,2.73421
2008-12-15,2.72887
2008-12-12,2.71675
2008-12-11,2.72275
2008-12-10,2.73817
2008-12-09,2.74715
2008-12-08,2.75085
2008-12-05,2.77203
2008-12-04,2.8009
2008-12-03,2.81145
2008-12-02,2.80744
2008-12-01,2.79552
2008-11-28,2.79209
2008-11-27,2.79662
2008-11-26,2.79102
2008-11-25,2.78572
2008-11-24,2.77459
2008-11-21,2.75161
2008-11-20,2.72616
2008-11-19,2.70466
2008-11-18,2.66893
2008-11-17,2.66164
2008-11-14,2.66598
2008-11-13,2.67487
2008-11-12,2.66556
2008-11-11,2.64279
2008-11-10,2.65084
2008-11-07,2.65338
2008-11-06,2.64593
2008-11-05,2.6835
2008-11-04,2.7411
2008-11-03,2.77114
2008-10-31,2.79129
2008-10-30,2.81123
2008-10-29,2.84238
2008-10-28,2.85101
2008-10-27,2.81524
2008-10-24,2.74232
2008-10-23,2.74981
2008-10-22,2.78594
2008-10-21,2.81438
2008-10-20,2.82727
2008-10-17,2.83279
2008-10-16,2.81726
2008-10-15,2.82133
2008-10-14,2.85319
2008-10-13,2.85079
2008-10-10,2.83502
2008-10-09,2.82019
2008-10-08,2.74689
2008-10-07,2.70574
2008-10-06,2.66451
2008-10-03,2.6444
2008-10-02,2.65722
2008-10-01,2.67371
2008-09-30,2.67671
2008-09-29,2.69388
2008-09-26,2.70637
2008-09-25,2.70737
2008-09-24,2.68731
2008-09-23,2.6663
2008-09-22,2.68304
2008-09-19,2.7162
2008-09-18,2.72068
2008-09-17,2.72532
2008-09-16,2.69935
2008-09-15,2.68867
2008-09-12,2.67021
2008-09-11,2.63059
2008-09-10,2.62373
2008-09-09,2.62887
2008-09-08,2.62542
2008-09-05,2.60298
2008-09-04,2.60278
2008-09-03,2.59341
2008-09-02,2.59287
2008-09-01,2.60168
2008-08-29,2.61438
2008-08-28,2.63555
2008-08-27,2.63472
2008-08-26,2.61524
2008-08-25,2.6136
2008-08-22,2.61312
2008-08-21,2.61817
2008-08-20,2.62725
2008-08-19,2.63498
2008-08-18,2.6514
2008-08-15,2.68609
2008-08-14,2.72086
2008-08-13,2.73009
2008-08-12,2.73016
2008-08-11,2.72259
2008-08-08,2.70954
2008-08-07,2.69936
2008-08-06,2.69859
2008-08-05,2.70669
2008-08-04,2.7096
2008-08-01,2.6974
2008-07-31,2.68847
2008-07-30,2.67974
2008-07-29,2.6796
2008-07-28,2.68336
2008-07-25,2.66799
2008-07-24,2.63818
2008-07-23,2.62628
2008-07-22,2.62376
2008-07-21,2.61655
2008-07-18,2.59936
2008-07-17,2.59853
2008-07-16,2.60632
2008-07-15,2.61102
2008-07-14,2.61247
2008-07-11,2.61324
2008-07-10,2.61768
2008-07-09,2.6211
2008-07-08,2.61451
2008-07-07,2.61647
2008-07-04,2.62233
2008-07-03,2.62479
2008-07-02,2.61996
2008-07-01,2.61652
2008-06-30,2.6193
2008-06-27,2.60972
2008-06-26,2.59982
2008-06-25,2.59432
2008-06-24,2.59272
2008-06-23,2.5939
2008-06-20,2.58785
2008-06-19,2.59016
2008-06-18,2.59945
2008-06-17,2.60106
2008-06-16,2.59698
2008-06-13,2.59528
2008-06-12,2.59569
2008-06-11,2.59054
2008-06-10,2.57179
2008-06-09,2.55912
2008-06-06,2.53234
2008-06-05,2.50653
2008-06-04,2.50764
2008-06-03,2.51885
2008-06-02,2.52899
2008-05-30,2.52005
2008-05-29,2.51051
2008-05-28,2.51125
2008-05-27,2.52003
2008-05-26,2.52248
2008-05-23,2.52619
2008-05-22,2.53176
2008-05-21,2.5293
2008-05-20,2.52771
2008-05-19,2.54211
2008-05-16,2.56115
2008-05-15,2.54567
2008-05-14,2.54145
2008-05-13,2.54346
2008-05-12,2.53468
2008-05-09,2.51354
2008-05-08,2.49796
2008-05-07,2.50994
2008-05-06,2.52226
2008-05-05,2.53368
2008-05-02,2.54026
2008-05-01,2.53806
2008-04-30,2.53879
2008-04-29,2.53422
2008-04-28,2.52313
2008-04-25,2.49306
2008-04-24,2.49304
2008-04-23,2.50379
2008-04-22,2.51978
2008-04-21,2.5201
2008-04-18,2.50379
2008-04-17,2.5009
2008-04-16,2.50055
2008-04-15,2.49487
2008-04-14,2.47905
2008-04-11,2.47328
2008-04-10,2.47818
2008-04-09,2.49043
2008-04-08,2.50648
2008-04-07,2.52516
2008-04-04,2.52083
2008-04-03,2.51867
2008-04-02,2.5235
2008-04-01,2.51194
2008-03-31,2.5005
2008-03-28,2.49458
2008-03-27,2.48683
2008-03-26,2.48902
2008-03-25,2.50044
2008-03-24,2.49651
2008-03-21,2.48031
2008-03-20,2.4794
2008-03-19,2.49392
2008-03-18,2.49044
2008-03-17,2.49423
2008-03-14,2.51035
2008-03-13,2.5137
2008-03-12,2.53238
2008-03-11,2.54201
2008-03-10,2.51861
2008-03-07,2.48895
2008-03-06,2.48146
2008-03-05,2.47771
2008-03-04,2.48802
2008-03-03,2.47064
2008-02-29,2.43467
2008-02-28,2.43173
2008-02-27,2.42996
2008-02-26,2.43258
2008-02-25,2.43531
2008-02-22,2.44151
2008-02-21,2.45201
2008-02-20,2.45201
2008-02-19,2.47149
2008-02-18,2.488
2008-02-15,2.49539
2008-02-14,2.4833
2008-02-13,2.4703
2008-02-12,2.4683
2008-02-11,2.47295
2008-02-08,2.49077
2008-02-07,2.50128
2008-02-06,2.49056
2008-02-05,2.48059
2008-02-04,2.4981
2008-02-01,2.54375
2008-01-31,2.55446
2008-01-30,2.5598
2008-01-29,2.57478
2008-01-28,2.57186
2008-01-25,2.55944
2008-01-24,2.57957
2008-01-23,2.59279
2008-01-22,2.57997
2008-01-21,2.5654
2008-01-18,2.5454
2008-01-17,2.51695
2008-01-16,2.48779
2008-01-15,2.49449
2008-01-14,2.50949
2008-01-11,2.5348
2008-01-10,2.55655
2008-01-09,2.56682
2008-01-08,2.57557
2008-01-07,2.56731
2008-01-04,2.56006
2008-01-03,2.57945
2008-01-02,2.58759
2008-01-01,2.58024
2007-12-31,2.58085
2007-12-28,2.58582
2007-12-27,2.58327
2007-12-26,2.58414
2007-12-25,2.59332
2007-12-24,2.61216
2007-12-21,2.64349
2007-12-20,2.66364
2007-12-19,2.66463
2007-12-18,2.64582
2007-12-17,2.62517
2007-12-14,2.60557
2007-12-13,2.60942
2007-12-12,2.61816
2007-12-11,2.62095
2007-12-10,2.619
2007-12-07,2.64595
2007-12-06,2.68766
2007-12-05,2.69955
2007-12-04,2.69302
2007-12-03,2.68776
2007-11-30,2.69342
2007-11-29,2.71973
2007-11-28,2.73175
2007-11-27,2.7197
2007-11-26,2.72579
2007-11-23,2.73509
2007-11-22,2.72054
2007-11-21,2.71104
2007-11-20,2.70827
2007-11-19,2.70605
2007-11-16,2.70144
2007-11-15,2.72218
2007-11-14,2.74473
2007-11-13,2.74523
2007-11-12,2.72976
2007-11-09,2.70298
2007-11-08,2.68207
2007-11-07,2.70585
2007-11-06,2.72617
2007-11-05,2.71956
2007-11-02,2.70411
2007-11-01,2.69777
2007-10-31,2.68281
2007-10-30,2.67553
2007-10-29,2.68945
2007-10-26,2.71225
2007-10-25,2.71784
2007-10-24,2.72798
2007-10-23,2.74841
2007-10-22,2.7362
2007-10-19,2.71939
2007-10-18,2.71504
2007-10-17,2.68259
2007-10-16,2.63574
2007-10-15,2.63508
2007-10-12,2.66244
2007-10-11,2.67174
2007-10-10,2.66876
2007-10-09,2.67368
2007-10-08,2.68874
2007-10-05,2.69348
2007-10-04,2.68233
2007-10-03,2.67889
2007-10-02,2.6869
2007-10-01,2.70091
2007-09-28,2.70531
2007-09-27,2.71749
2007-09-26,2.72098
2007-09-25,2.71687
2007-09-24,2.71506
2007-09-21,2.72755
2007-09-20,2.77751
2007-09-19,2.81943
2007-09-18,2.81458
2007-09-17,2.8253
2007-09-14,2.85419
2007-09-13,2.88512
2007-09-12,2.92002
2007-09-11,2.93771
2007-09-10,2.93369
2007-09-07,2.92155
2007-09-06,2.89629
2007-09-05,2.87535
2007-09-04,2.8726
2007-09-03,2.87025
2007-08-31,2.86859
2007-08-30,2.86219
2007-08-29,2.81514
2007-08-28,2.78935
2007-08-27,2.79927
2007-08-24,2.82491
2007-08-23,2.84855
2007-08-22,2.84935
2007-08-21,2.84919
2007-08-20,2.85566
2007-08-17,2.83974
2007-08-16,2.75907
2007-08-15,2.73211
2007-08-14,2.7177
2007-08-13,2.69501
2007-08-10,2.66152
2007-08-09,2.65627
2007-08-08,2.66673
2007-08-07,2.68116
2007-08-06,2.67248
2007-08-03,2.65951
2007-08-02,2.65676
2007-08-01,2.64514
2007-07-31,2.65282
2007-07-30,2.61871
2007-07-27,2.56836
2007-07-26,2.55476
2007-07-25,2.55886
2007-07-24,2.57332
2007-07-23,2.58221
2007-07-20,2.58871
2007-07-19,2.58512
2007-07-18,2.57786
2007-07-17,2.58101
2007-07-16,2.59067
2007-07-13,2.60377
2007-07-12,2.6054
2007-07-11,2.58764
2007-07-10,2.57486
2007-07-09,2.57158
2007-07-06,2.57625
2007-07-05,2.57984
2007-07-04,2.58259
2007-07-03,2.5923
2007-07-02,2.60468
2007-06-29,2.61507
2007-06-28,2.61478
2007-06-27,2.60816
2007-06-26,2.61382
2007-06-25,2.61753
2007-06-22,2.61562
2007-06-21,2.62183
2007-06-20,2.62811
2007-06-19,2.6244
2007-06-18,2.62057
2007-06-15,2.62798
2007-06-14,2.62855
2007-06-13,2.6192
2007-06-12,2.59824
2007-06-11,2.59937
2007-06-08,2.64142
2007-06-07,2.65469
2007-06-06,2.66032
2007-06-05,2.66287
2007-06-04,2.67473
2007-06-01,2.70539
2007-05-31,2.72054
2007-05-30,2.72821
2007-05-29,2.7315
2007-05-28,2.73137
2007-05-25,2.72501
2007-05-24,2.71494
2007-05-23,2.70564
2007-05-22,2.70189
2007-05-21,2.70145
2007-05-18,2.69668
2007-05-17,2.69
2007-05-16,2.68658
2007-05-15,2.6924
2007-05-14,2.70447
2007-05-11,2.71111
2007-05-10,2.70483
2007-05-09,2.7027
2007-05-08,2.70567
2007-05-07,2.7023
2007-05-04,2.69884
2007-05-03,2.69926
2007-05-02,2.69786
2007-05-01,2.69565
2007-04-30,2.69161
2007-04-27,2.68981
2007-04-26,2.69155
2007-04-25,2.69061
2007-04-24,2.68254
2007-04-23,2.68563
2007-04-20,2.69583
2007-04-19,2.6936
2007-04-18,2.69254
2007-04-17,2.69061
2007-04-16,2.70177
2007-04-13,2.71471
2007-04-12,2.71375
2007-04-11,2.71753
2007-04-10,2.72445
2007-04-09,2.73033
2007-04-06,2.73755
2007-04-05,2.74379
2007-04-04,2.74394
2007-04-03,2.74987
2007-04-02,2.75528
2007-03-30,2.75423
2007-03-29,2.74906
2007-03-28,2.74624
2007-03-27,2.75562
2007-03-26,2.76231
2007-03-23,2.77308
2007-03-22,2.77824
2007-03-21,2.77729
2007-03-20,2.78242
2007-03-19,2.78852
2007-03-16,2.79699
2007-03-15,2.79584
2007-03-14,2.78262
2007-03-13,2.7921
2007-03-12,2.80935
2007-03-09,2.82764
2007-03-08,2.8289
2007-03-07,2.83503
2007-03-06,2.83048
2007-03-05,2.81882
2007-03-02,2.80607
2007-03-01,2.79188
2007-02-28,2.7744
2007-02-27,2.77344
2007-02-26,2.77471
2007-02-23,2.77216
2007-02-22,2.78074
2007-02-21,2.7848
2007-02-20,2.78833
2007-02-19,2.80508
2007-02-16,2.82351
2007-02-15,2.82958
2007-02-14,2.84258
2007-02-13,2.84926
2007-02-12,2.85632
2007-02-09,2.87299
2007-02-08,2.88498
2007-02-07,2.87531
2007-02-06,2.87649
2007-02-05,2.877
2007-02-02,2.86003
2007-02-01,2.84499
2007-01-31,2.8236
2007-01-30,2.81468
2007-01-29,2.81253
2007-01-26,2.81697
2007-01-25,2.82861
2007-01-24,2.83125
2007-01-23,2.8364
2007-01-22,2.83934
2007-01-19,2.84202
2007-01-18,2.83468
2007-01-17,2.82498
2007-01-16,2.83214
2007-01-15,2.82662
2007-01-12,2.81009
2007-01-11,2.80789
2007-01-10,2.80946
2007-01-09,2.81309
2007-01-08,2.79762
2007-01-05,2.77681
2007-01-04,2.7822
2007-01-03,2.78221
2007-01-02,2.78281
2007-01-01,2.78281
2006-12-29,2.78795
2006-12-28,2.79111
2006-12-27,2.79593
2006-12-26,2.7989
2006-12-25,2.80613
2006-12-22,2.82552
2006-12-21,2.82596
2006-12-20,2.82681
2006-12-19,2.82891
2006-12-18,2.83528
2006-12-15,2.84541
2006-12-14,2.84809
2006-12-13,2.8445
2006-12-12,2.84391
2006-12-11,2.84998
2006-12-08,2.86316
2006-12-07,2.87438
2006-12-06,2.87429
2006-12-05,2.87722
2006-12-04,2.87502
2006-12-01,2.87072
2006-11-30,2.87972
2006-11-29,2.88952
2006-11-28,2.88419
2006-11-27,2.86789
2006-11-24,2.85019
2006-11-23,2.84048
2006-11-22,2.83896
2006-11-21,2.84641
2006-11-20,2.85119
2006-11-17,2.85714
2006-11-16,2.86971
2006-11-15,2.87682
2006-11-14,2.87319
2006-11-13,2.86717
2006-11-10,2.8574
2006-11-09,2.84608
2006-11-08,2.84194
2006-11-07,2.84032
2006-11-06,2.83782
2006-11-03,2.83916
2006-11-02,2.84673
2006-11-01,2.85742
2006-10-31,2.8645
2006-10-30,2.86601
2006-10-27,2.8578
2006-10-26,2.83156
2006-10-25,2.82152
2006-10-24,2.81774
2006-10-23,2.81664
2006-10-20,2.81645
2006-10-19,2.81923
2006-10-18,2.82165
2006-10-17,2.82551
2006-10-16,2.82033
2006-10-13,2.81406
2006-10-12,2.81615
2006-10-11,2.83199
2006-10-10,2.84375
2006-10-09,2.83953
2006-10-06,2.84554
2006-10-05,2.86054
2006-10-04,2.86653
2006-10-03,2.86941
2006-10-02,2.86826
2006-09-29,2.87013
2006-09-28,2.86261
2006-09-27,2.84711
2006-09-26,2.86086
2006-09-25,2.87011
2006-09-22,2.86468
2006-09-21,2.85194
2006-09-20,2.83742
2006-09-19,2.83481
2006-09-18,2.84745
2006-09-15,2.88063
2006-09-14,2.91608
2006-09-13,2.92108
2006-09-12,2.92466
2006-09-11,2.91767
2006-09-08,2.90937
2006-09-07,2.92281
2006-09-06,2.92661
2006-09-05,2.91065
2006-09-04,2.91211
2006-09-01,2.92862
2006-08-31,2.94709
2006-08-30,2.96381
2006-08-29,2.96706
2006-08-28,2.96649
2006-08-25,2.96605
2006-08-24,2.95866
2006-08-23,2.95711
2006-08-22,2.94906
2006-08-21,2.94706
2006-08-18,2.96152
2006-08-17,2.9806
2006-08-16,2.99068
2006-08-15,2.98376
2006-08-14,2.99102
2006-08-11,3.01515
2006-08-10,3.04067
2006-08-09,3.05028
2006-08-08,3.05214
2006-08-07,3.04336
2006-08-04,3.02958
2006-08-03,3.02819
2006-08-02,3.02102
2006-08-01,3.01843
2006-07-31,3.00839
2006-07-28,2.9771
2006-07-27,2.95443
2006-07-26,2.96487
2006-07-25,2.97854
2006-07-24,2.97385
2006-07-21,2.95394
2006-07-20,2.92969
2006-07-19,2.92907
2006-07-18,2.95237
2006-07-17,2.96835
2006-07-14,2.97918
2006-07-13,2.9932
2006-07-12,3.01143
2006-07-11,3.02356
2006-07-10,3.03254
2006-07-07,3.03375
2006-07-06,3.02843
2006-07-05,3.03094
2006-07-04,3.03364
2006-07-03,3.03941
2006-06-30,3.04503
2006-06-29,3.02984
2006-06-28,3.00852
2006-06-27,3.00014
2006-06-26,2.99183
2006-06-23,2.98556
2006-06-22,2.97531
2006-06-21,2.98256
2006-06-20,2.99403
2006-06-19,2.98589
2006-06-16,2.96253
2006-06-15,2.9535
2006-06-14,2.93666
2006-06-13,2.91174
2006-06-12,2.92117
2006-06-09,2.9558
2006-06-08,2.97027
2006-06-07,2.97027
2006-06-06,2.97907
2006-06-05,2.97199
2006-06-02,2.94649
2006-06-01,2.93759
2006-05-31,2.93394
2006-05-30,2.93252
2006-05-29,2.93518
2006-05-26,2.95837
2006-05-25,3.00532
2006-05-24,3.02719
2006-05-23,3.03293
2006-05-22,3.02829
2006-05-19,3.02431
2006-05-18,3.02108
2006-05-17,3.02671
2006-05-16,3.02659
2006-05-15,3.00307
2006-05-12,2.97423
2006-05-11,2.96428
2006-05-10,2.93779
2006-05-09,2.9086
2006-05-08,2.89158
2006-05-05,2.87515
2006-05-04,2.87166
2006-05-03,2.86942
2006-05-02,2.86223
2006-05-01,2.84994
2006-04-28,2.83626
2006-04-27,2.84338
2006-04-26,2.8368
2006-04-25,2.81842
2006-04-24,2.81986
2006-04-21,2.82372
2006-04-20,2.82298
2006-04-19,2.8319
2006-04-18,2.83419
2006-04-17,2.8287
2006-04-14,2.83297
2006-04-13,2.85283
2006-04-12,2.86124
2006-04-11,2.86343
2006-04-10,2.86017
2006-04-07,2.85746
2006-04-06,2.87051
2006-04-05,2.85713
2006-04-04,2.82234
2006-04-03,2.83742
2006-03-31,2.86922
2006-03-30,2.88203
2006-03-29,2.87425
2006-03-28,2.86937
2006-03-27,2.83326
2006-03-24,2.79155
2006-03-23,2.80562
2006-03-22,2.80058
2006-03-21,2.78404
2006-03-20,2.75373
2006-03-17,2.72154
2006-03-16,2.71777
2006-03-15,2.71237
2006-03-14,2.69091
2006-03-13,2.68567
2006-03-10,2.67342
2006-03-09,2.67352
2006-03-08,2.66333
2006-03-07,2.64262
2006-03-06,2.63267
2006-03-03,2.63332
2006-03-02,2.64184
2006-03-01,2.64083
2006-02-28,2.63825
2006-02-27,2.63894
2006-02-24,2.64642
2006-02-23,2.63482
2006-02-22,2.61496
2006-02-21,2.60472
2006-02-20,2.59516
2006-02-17,2.57692
2006-02-16,2.57158
2006-02-15,2.57289
2006-02-14,2.56655
2006-02-13,2.57098
2006-02-10,2.57204
2006-02-09,2.56745
2006-02-08,2.56377
2006-02-07,2.56584
2006-02-06,2.57126
2006-02-03,2.58688
2006-02-02,2.58958
2006-02-01,2.59263
2006-01-31,2.59261
2006-01-30,2.595
2006-01-27,2.60304
2006-01-26,2.61551
2006-01-25,2.61746
2006-01-24,2.60542
2006-01-23,2.59615
2006-01-20,2.57496
2006-01-19,2.55682
2006-01-18,2.5408
2006-01-17,2.53803
2006-01-16,2.53949
2006-01-13,2.53364
2006-01-12,2.53894
2006-01-11,2.54946
2006-01-10,2.55688
2006-01-09,2.559
2006-01-06,2.54745
2006-01-05,2.52892
2006-01-04,2.52281
2006-01-03,2.52238
2006-01-02,2.5337
2005-12-30,2.557
2005-12-29,2.56861
2005-12-28,2.56861
2005-12-27,2.5714
2005-12-26,2.57111
2005-12-23,2.56744
2005-12-22,2.56169
2005-12-21,2.56193
2005-12-20,2.56628
2005-12-19,2.54403
2005-12-16,2.50265
2005-12-15,2.49634
2005-12-14,2.49337
2005-12-13,2.49514
2005-12-12,2.47687
2005-12-09,2.43859
2005-12-08,2.42393
2005-12-07,2.42691
2005-12-06,2.43041
2005-12-05,2.43805
2005-12-02,2.45198
2005-12-01,2.45458
2005-11-30,2.45796
2005-11-29,2.46703
2005-11-28,2.46703
2005-11-25,2.48062
2005-11-24,2.48714
2005-11-23,2.49126
2005-11-22,2.49592
2005-11-21,2.50109
2005-11-18,2.50241
2005-11-17,2.5162
2005-11-16,2.54045
2005-11-15,2.5472
2005-11-14,2.53754
2005-11-11,2.54227
2005-11-10,2.54874
2005-11-09,2.55799
2005-11-08,2.5651
2005-11-07,2.5644
2005-11-04,2.5677
2005-11-03,2.5515
2005-11-02,2.52747
2005-11-01,2.52059
2005-10-31,2.52199
2005-10-28,2.52465
2005-10-27,2.52803
2005-10-26,2.5245
2005-10-25,2.51977
2005-10-24,2.52826
2005-10-21,2.52957
2005-10-20,2.52236
2005-10-19,2.51603
2005-10-18,2.52654
2005-10-17,2.538
2005-10-14,2.52652
2005-10-13,2.51602
2005-10-12,2.52013
2005-10-11,2.52221
2005-10-10,2.53924
2005-10-07,2.54607
2005-10-06,2.53491
2005-10-05,2.53074
2005-10-04,2.5394
2005-10-03,2.54687
2005-09-30,2.55974
2005-09-29,2.58354
2005-09-28,2.59528
2005-09-27,2.5856
2005-09-26,2.57819
2005-09-23,2.58574
2005-09-22,2.58382
2005-09-21,2.57548
2005-09-20,2.57097
2005-09-19,2.56237
2005-09-16,2.56515
2005-09-15,2.58214
2005-09-14,2.59172
2005-09-13,2.58969
2005-09-12,2.59897
2005-09-09,2.60659
2005-09-08,2.60632
2005-09-07,2.60021
2005-09-06,2.60342
2005-09-05,2.60552
2005-09-02,2.5964
2005-09-01,2.59165
2005-08-31,2.59112
2005-08-30,2.59127
2005-08-29,2.5881
2005-08-26,2.5819
2005-08-25,2.58045
2005-08-24,2.58239
2005-08-23,2.58615
2005-08-22,2.58318
2005-08-19,2.57867
2005-08-18,2.57557
2005-08-17,2.56976
2005-08-16,2.56723
2005-08-15,2.56545
2005-08-12,2.5705
2005-08-11,2.579
2005-08-10,2.58047
2005-08-09,2.57638
2005-08-08,2.57669
2005-08-05,2.57502
2005-08-04,2.57295
2005-08-03,2.57872
2005-08-02,2.58257
2005-08-01,2.57563
2005-07-29,2.56796
2005-07-28,2.5594
2005-07-27,2.55045
2005-07-26,2.5429
2005-07-25,2.54251
2005-07-22,2.56489
2005-07-21,2.57409
2005-07-20,2.57903
2005-07-19,2.58756
2005-07-18,2.60083
2005-07-15,2.60769
2005-07-14,2.60847
2005-07-13,2.58962
2005-07-12,2.58358
2005-07-11,2.58401
2005-07-08,2.59806
2005-07-07,2.60221
2005-07-06,2.59384
2005-07-05,2.58849
2005-07-04,2.58331
2005-07-01,2.5765
2005-06-30,2.58401
2005-06-29,2.58901
2005-06-28,2.58389
2005-06-27,2.57887
2005-06-24,2.5584
2005-06-23,2.54475
2005-06-22,2.54864
2005-06-21,2.55198
2005-06-20,2.55395
2005-06-17,2.55147
2005-06-16,2.55542
2005-06-15,2.55694
2005-06-14,2.56337
2005-06-13,2.56347
2005-06-10,2.56041
2005-06-09,2.56607
2005-06-08,2.57022
2005-06-07,2.58029
2005-06-06,2.59196
2005-06-03,2.59369
2005-06-02,2.59182
2005-06-01,2.57474
2005-05-31,2.5593
2005-05-30,2.55882
2005-05-27,2.56646
2005-05-26,2.56401
2005-05-25,2.5649
2005-05-24,2.57551
2005-05-23,2.57679
2005-05-20,2.57696
2005-05-19,2.58197
2005-05-18,2.59421
2005-05-17,2.60004
2005-05-16,2.59693
2005-05-13,2.58384
2005-05-12,2.56749
2005-05-11,2.57533
2005-05-10,2.58568
2005-05-09,2.58568
2005-05-06,2.59247
2005-05-05,2.59686
2005-05-04,2.60211
2005-05-03,2.60067
2005-05-02,2.60823
2005-04-29,2.62798
2005-04-28,2.64091
2005-04-27,2.63069
2005-04-26,2.6204
2005-04-25,2.6181
2005-04-22,2.62862
2005-04-21,2.64217
2005-04-20,2.65182
2005-04-19,2.64943
2005-04-18,2.62787
2005-04-15,2.61022
2005-04-14,2.61794
2005-04-13,2.62293
2005-04-12,2.62616
2005-04-11,2.62973
2005-04-08,2.6317
2005-04-07,2.6451
2005-04-06,2.65176
2005-04-05,2.65194
2005-04-04,2.65471
2005-04-01,2.65637
2005-03-31,2.65229
2005-03-30,2.63937
2005-03-29,2.62915
2005-03-28,2.62127
2005-03-25,2.61515
2005-03-24,2.59231
2005-03-23,2.5788
2005-03-22,2.57996
2005-03-21,2.58447
2005-03-18,2.58959
2005-03-17,2.58571
2005-03-16,2.58647
2005-03-15,2.59812
2005-03-14,2.60373
2005-03-11,2.60138
2005-03-10,2.60345
2005-03-09,2.60538
2005-03-08,2.60931
2005-03-07,2.62171
2005-03-04,2.62673
2005-03-03,2.63609
2005-03-02,2.64273
2005-03-01,2.64888
2005-02-28,2.65483
2005-02-25,2.64626
2005-02-24,2.6375
2005-02-23,2.62152
2005-02-22,2.6159
2005-02-21,2.62665
2005-02-18,2.64107
2005-02-17,2.64353
2005-02-16,2.64649
2005-02-15,2.63384
2005-02-14,2.62413
2005-02-11,2.63511
2005-02-10,2.64797
2005-02-09,2.65481
2005-02-08,2.64777
2005-02-07,2.64415
2005-02-04,2.64736
2005-02-03,2.6427
2005-02-02,2.64851
2005-02-01,2.65396
2005-01-31,2.65131
2005-01-28,2.63688
2005-01-27,2.62872
2005-01-26,2.62853
2005-01-25,2.63296
2005-01-24,2.64202
2005-01-21,2.66101
2005-01-20,2.67438
2005-01-19,2.68061
2005-01-18,2.6727
2005-01-17,2.67207
2005-01-14,2.67227
2005-01-13,2.67963
2005-01-12,2.69602
2005-01-11,2.70123
2005-01-10,2.6955
2005-01-07,2.69138
2005-01-06,2.68919
2005-01-05,2.67717
2005-01-04,2.66969
2005-01-03,2.67407
