Date,CURRFX.CADCHF.1
2015-03-07,0.779444
2015-03-06,0.77495
2015-03-05,0.769098
2015-03-04,0.76573
2015-03-03,0.763438
2015-03-02,0.762092
2015-03-01,0.762092
2015-02-28,0.761684
2015-02-27,0.762743
2015-02-26,0.759281
2015-02-25,0.75376
2015-02-24,0.751163
2015-02-23,0.752264
2015-02-22,0.752264
2015-02-21,0.758152
2015-02-20,0.756854
2015-02-19,0.75446
2015-02-18,0.749738
2015-02-17,0.747997
2015-02-16,0.746997
2015-02-15,0.746997
2015-02-14,0.742482
2015-02-13,0.73777
2015-02-12,0.737136
2015-02-11,0.74016
2015-02-10,0.739989
2015-02-09,0.740314
2015-02-08,0.740314
2015-02-07,0.740261
2015-02-06,0.74009
2015-02-05,0.740601
2015-02-04,0.735363
2015-02-03,0.728299
2015-02-02,0.723561
2015-02-01,0.725405
2015-01-31,0.728664
2015-01-30,0.727887
2015-01-29,0.72577
2015-01-28,0.720201
2015-01-27,0.711252
2015-01-26,0.707137
2015-01-25,0.707137
2015-01-24,0.70217
2015-01-23,0.70439
2015-01-22,0.720472
2015-01-21,0.728619
2015-01-20,0.72152
2015-01-19,0.714777
2015-01-18,0.717423
2015-01-17,0.752945
2015-01-16,0.822251
2015-01-15,0.851178
2015-01-14,0.851535
2015-01-13,0.854185
2015-01-12,0.856509
2015-01-11,0.856509
2015-01-10,0.85964
2015-01-09,0.858851
2015-01-08,0.855763
2015-01-07,0.854922
2015-01-06,0.852309
2015-01-05,0.852004
2015-01-04,0.852004
2015-01-03,0.855312
2015-01-02,0.854961
2015-01-01,0.852721
2014-12-31,0.850274
2014-12-30,0.849207
2014-12-29,0.849176
2014-12-28,0.849176
2014-12-27,0.848439
2014-12-26,0.848295
2014-12-25,0.848443
2014-12-24,0.846871
2014-12-23,0.846908
2014-12-22,0.847463
2014-12-21,0.847463
2014-12-20,0.844288
2014-12-19,0.836014
2014-12-18,0.827461
2014-12-17,0.828762
2014-12-16,0.832718
2014-12-15,0.832437
2014-12-14,0.834305
2014-12-13,0.838802
2014-12-12,0.843563
2014-12-11,0.84745
2014-12-10,0.851284
2014-12-09,0.855327
2014-12-08,0.855077
2014-12-07,0.855077
2014-12-06,0.855359
2014-12-05,0.857247
2014-12-04,0.854625
2014-12-03,0.850131
2014-12-02,0.846317
2014-12-01,0.846678
2014-11-30,0.846678
2014-11-29,0.850164
2014-11-28,0.85432
2014-11-27,0.85628
2014-11-26,0.858976
2014-11-25,0.862496
2014-11-24,0.863464
2014-11-23,0.859852
2014-11-22,0.850563
2014-11-21,0.84556
2014-11-20,0.847977
2014-11-19,0.851088
2014-11-18,0.850063
2014-11-17,0.849282
2014-11-16,0.849282
2014-11-15,0.850134
2014-11-14,0.852117
2014-11-13,0.851767
2014-11-12,0.851333
2014-11-11,0.852313
2014-11-10,0.852245
2014-11-09,0.852245
2014-11-08,0.849484
2014-11-07,0.845113
2014-11-06,0.844234
2014-11-05,0.849504
2014-11-04,0.854337
2014-11-03,0.854545
2014-11-02,0.854545
2014-11-01,0.854681
2014-10-31,0.852528
2014-10-30,0.847467
2014-10-29,0.845511
2014-10-28,0.846436
2014-10-27,0.848041
2014-10-26,0.848041
2014-10-25,0.848881
2014-10-24,0.847756
2014-10-23,0.844014
2014-10-22,0.838944
2014-10-21,0.83867
2014-10-20,0.83898
2014-10-19,0.83898
2014-10-18,0.837833
2014-10-17,0.837645
2014-10-16,0.843027
2014-10-15,0.849128
2014-10-14,0.852625
2014-10-13,0.854323
2014-10-12,0.854323
2014-10-11,0.854577
2014-10-10,0.85653
2014-10-09,0.858054
2014-10-08,0.859946
2014-10-07,0.860559
2014-10-06,0.859034
2014-10-05,0.859034
2014-10-04,0.857336
2014-10-03,0.856662
2014-10-02,0.854023
2014-10-01,0.853324
2014-09-30,0.852775
2014-09-29,0.85275
2014-09-28,0.85275
2014-09-27,0.853097
2014-09-26,0.852588
2014-09-25,0.850236
2014-09-24,0.852599
2014-09-23,0.856961
2014-09-22,0.857386
2014-09-21,0.857386
2014-09-20,0.855194
2014-09-19,0.853533
2014-09-18,0.849888
2014-09-17,0.845644
2014-09-16,0.843073
2014-09-15,0.843209
2014-09-14,0.843209
2014-09-13,0.848112
2014-09-12,0.851961
2014-09-11,0.8516
2014-09-10,0.852301
2014-09-09,0.854923
2014-09-08,0.855856
2014-09-07,0.855856
2014-09-06,0.852895
2014-09-05,0.845792
2014-09-04,0.842788
2014-09-03,0.844537
2014-09-02,0.845087
2014-09-01,0.844208
2014-08-31,0.844138
2014-08-30,0.84328
2014-08-29,0.841709
2014-08-28,0.838157
2014-08-27,0.835121
2014-08-26,0.83536
2014-08-25,0.834467
2014-08-24,0.834467
2014-08-23,0.833116
2014-08-22,0.832306
2014-08-21,0.831912
2014-08-20,0.831672
2014-08-19,0.829897
2014-08-18,0.829178
2014-08-17,0.829178
2014-08-16,0.830995
2014-08-15,0.831221
2014-08-14,0.830852
2014-08-13,0.829044
2014-08-12,0.826221
2014-08-11,0.826467
2014-08-10,0.826467
2014-08-09,0.829766
2014-08-08,0.831177
2014-08-07,0.830486
2014-08-06,0.830488
2014-08-05,0.829887
2014-08-04,0.830393
2014-08-03,0.830393
2014-08-02,0.832225
2014-08-01,0.834004
2014-07-31,0.835658
2014-07-30,0.836674
2014-07-29,0.837658
2014-07-28,0.837658
2014-07-27,0.837658
2014-07-26,0.8397
2014-07-25,0.840713
2014-07-24,0.839884
2014-07-23,0.837381
2014-07-22,0.836566
2014-07-21,0.836964
2014-07-20,0.836425
2014-07-19,0.835735
2014-07-18,0.835115
2014-07-17,0.833256
2014-07-16,0.831779
2014-07-15,0.833185
2014-07-14,0.833185
2014-07-13,0.833185
2014-07-12,0.836563
2014-07-11,0.836563
2014-07-10,0.836563
2014-07-09,0.837566
2014-07-08,0.839315
2014-07-07,0.839577
2014-07-06,0.839916
2014-07-05,0.838704
2014-07-04,0.83542
2014-07-03,0.833604
2014-07-02,0.832635
2014-07-01,0.834294
2014-06-30,0.835439
2014-06-29,0.835439
2014-06-28,0.834974
2014-06-27,0.833217
2014-06-26,0.832559
2014-06-25,0.833609
2014-06-24,0.833057
2014-06-23,0.830543
2014-06-22,0.830543
2014-06-21,0.827743
2014-06-20,0.826574
2014-06-19,0.827258
2014-06-18,0.827855
2014-06-17,0.828539
2014-06-16,0.828659
2014-06-15,0.828659
2014-06-14,0.827894
2014-06-13,0.827567
2014-06-12,0.825546
2014-06-11,0.822189
2014-06-10,0.818622
2014-06-09,0.817182
2014-06-08,0.817182
2014-06-07,0.817729
2014-06-06,0.819587
2014-06-05,0.821434
2014-06-04,0.823981
2014-06-03,0.82607
2014-06-02,0.82607
2014-06-01,0.82607
2014-05-31,0.827009
2014-05-30,0.826624
2014-05-29,0.826111
2014-05-28,0.824991
2014-05-27,0.824379
2014-05-26,0.823725
2014-05-25,0.823725
2014-05-24,0.821267
2014-05-23,0.818969
2014-05-22,0.818579
2014-05-21,0.820113
2014-05-20,0.821272
2014-05-19,0.820904
2014-05-18,0.820904
2014-05-17,0.819261
2014-05-16,0.818111
2014-05-15,0.815707
2014-05-14,0.814782
2014-05-13,0.813948
2014-05-12,0.813341
2014-05-11,0.813341
2014-05-10,0.810529
2014-05-09,0.804862
2014-05-08,0.802463
2014-05-07,0.800699
2014-05-06,0.800039
2014-05-05,0.800807
2014-05-04,0.800807
2014-05-03,0.801821
2014-05-02,0.80293
2014-05-01,0.803879
2014-04-30,0.80047
2014-04-29,0.798345
2014-04-28,0.798825
2014-04-27,0.798825
2014-04-26,0.799692
2014-04-25,0.800536
2014-04-24,0.801481
2014-04-23,0.802478
2014-04-22,0.80163
2014-04-21,0.801646
2014-04-20,0.801646
2014-04-19,0.801264
2014-04-18,0.80053
2014-04-17,0.801223
2014-04-16,0.801202
2014-04-15,0.799343
2014-04-14,0.79864
2014-04-13,0.79864
2014-04-12,0.802307
2014-04-11,0.807058
2014-04-10,0.808997
2014-04-09,0.809881
2014-04-08,0.811502
2014-04-07,0.811744
2014-04-06,0.811744
2014-04-05,0.808537
2014-04-04,0.804256
2014-04-03,0.801065
2014-04-02,0.800428
2014-04-01,0.801609
2014-03-31,0.802678
2014-03-30,0.802678
2014-03-29,0.802205
2014-03-28,0.797206
2014-03-27,0.791806
2014-03-26,0.788032
2014-03-25,0.786933
2014-03-24,0.786461
2014-03-23,0.786461
2014-03-22,0.785791
2014-03-21,0.7844
2014-03-20,0.78595
2014-03-19,0.788955
2014-03-18,0.787504
2014-03-17,0.786855
2014-03-16,0.786855
2014-03-15,0.788108
2014-03-14,0.788068
2014-03-13,0.789327
2014-03-12,0.790585
2014-03-11,0.790784
2014-03-10,0.79382
2014-03-09,0.79382
2014-03-08,0.799947
2014-03-07,0.803017
2014-03-06,0.799968
2014-03-05,0.796855
2014-03-04,0.795289
2014-03-03,0.795888
2014-03-02,0.795888
2014-03-01,0.797574
2014-02-28,0.800026
2014-02-27,0.801313
2014-02-26,0.801042
2014-02-25,0.799568
2014-02-24,0.798921
2014-02-23,0.798921
2014-02-22,0.800059
2014-02-21,0.804876
2014-02-20,0.810398
2014-02-19,0.81277
2014-02-18,0.812864
2014-02-17,0.812761
2014-02-16,0.813122
2014-02-15,0.814438
2014-02-14,0.816333
2014-02-13,0.815188
2014-02-12,0.811519
2014-02-11,0.813526
2014-02-10,0.814169
2014-02-09,0.814169
2014-02-08,0.814997
2014-02-07,0.81567
2014-02-06,0.815324
2014-02-05,0.814957
2014-02-04,0.815079
2014-02-03,0.812477
2014-02-02,0.812477
2014-02-01,0.807249
2014-01-31,0.804496
2014-01-30,0.805921
2014-01-29,0.807818
2014-01-28,0.808271
2014-01-27,0.807307
2014-01-26,0.807307
2014-01-25,0.810437
2014-01-24,0.819717
2014-01-23,0.829408
2014-01-22,0.831075
2014-01-21,0.830832
2014-01-20,0.829567
2014-01-19,0.829567
2014-01-18,0.829121
2014-01-17,0.828983
2014-01-16,0.826982
2014-01-15,0.82703
2014-01-14,0.828188
2014-01-13,0.830478
2014-01-12,0.830478
2014-01-11,0.835674
2014-01-10,0.840655
2014-01-09,0.844216
2014-01-08,0.848626
2014-01-07,0.850917
2014-01-06,0.849711
2014-01-05,0.849711
2014-01-04,0.845216
2014-01-03,0.840031
2014-01-02,0.836034
2014-01-01,0.834504
2013-12-31,0.833913
2013-12-30,0.833913
2013-12-29,0.833913
2013-12-28,0.838611
2013-12-27,0.843082
2013-12-26,0.84354
2013-12-25,0.842826
2013-12-24,0.842664
2013-12-23,0.842043
2013-12-22,0.842043
2013-12-21,0.839402
2013-12-20,0.835884
2013-12-19,0.835556
2013-12-18,0.837978
2013-12-17,0.83941
2013-12-16,0.838928
2013-12-15,0.838928
2013-12-14,0.837058
2013-12-13,0.837074
2013-12-12,0.836589
2013-12-11,0.836763
2013-12-10,0.837709
2013-12-09,0.839167
2013-12-08,0.839167
2013-12-07,0.842116
2013-12-06,0.845822
2013-12-05,0.849453
2013-12-04,0.852238
2013-12-03,0.853515
2013-12-02,0.854001
2013-12-01,0.854001
2013-11-30,0.855204
2013-11-29,0.857257
2013-11-28,0.860331
2013-11-27,0.862772
2013-11-26,0.863245
2013-11-25,0.863245
2013-11-24,0.863245
2013-11-23,0.868758
2013-11-22,0.873494
2013-11-21,0.872503
2013-11-20,0.874611
2013-11-19,0.876235
2013-11-18,0.876563
2013-11-17,0.876314
2013-11-16,0.875217
2013-11-15,0.874295
2013-11-14,0.875558
2013-11-13,0.877677
2013-11-12,0.879207
2013-11-11,0.878688
2013-11-10,0.878688
2013-11-09,0.877143
2013-11-08,0.875605
2013-11-07,0.873456
2013-11-06,0.874063
2013-11-05,0.875421
2013-11-04,0.874111
2013-11-03,0.874111
2013-11-02,0.868938
2013-11-01,0.861495
2013-10-31,0.858881
2013-10-30,0.857628
2013-10-29,0.855346
2013-10-28,0.854743
2013-10-27,0.854743
2013-10-26,0.856289
2013-10-25,0.860551
2013-10-24,0.868669
2013-10-23,0.875368
2013-10-22,0.876762
2013-10-21,0.876771
2013-10-20,0.876771
2013-10-19,0.878185
2013-10-18,0.880658
2013-10-17,0.881379
2013-10-16,0.880228
2013-10-15,0.879164
2013-10-14,0.879068
2013-10-13,0.879068
2013-10-12,0.876218
2013-10-11,0.875867
2013-10-10,0.875139
2013-10-09,0.876095
2013-10-08,0.878483
2013-10-07,0.878177
2013-10-06,0.878177
2013-10-05,0.87316
2013-10-04,0.873422
2013-10-03,0.875657
2013-10-02,0.87741
2013-10-01,0.878653
2013-09-30,0.879458
2013-09-29,0.879458
2013-09-28,0.881005
2013-09-27,0.883183
2013-09-26,0.88493
2013-09-25,0.885486
2013-09-24,0.884466
2013-09-23,0.884297
2013-09-22,0.884297
2013-09-21,0.887649
2013-09-20,0.894141
2013-09-19,0.898258
2013-09-18,0.898258
2013-09-17,0.898035
2013-09-16,0.899289
2013-09-15,0.899289
2013-09-14,0.901315
2013-09-13,0.901986
2013-09-12,0.902262
2013-09-11,0.90119
2013-09-10,0.901223
2013-09-09,0.901223
2013-09-08,0.901223
2013-09-07,0.899196
2013-09-06,0.893665
2013-09-05,0.889647
2013-09-04,0.886876
2013-09-03,0.884367
2013-09-02,0.882938
2013-09-01,0.882938
2013-08-31,0.88321
2013-08-30,0.88019
2013-08-29,0.876417
2013-08-28,0.876642
2013-08-27,0.877874
2013-08-26,0.87755
2013-08-25,0.87755
2013-08-24,0.878211
2013-08-23,0.880734
2013-08-22,0.883647
2013-08-21,0.890867
2013-08-20,0.896157
2013-08-19,0.896836
2013-08-18,0.896836
2013-08-17,0.899918
2013-08-16,0.903738
2013-08-15,0.902414
2013-08-14,0.899487
2013-08-13,0.897603
2013-08-12,0.895081
2013-08-11,0.895081
2013-08-10,0.89035
2013-08-09,0.887247
2013-08-08,0.890914
2013-08-07,0.894508
2013-08-06,0.894776
2013-08-05,0.89691
2013-08-04,0.89691
2013-08-03,0.901968
2013-08-02,0.902729
2013-08-01,0.903235
2013-07-31,0.904995
2013-07-30,0.904254
2013-07-29,0.903547
2013-07-28,0.903547
2013-07-27,0.905661
2013-07-26,0.908688
2013-07-25,0.908493
2013-07-24,0.907331
2013-07-23,0.907049
2013-07-22,0.907928
2013-07-21,0.907928
2013-07-20,0.907786
2013-07-19,0.905936
2013-07-18,0.905814
2013-07-17,0.909003
2013-07-16,0.911237
2013-07-15,0.911534
2013-07-14,0.911534
2013-07-13,0.913281
2013-07-12,0.916582
2013-07-11,0.920716
2013-07-10,0.915849
2013-07-09,0.912269
2013-07-08,0.910634
2013-07-07,0.910634
2013-07-06,0.907919
2013-07-05,0.903246
2013-07-04,0.900893
2013-07-03,0.900108
2013-07-02,0.899025
2013-07-01,0.899059
2013-06-30,0.899059
2013-06-29,0.901391
2013-06-28,0.900258
2013-06-27,0.894004
2013-06-26,0.890446
2013-06-25,0.891561
2013-06-24,0.893485
2013-06-23,0.893485
2013-06-22,0.896044
2013-06-21,0.900845
2013-06-20,0.902237
2013-06-19,0.905406
2013-06-18,0.907335
2013-06-17,0.906369
2013-06-16,0.906369
2013-06-15,0.906104
2013-06-14,0.904899
2013-06-13,0.908751
2013-06-12,0.914026
2013-06-11,0.918274
2013-06-10,0.914242
2013-06-09,0.914242
2013-06-08,0.908726
2013-06-07,0.911447
2013-06-06,0.916223
2013-06-05,0.920672
2013-06-04,0.921946
2013-06-03,0.92238
2013-06-02,0.92238
2013-06-01,0.925959
2013-05-31,0.929508
2013-05-30,0.93437
2013-05-29,0.934408
2013-05-28,0.931916
2013-05-27,0.93275
2013-05-26,0.93275
2013-05-25,0.936581
2013-05-24,0.941386
2013-05-23,0.944316
2013-05-22,0.943469
2013-05-21,0.944229
2013-05-20,0.945886
2013-05-19,0.945886
2013-05-18,0.94673
2013-05-17,0.949137
2013-05-16,0.94818
2013-05-15,0.946096
2013-05-14,0.947209
2013-05-13,0.946373
2013-05-12,0.946373
2013-05-11,0.941143
2013-05-10,0.93469
2013-05-09,0.933973
2013-05-08,0.932133
2013-05-07,0.929003
2013-05-06,0.926949
2013-05-05,0.926949
2013-05-04,0.924246
2013-05-03,0.922471
2013-05-02,0.923117
2013-05-01,0.925585
2013-04-30,0.926585
2013-04-29,0.926801
2013-04-28,0.926801
2013-04-27,0.925383
2013-04-26,0.923606
2013-04-25,0.919248
2013-04-24,0.912869
2013-04-23,0.910087
2013-04-22,0.90943
2013-04-21,0.90943
2013-04-20,0.908581
2013-04-19,0.906585
2013-04-18,0.905147
2013-04-17,0.909115
2013-04-16,0.913093
2013-04-15,0.916648
2013-04-14,0.916648
2013-04-13,0.919645
2013-04-12,0.919153
2013-04-11,0.918281
2013-04-10,0.918685
2013-04-09,0.918409
2013-04-08,0.920641
2013-04-07,0.920641
2013-04-06,0.927247
2013-04-05,0.933325
2013-04-04,0.934156
2013-04-03,0.933253
2013-04-02,0.933349
2013-04-01,0.933368
2013-03-31,0.933368
2013-03-30,0.934945
2013-03-29,0.936167
2013-03-28,0.933541
2013-03-27,0.927532
2013-03-26,0.921418
2013-03-25,0.920523
2013-03-24,0.920523
2013-03-23,0.922484
2013-03-22,0.922564
2013-03-21,0.922703
2013-03-20,0.923867
2013-03-19,0.922424
2013-03-18,0.922144
2013-03-17,0.922144
2013-03-16,0.925528
2013-03-15,0.926149
2013-03-14,0.923581
2013-03-13,0.923899
2013-03-12,0.925036
2013-03-11,0.922836
2013-03-10,0.922836
2013-03-09,0.918777
2013-03-08,0.917748
2013-03-07,0.917126
2013-03-06,0.916254
2013-03-05,0.916791
2013-03-04,0.915968
2013-03-03,0.915968
2013-03-02,0.910514
2013-03-01,0.908126
2013-02-28,0.907894
2013-02-27,0.908511
2013-02-26,0.908511
2013-02-25,0.910996
2013-02-24,0.910996
2013-02-23,0.912877
2013-02-22,0.911888
2013-02-21,0.911074
2013-02-20,0.914093
2013-02-19,0.916227
2013-02-18,0.916063
2013-02-17,0.917312
2013-02-16,0.919246
2013-02-15,0.917539
2013-02-14,0.914851
2013-02-13,0.913734
2013-02-12,0.914111
2013-02-11,0.915762
2013-02-10,0.91656
2013-02-09,0.916938
2013-02-08,0.914345
2013-02-07,0.912239
2013-02-06,0.911092
2013-02-05,0.911491
2013-02-04,0.91049
2013-02-03,0.91049
2013-02-02,0.909237
2013-02-01,0.912052
2013-01-31,0.917576
2013-01-30,0.919918
2013-01-29,0.920421
2013-01-28,0.921817
2013-01-27,0.921817
2013-01-26,0.925388
2013-01-25,0.931465
2013-01-24,0.936082
2013-01-23,0.938701
2013-01-22,0.941017
2013-01-21,0.943147
2013-01-20,0.943147
2013-01-19,0.945038
2013-01-18,0.94499
2013-01-17,0.943183
2013-01-16,0.936507
2013-01-15,0.929313
2013-01-14,0.928617
2013-01-13,0.928617
2013-01-12,0.931808
2013-01-11,0.935876
2013-01-10,0.936339
2013-01-09,0.936071
2013-01-08,0.937231
2013-01-07,0.937238
2013-01-06,0.937238
2013-01-05,0.936893
2013-01-04,0.930589
2013-01-03,0.922747
2013-01-02,0.919207
2013-01-01,0.918076
2012-12-31,0.917178
2012-12-30,0.917178
2012-12-29,0.918432
2012-12-28,0.920036
2012-12-27,0.922631
2012-12-26,0.922989
2012-12-25,0.921893
2012-12-24,0.922245
2012-12-23,0.922245
2012-12-22,0.923138
2012-12-21,0.923705
2012-12-20,0.926869
2012-12-19,0.931115
2012-12-18,0.931146
2012-12-17,0.930936
2012-12-16,0.933189
2012-12-15,0.93805
2012-12-14,0.94174
2012-12-13,0.944629
2012-12-12,0.946152
2012-12-11,0.946252
2012-12-10,0.944551
2012-12-09,0.944551
2012-12-08,0.94028
2012-12-07,0.935473
2012-12-06,0.933331
2012-12-05,0.931978
2012-12-04,0.932615
2012-12-03,0.933462
2012-12-02,0.933462
2012-12-01,0.934369
2012-11-30,0.936301
2012-11-29,0.936441
2012-11-28,0.9354
2012-11-27,0.934945
2012-11-26,0.935454
2012-11-25,0.935454
2012-11-24,0.937838
2012-11-23,0.9412
2012-11-22,0.943789
2012-11-21,0.944178
2012-11-20,0.943945
2012-11-19,0.943945
2012-11-18,0.943945
2012-11-17,0.942725
2012-11-16,0.942626
2012-11-15,0.9458
2012-11-14,0.948258
2012-11-13,0.948059
2012-11-12,0.947016
2012-11-11,0.947016
2012-11-10,0.94724
2012-11-09,0.949125
2012-11-08,0.949619
2012-11-07,0.947751
2012-11-06,0.945533
2012-11-05,0.944363
2012-11-04,0.942444
2012-11-03,0.937089
2012-11-02,0.93234
2012-11-01,0.932579
2012-10-31,0.934985
2012-10-30,0.937099
2012-10-29,0.937637
2012-10-28,0.938182
2012-10-27,0.93892
2012-10-26,0.939526
2012-10-25,0.939039
2012-10-24,0.934795
2012-10-23,0.933289
2012-10-22,0.935199
2012-10-21,0.935199
2012-10-20,0.939116
2012-10-19,0.940799
2012-10-18,0.940987
2012-10-17,0.948897
2012-10-16,0.953329
2012-10-15,0.952363
2012-10-14,0.952944
2012-10-13,0.954923
2012-10-12,0.958042
2012-10-11,0.959962
2012-10-10,0.957138
2012-10-09,0.952483
2012-10-08,0.949929
2012-10-07,0.949919
2012-10-06,0.949941
2012-10-05,0.95017
2012-10-04,0.952058
2012-10-03,0.954418
2012-10-02,0.955626
2012-10-01,0.955421
2012-09-30,0.955421
2012-09-29,0.95523
2012-09-28,0.955532
2012-09-27,0.956052
2012-09-26,0.955687
2012-09-25,0.955579
2012-09-24,0.955663
2012-09-23,0.955663
2012-09-22,0.954541
2012-09-21,0.952708
2012-09-20,0.952141
2012-09-19,0.952511
2012-09-18,0.953763
2012-09-17,0.953664
2012-09-16,0.956842
2012-09-15,0.962041
2012-09-14,0.962202
2012-09-13,0.965007
2012-09-12,0.967618
2012-09-11,0.966301
2012-09-10,0.964661
2012-09-09,0.966769
2012-09-08,0.969162
2012-09-07,0.967628
2012-09-06,0.968154
2012-09-05,0.967816
2012-09-04,0.968074
2012-09-03,0.968236
2012-09-02,0.967725
2012-09-01,0.966874
2012-08-31,0.96747
2012-08-30,0.96876
2012-08-29,0.969225
2012-08-28,0.968249
2012-08-27,0.966339
2012-08-26,0.966339
2012-08-25,0.964834
2012-08-24,0.967818
2012-08-23,0.974922
2012-08-22,0.982087
2012-08-21,0.98461
2012-08-20,0.984585
2012-08-19,0.984585
2012-08-18,0.985929
2012-08-17,0.98615
2012-08-16,0.983099
2012-08-15,0.981764
2012-08-14,0.984219
2012-08-13,0.985266
2012-08-12,0.985266
2012-08-11,0.982899
2012-08-10,0.977917
2012-08-09,0.972464
2012-08-08,0.96945
2012-08-07,0.969049
2012-08-06,0.968839
2012-08-05,0.972112
2012-08-04,0.977397
2012-08-03,0.976618
2012-08-02,0.975342
2012-08-01,0.975714
2012-07-31,0.973752
2012-07-30,0.9707
2012-07-29,0.9707
2012-07-28,0.970019
2012-07-27,0.972365
2012-07-26,0.973408
2012-07-25,0.974411
2012-07-24,0.975449
2012-07-23,0.975662
2012-07-22,0.974671
2012-07-21,0.971721
2012-07-20,0.968478
2012-07-19,0.966052
2012-07-18,0.965513
2012-07-17,0.967036
2012-07-16,0.967036
2012-07-15,0.967062
2012-07-14,0.965518
2012-07-13,0.961787
2012-07-12,0.959266
2012-07-11,0.958221
2012-07-10,0.958419
2012-07-09,0.958923
2012-07-08,0.958077
2012-07-07,0.954547
2012-07-06,0.947733
2012-07-05,0.942077
2012-07-04,0.938277
2012-07-03,0.934617
2012-07-02,0.933038
2012-07-01,0.932718
2012-06-30,0.934199
2012-06-29,0.938065
2012-06-28,0.937468
2012-06-27,0.934881
2012-06-26,0.933247
2012-06-25,0.931943
2012-06-24,0.931943
2012-06-23,0.930495
2012-06-22,0.929975
2012-06-21,0.929975
2012-06-20,0.930108
2012-06-19,0.928826
2012-06-18,0.929907
2012-06-17,0.929783
2012-06-16,0.929515
2012-06-15,0.931193
2012-06-14,0.933659
2012-06-13,0.933458
2012-06-12,0.9328
2012-06-11,0.934145
2012-06-10,0.93342
2012-06-09,0.93127
2012-06-08,0.93028
2012-06-07,0.928797
2012-06-06,0.927036
2012-06-05,0.927574
2012-06-04,0.928192
2012-06-03,0.931422
2012-06-02,0.938513
2012-06-01,0.941273
2012-05-31,0.939223
2012-05-30,0.935562
2012-05-29,0.932857
2012-05-28,0.932039
2012-05-27,0.932321
2012-05-26,0.93238
2012-05-25,0.930574
2012-05-24,0.926841
2012-05-23,0.923164
2012-05-22,0.920651
2012-05-21,0.922485
2012-05-20,0.922485
2012-05-19,0.928936
2012-05-18,0.932877
2012-05-17,0.935129
2012-05-16,0.933604
2012-05-15,0.930696
2012-05-14,0.929462
2012-05-13,0.928563
2012-05-12,0.926979
2012-05-11,0.925846
2012-05-10,0.925091
2012-05-09,0.926047
2012-05-08,0.924933
2012-05-07,0.92226
2012-05-06,0.92264
2012-05-05,0.924858
2012-05-04,0.925589
2012-05-03,0.92192
2012-05-02,0.920535
2012-05-01,0.923509
2012-04-30,0.924242
2012-04-29,0.924242
2012-04-28,0.924039
2012-04-27,0.923709
2012-04-26,0.922527
2012-04-25,0.920376
2012-04-24,0.917539
2012-04-23,0.916129
2012-04-22,0.916926
2012-04-21,0.920421
2012-04-20,0.924676
2012-04-19,0.923687
2012-04-18,0.920133
2012-04-17,0.920809
2012-04-16,0.919964
2012-04-15,0.919339
2012-04-14,0.91709
2012-04-13,0.914465
2012-04-12,0.91545
2012-04-11,0.919442
2012-04-10,0.920456
2012-04-09,0.919635
2012-04-08,0.921243
2012-04-07,0.923317
2012-04-06,0.921087
2012-04-05,0.917009
2012-04-04,0.910318
2012-04-03,0.905833
2012-04-02,0.90376
2012-04-01,0.904507
2012-03-31,0.906349
2012-03-30,0.907514
2012-03-29,0.908953
2012-03-28,0.910977
2012-03-27,0.910742
2012-03-26,0.910501
2012-03-25,0.910501
2012-03-24,0.913569
2012-03-23,0.91821
2012-03-22,0.920133
2012-03-21,0.92232
2012-03-20,0.923803
2012-03-19,0.923462
2012-03-18,0.925263
2012-03-17,0.930456
2012-03-16,0.934729
2012-03-15,0.932165
2012-03-14,0.926818
2012-03-13,0.926888
2012-03-12,0.927463
2012-03-11,0.925302
2012-03-10,0.92022
2012-03-09,0.917488
2012-03-08,0.917339
2012-03-07,0.918655
2012-03-06,0.922113
2012-03-05,0.923211
2012-03-04,0.923211
2012-03-03,0.919567
2012-03-02,0.911677
2012-03-01,0.903044
2012-02-29,0.898868
2012-02-28,0.898329
2012-02-27,0.898329
2012-02-26,0.898329
2012-02-25,0.903864
2012-02-24,0.910686
2012-02-23,0.914657
2012-02-22,0.917795
2012-02-21,0.921105
2012-02-20,0.923207
2012-02-19,0.923207
2012-02-18,0.923207
2012-02-17,0.92388
2012-02-16,0.920694
2012-02-15,0.91637
2012-02-14,0.914685
2012-02-13,0.915375
2012-02-12,0.915463
2012-02-11,0.915628
2012-02-10,0.916347
2012-02-09,0.918612
2012-02-08,0.922936
2012-02-07,0.925093
2012-02-06,0.92436
2012-02-05,0.922381
2012-02-04,0.918628
2012-02-03,0.917575
2012-02-02,0.916877
2012-02-01,0.914574
2012-01-31,0.912296
2012-01-30,0.913569
2012-01-29,0.913569
2012-01-28,0.917762
2012-01-27,0.91851
2012-01-26,0.919039
2012-01-25,0.920166
2012-01-24,0.922242
2012-01-23,0.922464
2012-01-22,0.922049
2012-01-21,0.923872
2012-01-20,0.929552
2012-01-19,0.933693
2012-01-18,0.935864
2012-01-17,0.933285
2012-01-16,0.930692
2012-01-15,0.929767
2012-01-14,0.930275
2012-01-13,0.934171
2012-01-12,0.934005
2012-01-11,0.929644
2012-01-10,0.92832
2012-01-09,0.929052
2012-01-08,0.930793
2012-01-07,0.933212
2012-01-06,0.929072
2012-01-05,0.924451
2012-01-04,0.922966
2012-01-03,0.920314
2012-01-02,0.918161
2012-01-01,0.919417
2011-12-31,0.921572
2011-12-30,0.920337
2011-12-29,0.917581
2011-12-28,0.916817
2011-12-27,0.91736
2011-12-26,0.91596
2011-12-25,0.91596
2011-12-24,0.91596
2011-12-23,0.910854
2011-12-22,0.90584
2011-12-21,0.903082
2011-12-20,0.902444
2011-12-19,0.904043
2011-12-18,0.904043
2011-12-17,0.909796
2011-12-16,0.913875
2011-12-15,0.914154
2011-12-14,0.911581
2011-12-13,0.908407
2011-12-12,0.907663
2011-12-11,0.906542
2011-12-10,0.908195
2011-12-09,0.914658
2011-12-08,0.914072
2011-12-07,0.908113
2011-12-06,0.905141
2011-12-05,0.90393
2011-12-04,0.903879
2011-12-03,0.901442
2011-12-02,0.895678
2011-12-01,0.893313
2011-11-30,0.89203
2011-11-29,0.890142
2011-11-28,0.888153
2011-11-27,0.885817
2011-11-26,0.880501
2011-11-25,0.878664
2011-11-24,0.880254
2011-11-23,0.884286
2011-11-22,0.890044
2011-11-21,0.892023
2011-11-20,0.89245
2011-11-19,0.894943
2011-11-18,0.897347
2011-11-17,0.895886
2011-11-16,0.892955
2011-11-15,0.889954
2011-11-14,0.890102
2011-11-13,0.890102
2011-11-12,0.888448
2011-11-11,0.888448
2011-11-10,0.887536
2011-11-09,0.885113
2011-11-08,0.876509
2011-11-07,0.86887
2011-11-06,0.869364
2011-11-05,0.870816
2011-11-04,0.870753
2011-11-03,0.872825
2011-11-02,0.875661
2011-11-01,0.872165
2011-10-31,0.870564
2011-10-30,0.8697
2011-10-29,0.870555
2011-10-28,0.87186
2011-10-27,0.870073
2011-10-26,0.876023
2011-10-25,0.877581
2011-10-24,0.876673
2011-10-23,0.876673
2011-10-22,0.879355
2011-10-21,0.885132
2011-10-20,0.885015
2011-10-19,0.881907
2011-10-18,0.883689
2011-10-17,0.882269
2011-10-16,0.882269
2011-10-15,0.880627
2011-10-14,0.880938
2011-10-13,0.881941
2011-10-12,0.882924
2011-10-11,0.888647
2011-10-10,0.891861
2011-10-09,0.890498
2011-10-08,0.887702
2011-10-07,0.88308
2011-10-06,0.874867
2011-10-05,0.871147
2011-10-04,0.867768
2011-10-03,0.864946
2011-10-02,0.865199
2011-10-01,0.867061
2011-09-30,0.871634
2011-09-29,0.877679
2011-09-28,0.879706
2011-09-27,0.879494
2011-09-26,0.880481
2011-09-25,0.880481
2011-09-24,0.883642
2011-09-23,0.890702
2011-09-22,0.894345
2011-09-21,0.89376
2011-09-20,0.89568
2011-09-19,0.895422
2011-09-18,0.892707
2011-09-17,0.886452
2011-09-16,0.885603
2011-09-15,0.888425
2011-09-14,0.888227
2011-09-13,0.887715
2011-09-12,0.886927
2011-09-11,0.886096
2011-09-10,0.881925
2011-09-09,0.874266
2011-09-08,0.854716
2011-09-07,0.818229
2011-09-06,0.797983
2011-09-05,0.800338
2011-09-04,0.80222
2011-09-03,0.810786
2011-09-02,0.823649
2011-09-01,0.832584
2011-08-31,0.834611
2011-08-30,0.827781
2011-08-29,0.821823
2011-08-28,0.81657
2011-08-27,0.807075
2011-08-26,0.804352
2011-08-25,0.800487
2011-08-24,0.797729
2011-08-23,0.795434
2011-08-22,0.793058
2011-08-21,0.795037
2011-08-20,0.80102
2011-08-19,0.805053
2011-08-18,0.803933
2011-08-17,0.799049
2011-08-16,0.794987
2011-08-15,0.788089
2011-08-14,0.783817
2011-08-13,0.766476
2011-08-12,0.743636
2011-08-11,0.741393
2011-08-10,0.756395
2011-08-09,0.773577
2011-08-08,0.779915
2011-08-07,0.787413
2011-08-06,0.787413
2011-08-05,0.798374
2011-08-04,0.804343
2011-08-03,0.817125
2011-08-02,0.82517
2011-08-01,0.823177
2011-07-31,0.827871
2011-07-30,0.839815
2011-07-29,0.846224
2011-07-28,0.849201
2011-07-27,0.851135
2011-07-26,0.856567
2011-07-25,0.863659
2011-07-24,0.864257
2011-07-23,0.865439
2011-07-22,0.866828
2011-07-21,0.863367
2011-07-20,0.855168
2011-07-19,0.852009
2011-07-18,0.854521
2011-07-17,0.853542
2011-07-16,0.850735
2011-07-15,0.854023
2011-07-14,0.860676
2011-07-13,0.863003
2011-07-12,0.867703
2011-07-11,0.872855
2011-07-10,0.872855
2011-07-09,0.876696
2011-07-08,0.873361
2011-07-07,0.874637
2011-07-06,0.88133
2011-07-05,0.883626
2011-07-04,0.883386
2011-07-03,0.881324
2011-07-02,0.873018
2011-07-01,0.860533
2011-06-30,0.850474
2011-06-29,0.845685
2011-06-28,0.844486
2011-06-27,0.842863
2011-06-26,0.846862
2011-06-25,0.856519
2011-06-24,0.862177
2011-06-23,0.863822
2011-06-22,0.863463
2011-06-21,0.864304
2011-06-20,0.866435
2011-06-19,0.865598
2011-06-18,0.865119
2011-06-17,0.869284
2011-06-16,0.869642
2011-06-15,0.862073
2011-06-14,0.860078
2011-06-13,0.861323
2011-06-12,0.861323
2011-06-11,0.86133
2011-06-10,0.856863
2011-06-09,0.855279
2011-06-08,0.85463
2011-06-07,0.852946
2011-06-06,0.852362
2011-06-05,0.855078
2011-06-04,0.860562
2011-06-03,0.866395
2011-06-02,0.874849
2011-06-01,0.874547
2011-05-31,0.871097
2011-05-30,0.869973
2011-05-29,0.873007
2011-05-28,0.881959
2011-05-27,0.891851
2011-05-26,0.898994
2011-05-25,0.902603
2011-05-24,0.901681
2011-05-23,0.901123
2011-05-22,0.903715
2011-05-21,0.90901
2011-05-20,0.908556
2011-05-19,0.906459
2011-05-18,0.910155
2011-05-17,0.917311
2011-05-16,0.921865
2011-05-15,0.920822
2011-05-14,0.919446
2011-05-13,0.920647
2011-05-12,0.918046
2011-05-11,0.909904
2011-05-10,0.908541
2011-05-09,0.909379
2011-05-08,0.907473
2011-05-07,0.901434
2011-05-06,0.89871
2011-05-05,0.904769
2011-05-04,0.910679
2011-05-03,0.914155
2011-05-02,0.915639
2011-05-01,0.915485
2011-04-30,0.916723
2011-04-29,0.919439
2011-04-28,0.920765
2011-04-27,0.924382
2011-04-26,0.927437
2011-04-25,0.928921
2011-04-24,0.928921
2011-04-23,0.930226
2011-04-22,0.93377
2011-04-21,0.936248
2011-04-20,0.932041
2011-04-19,0.929742
2011-04-18,0.930261
2011-04-17,0.929593
2011-04-16,0.928671
2011-04-15,0.930191
2011-04-14,0.935084
2011-04-13,0.943623
2011-04-12,0.94975
2011-04-11,0.949193
2011-04-10,0.951
2011-04-09,0.955064
2011-04-08,0.956978
2011-04-07,0.957698
2011-04-06,0.956643
2011-04-05,0.958061
2011-04-04,0.957016
2011-04-03,0.957016
2011-04-02,0.950378
2011-04-01,0.945729
2011-03-31,0.945118
2011-03-30,0.94017
2011-03-29,0.938951
2011-03-28,0.938393
2011-03-27,0.936739
2011-03-26,0.931971
2011-03-25,0.925663
2011-03-24,0.922206
2011-03-23,0.923673
2011-03-22,0.919857
2011-03-21,0.915138
2011-03-20,0.916358
2011-03-19,0.915452
2011-03-18,0.917333
2011-03-17,0.932203
2011-03-16,0.943682
2011-03-15,0.953609
2011-03-14,0.955276
2011-03-13,0.956939
2011-03-12,0.956939
2011-03-11,0.960194
2011-03-10,0.959813
2011-03-09,0.955149
2011-03-08,0.951369
2011-03-07,0.950857
2011-03-06,0.953629
2011-03-05,0.954731
2011-03-04,0.951617
2011-03-03,0.953035
2011-03-02,0.954511
2011-03-01,0.950179
2011-02-28,0.949636
2011-02-27,0.94789
2011-02-26,0.94347
2011-02-25,0.943111
2011-02-24,0.9502
2011-02-23,0.958933
2011-02-22,0.959624
2011-02-21,0.957138
2011-02-20,0.960378
2011-02-19,0.967452
2011-02-18,0.973423
2011-02-17,0.978726
2011-02-16,0.982456
2011-02-15,0.985051
2011-02-14,0.985661
2011-02-13,0.982162
2011-02-12,0.972975
2011-02-11,0.967219
2011-02-10,0.966929
2011-02-09,0.966054
2011-02-08,0.967727
2011-02-07,0.967525
2011-02-06,0.964749
2011-02-05,0.957524
2011-02-04,0.95131
2011-02-03,0.946008
2011-02-02,0.942935
2011-02-01,0.941063
2011-01-31,0.943771
2011-01-30,0.943771
2011-01-29,0.948303
2011-01-28,0.948014
2011-01-27,0.948618
2011-01-26,0.955511
2011-01-25,0.962879
2011-01-24,0.965896
2011-01-23,0.965896
2011-01-22,0.965189
2011-01-21,0.963396
2011-01-20,0.969698
2011-01-19,0.974886
2011-01-18,0.974992
2011-01-17,0.972392
2011-01-16,0.972526
2011-01-15,0.975907
2011-01-14,0.981906
2011-01-13,0.982018
2011-01-12,0.975937
2011-01-11,0.972823
2011-01-10,0.971932
2011-01-09,0.971932
2011-01-08,0.969638
2011-01-07,0.965073
2011-01-06,0.952394
2011-01-05,0.944497
2011-01-04,0.940088
2011-01-03,0.93688
2011-01-02,0.936878
2011-01-01,0.938391
2010-12-31,0.944462
2010-12-30,0.950357
2010-12-29,0.951613
2010-12-28,0.953824
2010-12-27,0.953664
2010-12-26,0.953153
2010-12-25,0.949108
2010-12-24,0.9424
2010-12-23,0.942135
2010-12-22,0.948275
2010-12-21,0.954624
2010-12-20,0.955611
2010-12-19,0.955616
2010-12-18,0.958861
2010-12-17,0.960827
2010-12-16,0.95687
2010-12-15,0.962596
2010-12-14,0.970956
2010-12-13,0.972262
2010-12-12,0.972345
2010-12-11,0.973547
2010-12-10,0.975768
2010-12-09,0.976477
2010-12-08,0.975252
2010-12-07,0.9727
2010-12-06,0.969421
2010-12-05,0.974801
2010-12-04,0.985734
2010-12-03,0.985541
2010-12-02,0.980607
2010-12-01,0.979602
2010-11-30,0.98216
2010-11-29,0.982814
2010-11-28,0.983883
2010-11-27,0.987
2010-11-26,0.98482
2010-11-25,0.975352
2010-11-24,0.972377
2010-11-23,0.975607
2010-11-22,0.975879
2010-11-21,0.97593
2010-11-20,0.974142
2010-11-19,0.97213
2010-11-18,0.973292
2010-11-17,0.97302
2010-11-16,0.970755
2010-11-15,0.968879
2010-11-14,0.968625
2010-11-13,0.968628
2010-11-12,0.968555
2010-11-11,0.964798
2010-11-10,0.962176
2010-11-09,0.962576
2010-11-08,0.960533
2010-11-07,0.960533
2010-11-06,0.958945
2010-11-05,0.965442
2010-11-04,0.972123
2010-11-03,0.973282
2010-11-02,0.968062
2010-11-01,0.963638
2010-10-31,0.964436
2010-10-30,0.964128
2010-10-29,0.96143
2010-10-28,0.959135
2010-10-27,0.954927
2010-10-26,0.952236
2010-10-25,0.952338
2010-10-24,0.951253
2010-10-23,0.947196
2010-10-22,0.941495
2010-10-21,0.939616
2010-10-20,0.941869
2010-10-19,0.945238
2010-10-18,0.949207
2010-10-17,0.949094
2010-10-16,0.949024
2010-10-15,0.950914
2010-10-14,0.95132
2010-10-13,0.950156
2010-10-12,0.951816
2010-10-11,0.95204
2010-10-10,0.95115
2010-10-09,0.949794
2010-10-08,0.950925
2010-10-07,0.951007
2010-10-06,0.951007
2010-10-05,0.954122
2010-10-04,0.954964
2010-10-03,0.954357
2010-10-02,0.951849
2010-10-01,0.94905
2010-09-30,0.949413
2010-09-29,0.954435
2010-09-28,0.959951
2010-09-27,0.958162
2010-09-26,0.958162
2010-09-25,0.955477
2010-09-24,0.958834
2010-09-23,0.968291
2010-09-22,0.975315
2010-09-21,0.977092
2010-09-20,0.977362
2010-09-19,0.980846
2010-09-18,0.985224
2010-09-17,0.979232
2010-09-16,0.974511
2010-09-15,0.977072
2010-09-14,0.982935
2010-09-13,0.983482
2010-09-12,0.984912
2010-09-11,0.984314
2010-09-10,0.975514
2010-09-09,0.969226
2010-09-08,0.973526
2010-09-07,0.978717
2010-09-06,0.978479
2010-09-05,0.975161
2010-09-04,0.967145
2010-09-03,0.961786
2010-09-02,0.959478
2010-09-01,0.964761
2010-08-31,0.976787
2010-08-30,0.975314
2010-08-29,0.975314
2010-08-28,0.97115
2010-08-27,0.971187
2010-08-26,0.973205
2010-08-25,0.982632
2010-08-24,0.987911
2010-08-23,0.987238
2010-08-22,0.987969
2010-08-21,0.994777
2010-08-20,1.00608
2010-08-19,1.00902
2010-08-18,1.00288
2010-08-17,1.00288
2010-08-16,1.00886
2010-08-15,1.00982
2010-08-14,1.01025
2010-08-13,1.01011
2010-08-12,1.01645
2010-08-11,1.01812
2010-08-10,1.01373
2010-08-09,1.01144
2010-08-08,1.01455
2010-08-07,1.02491
2010-08-06,1.02908
2010-08-05,1.01975
2010-08-04,1.01523
2010-08-03,1.01494
2010-08-02,1.01086
2010-08-01,1.00984
2010-07-31,1.0094
2010-07-30,1.01564
2010-07-29,1.0236
2010-07-28,1.02109
2010-07-27,1.01665
2010-07-26,1.01814
2010-07-25,1.01513
2010-07-24,1.00686
2010-07-23,1.00481
2010-07-22,1.00616
2010-07-21,0.99892
2010-07-20,0.995895
2010-07-19,0.995097
2010-07-18,0.995097
2010-07-17,1.00261
2010-07-16,1.01507
2010-07-15,1.0236
2010-07-14,1.02501
2010-07-13,1.02526
2010-07-12,1.02316
2010-07-11,1.02096
2010-07-10,1.01344
2010-07-09,1.00548
2010-07-08,1.00288
2010-07-07,1.00217
2010-07-06,1.00053
2010-07-05,1.00053
2010-07-04,1.00101
2010-07-03,1.00318
2010-07-02,1.01191
2010-07-01,1.02781
2010-06-30,1.0413
2010-06-29,1.05221
2010-06-28,1.05438
2010-06-27,1.05499
2010-06-26,1.05755
2010-06-25,1.06329
2010-06-24,1.07466
2010-06-23,1.08491
2010-06-22,1.08671
2010-06-21,1.08525
2010-06-20,1.08476
2010-06-19,1.08451
2010-06-18,1.09269
2010-06-17,1.10228
2010-06-16,1.10626
2010-06-15,1.10981
2010-06-14,1.11356
2010-06-13,1.11198
2010-06-12,1.10781
2010-06-11,1.10294
2010-06-10,1.09881
2010-06-09,1.09755
2010-06-08,1.09666
2010-06-07,1.09463
2010-06-06,1.09828
2010-06-05,1.10717
2010-06-04,1.10832
2010-06-03,1.10429
2010-06-02,1.10447
2010-06-01,1.10201
2010-05-31,1.09918
2010-05-30,1.09941
2010-05-29,1.09798
2010-05-28,1.09111
2010-05-27,1.08303
2010-05-26,1.08446
2010-05-25,1.08951
2010-05-24,1.08466
2010-05-23,1.08297
2010-05-22,1.08242
2010-05-21,1.09123
2010-05-20,1.10021
2010-05-19,1.09819
2010-05-18,1.09539
2010-05-17,1.09512
2010-05-16,1.09445
2010-05-15,1.09457
2010-05-14,1.0937
2010-05-13,1.08785
2010-05-12,1.08115
2010-05-11,1.07049
2010-05-10,1.06116
2010-05-09,1.06162
2010-05-08,1.06567
2010-05-07,1.07476
2010-05-06,1.0777
2010-05-05,1.07201
2010-05-04,1.06521
2010-05-03,1.05878
2010-05-02,1.06291
2010-05-01,1.07202
2010-04-30,1.07519
2010-04-29,1.07185
2010-04-28,1.07318
2010-04-27,1.0751
2010-04-26,1.07376
2010-04-25,1.07443
2010-04-24,1.07515
2010-04-23,1.07376
2010-04-22,1.06761
2010-04-21,1.05423
2010-04-20,1.04765
2010-04-19,1.04806
2010-04-18,1.04969
2010-04-17,1.05424
2010-04-16,1.0562
2010-04-15,1.05419
2010-04-14,1.05373
2010-04-13,1.05736
2010-04-12,1.06275
2010-04-11,1.06439
2010-04-10,1.06718
2010-04-09,1.06933
2010-04-08,1.06951
2010-04-07,1.06365
2010-04-06,1.05409
2010-04-05,1.04976
2010-04-04,1.04873
2010-04-03,1.04511
2010-04-02,1.04168
2010-04-01,1.04233
2010-03-31,1.0429
2010-03-30,1.03918
2010-03-29,1.03685
2010-03-28,1.03845
2010-03-27,1.04361
2010-03-26,1.04725
2010-03-25,1.04313
2010-03-24,1.04008
2010-03-23,1.04169
2010-03-22,1.04354
2010-03-21,1.04356
2010-03-20,1.04435
2010-03-19,1.04449
2010-03-18,1.04157
2010-03-17,1.03975
2010-03-16,1.03975
2010-03-15,1.03796
2010-03-14,1.03901
2010-03-13,1.04139
2010-03-12,1.04374
2010-03-11,1.0466
2010-03-10,1.04577
2010-03-09,1.04324
2010-03-08,1.04405
2010-03-07,1.04405
2010-03-06,1.04309
2010-03-05,1.03947
2010-03-04,1.03865
2010-03-03,1.03682
2010-03-02,1.02574
2010-03-01,1.02035
2010-02-28,1.01979
2010-02-27,1.02002
2010-02-26,1.02312
2010-02-25,1.02669
2010-02-24,1.03227
2010-02-23,1.03478
2010-02-22,1.03508
2010-02-21,1.03508
2010-02-20,1.03412
2010-02-19,1.03015
2010-02-18,1.02584
2010-02-17,1.02593
2010-02-16,1.02584
2010-02-15,1.02413
2010-02-14,1.02317
2010-02-13,1.01732
2010-02-12,1.00605
2010-02-11,0.999174
2010-02-10,1.0004
2010-02-09,1.00229
2010-02-08,1.00086
2010-02-07,1.00028
2010-02-06,0.998595
2010-02-05,0.997194
2010-02-04,0.997156
2010-02-03,0.994785
2010-02-02,0.991685
2010-02-01,0.989903
2010-01-31,0.989903
2010-01-30,0.988695
2010-01-29,0.987932
2010-01-28,0.983721
2010-01-27,0.983797
2010-01-26,0.984252
2010-01-25,0.984607
2010-01-24,0.986509
2010-01-23,0.992177
2010-01-22,0.998614
2010-01-21,1.00038
2010-01-20,1.0
2010-01-19,0.997899
2010-01-18,0.996521
2010-01-17,0.996848
2010-01-16,0.994795
2010-01-15,0.987177
2010-01-14,0.982719
2010-01-13,0.985004
2010-01-12,0.991041
2010-01-11,0.994375
2010-01-10,0.995955
2010-01-09,0.998326
2010-01-08,0.997158
2010-01-07,0.994348
2010-01-06,0.991452
2010-01-05,0.988075
2010-01-04,0.981962
2010-01-03,0.980848
2010-01-02,0.983216
2010-01-01,0.98594
2009-12-31,0.990466
2009-12-30,0.991174
2009-12-29,0.988043
2009-12-28,0.986588
2009-12-27,0.987087
2009-12-26,0.987937
2009-12-25,0.990588
2009-12-24,0.990638
2009-12-23,0.985141
2009-12-22,0.978957
2009-12-21,0.977573
2009-12-20,0.977513
2009-12-19,0.977869
2009-12-18,0.979338
2009-12-17,0.979272
2009-12-16,0.976401
2009-12-15,0.974654
2009-12-14,0.976261
2009-12-13,0.976312
2009-12-12,0.97573
2009-12-11,0.971657
2009-12-10,0.967683
2009-12-09,0.966779
2009-12-08,0.96301
2009-12-07,0.961026
2009-12-06,0.957675
2009-12-05,0.951795
2009-12-04,0.952397
2009-12-03,0.955092
2009-12-02,0.952411
2009-12-01,0.948389
2009-11-30,0.947027
2009-11-29,0.946822
2009-11-28,0.947939
2009-11-27,0.95155
2009-11-26,0.953732
2009-11-25,0.953732
2009-11-24,0.952089
2009-11-23,0.951177
2009-11-22,0.951177
2009-11-21,0.954028
2009-11-20,0.959271
2009-11-19,0.962951
2009-11-18,0.962189
2009-11-17,0.962628
2009-11-16,0.962615
2009-11-15,0.963363
2009-11-14,0.964445
2009-11-13,0.963406
2009-11-12,0.959028
2009-11-11,0.952859
2009-11-10,0.948025
2009-11-09,0.945874
2009-11-08,0.948316
2009-11-07,0.953164
2009-11-06,0.957474
2009-11-05,0.958276
2009-11-04,0.950629
2009-11-03,0.946767
2009-11-02,0.946284
2009-11-01,0.948166
2009-10-31,0.951826
2009-10-30,0.952936
2009-10-29,0.95537
2009-10-28,0.95537
2009-10-27,0.95668
2009-10-26,0.957647
2009-10-25,0.958093
2009-10-24,0.959576
2009-10-23,0.962266
2009-10-22,0.968737
2009-10-21,0.978493
2009-10-20,0.981415
2009-10-19,0.98213
2009-10-18,0.98213
2009-10-17,0.984763
2009-10-16,0.988966
2009-10-15,0.990998
2009-10-14,0.991748
2009-10-13,0.990734
2009-10-12,0.986713
2009-10-11,0.986713
2009-10-10,0.97887
2009-10-09,0.973187
2009-10-08,0.969504
2009-10-07,0.963328
2009-10-06,0.959929
2009-10-05,0.958572
2009-10-04,0.958146
2009-10-03,0.961728
2009-10-02,0.965553
2009-10-01,0.957927
2009-09-30,0.95006
2009-09-29,0.943168
2009-09-28,0.941736
2009-09-27,0.942488
2009-09-26,0.946618
2009-09-25,0.953583
2009-09-24,0.957223
2009-09-23,0.959009
2009-09-22,0.961668
2009-09-21,0.963048
2009-09-20,0.963048
2009-09-19,0.965103
2009-09-18,0.967418
2009-09-17,0.962962
2009-09-16,0.957734
2009-09-15,0.959796
2009-09-14,0.964439
2009-09-13,0.964137
2009-09-12,0.963121
2009-09-11,0.964603
2009-09-10,0.971876
2009-09-09,0.979119
2009-09-08,0.977992
2009-09-07,0.974461
2009-09-06,0.972363
2009-09-05,0.966209
2009-09-04,0.962525
2009-09-03,0.965589
2009-09-02,0.966843
2009-09-01,0.968028
2009-08-31,0.971924
2009-08-30,0.971924
2009-08-29,0.973608
2009-08-28,0.974404
2009-08-27,0.978461
2009-08-26,0.983293
2009-08-25,0.981574
2009-08-24,0.978937
2009-08-23,0.978167
2009-08-22,0.975707
2009-08-21,0.973347
2009-08-20,0.97331
2009-08-19,0.974361
2009-08-18,0.975003
2009-08-17,0.978577
2009-08-16,0.978577
2009-08-15,0.9846
2009-08-14,0.985785
2009-08-13,0.98568
2009-08-12,0.993372
2009-08-11,0.99921
2009-08-10,0.999735
2009-08-09,0.996394
2009-08-08,0.991044
2009-08-07,0.990356
2009-08-06,0.990525
2009-08-05,0.993431
2009-08-04,0.993098
2009-08-03,0.991439
2009-08-02,0.995023
2009-08-01,1.00095
2009-07-31,0.999092
2009-07-30,0.993242
2009-07-29,0.989573
2009-07-28,0.987307
2009-07-27,0.986435
2009-07-26,0.986384
2009-07-25,0.981698
2009-07-24,0.971609
2009-07-23,0.966536
2009-07-22,0.966117
2009-07-21,0.966974
2009-07-20,0.966974
2009-07-19,0.965632
2009-07-18,0.962611
2009-07-17,0.96075
2009-07-16,0.954872
2009-07-15,0.942696
2009-07-14,0.934457
2009-07-13,0.933349
2009-07-12,0.933349
2009-07-11,0.933148
2009-07-10,0.934352
2009-07-09,0.935664
2009-07-08,0.935959
2009-07-07,0.936388
2009-07-06,0.936318
2009-07-05,0.936318
2009-07-04,0.936537
2009-07-03,0.9363
2009-07-02,0.935838
2009-07-01,0.937139
2009-06-30,0.93951
2009-06-29,0.941586
2009-06-28,0.941586
2009-06-27,0.946007
2009-06-26,0.943912
2009-06-25,0.936796
2009-06-24,0.940872
2009-06-23,0.950447
2009-06-22,0.953271
2009-06-21,0.955141
2009-06-20,0.957124
2009-06-19,0.956479
2009-06-18,0.959476
2009-06-17,0.962932
2009-06-16,0.964361
2009-06-15,0.965024
2009-06-14,0.965024
2009-06-13,0.969961
2009-06-12,0.975973
2009-06-11,0.977536
2009-06-10,0.977616
2009-06-09,0.97235
2009-06-08,0.971108
2009-06-07,0.971108
2009-06-06,0.970349
2009-06-05,0.971607
2009-06-04,0.980023
2009-06-03,0.981131
2009-06-02,0.980214
2009-06-01,0.976934
2009-05-31,0.976934
2009-05-30,0.975324
2009-05-29,0.973913
2009-05-28,0.970797
2009-05-27,0.964821
2009-05-26,0.966315
2009-05-25,0.969539
2009-05-24,0.967499
2009-05-23,0.963921
2009-05-22,0.962944
2009-05-21,0.960923
2009-05-20,0.958628
2009-05-19,0.955003
2009-05-18,0.949837
2009-05-17,0.949837
2009-05-16,0.945208
2009-05-15,0.946161
2009-05-14,0.950243
2009-05-13,0.953952
2009-05-12,0.959964
2009-05-11,0.961874
2009-05-10,0.963443
2009-05-09,0.967343
2009-05-08,0.967574
2009-05-07,0.963687
2009-05-06,0.961019
2009-05-05,0.958667
2009-05-04,0.957352
2009-05-03,0.957352
2009-05-02,0.953908
2009-05-01,0.946926
2009-04-30,0.942843
2009-04-29,0.944483
2009-04-28,0.942573
2009-04-27,0.940738
2009-04-26,0.940738
2009-04-25,0.939358
2009-04-24,0.940673
2009-04-23,0.942564
2009-04-22,0.947859
2009-04-21,0.9576
2009-04-20,0.960665
2009-04-19,0.958722
2009-04-18,0.953521
2009-04-17,0.946954
2009-04-16,0.938557
2009-04-15,0.935661
2009-04-14,0.939833
2009-04-13,0.941962
2009-04-12,0.942818
2009-04-11,0.939799
2009-04-10,0.930352
2009-04-09,0.922962
2009-04-08,0.918484
2009-04-07,0.918843
2009-04-06,0.918576
2009-04-05,0.918576
2009-04-04,0.915022
2009-04-03,0.908866
2009-04-02,0.904833
2009-04-01,0.911681
2009-03-31,0.920274
2009-03-30,0.921464
2009-03-29,0.920539
2009-03-28,0.91711
2009-03-27,0.914886
2009-03-26,0.918077
2009-03-25,0.916894
2009-03-24,0.910667
2009-03-23,0.908193
2009-03-22,0.908193
2009-03-21,0.910248
2009-03-20,0.919303
2009-03-19,0.928094
2009-03-18,0.932133
2009-03-17,0.932724
2009-03-16,0.932039
2009-03-15,0.932039
2009-03-14,0.922122
2009-03-13,0.904816
2009-03-12,0.901079
2009-03-11,0.896788
2009-03-10,0.899175
2009-03-09,0.899682
2009-03-08,0.899682
2009-03-07,0.905273
2009-03-06,0.915114
2009-03-05,0.912716
2009-03-04,0.912691
2009-03-03,0.916324
2009-03-02,0.916736
2009-03-01,0.920738
2009-02-28,0.929152
2009-02-27,0.932249
2009-02-26,0.932073
2009-02-25,0.930418
2009-02-24,0.92566
2009-02-23,0.923691
2009-02-22,0.927708
2009-02-21,0.934994
2009-02-20,0.933044
2009-02-19,0.930529
2009-02-18,0.934461
2009-02-17,0.937937
2009-02-16,0.93937
2009-02-15,0.938339
2009-02-14,0.935236
2009-02-13,0.932455
2009-02-12,0.937793
2009-02-11,0.949786
2009-02-10,0.950508
2009-02-09,0.952338
2009-02-08,0.950033
2009-02-07,0.945254
2009-02-06,0.940218
2009-02-05,0.932865
2009-02-04,0.934752
2009-02-03,0.942412
2009-02-02,0.942392
2009-02-01,0.942392
2009-01-31,0.942377
2009-01-30,0.94176
2009-01-29,0.933117
2009-01-28,0.933277
2009-01-27,0.938974
2009-01-26,0.936771
2009-01-25,0.932902
2009-01-24,0.922745
2009-01-23,0.913091
2009-01-22,0.906403
2009-01-21,0.903843
2009-01-20,0.900517
2009-01-19,0.899817
2009-01-18,0.899382
2009-01-17,0.897361
2009-01-16,0.90186
2009-01-15,0.912461
2009-01-14,0.921784
2009-01-13,0.934616
2009-01-12,0.938862
2009-01-11,0.934367
2009-01-10,0.924698
2009-01-09,0.92523
2009-01-08,0.936069
2009-01-07,0.927048
2009-01-06,0.901864
2009-01-05,0.896347
2009-01-04,0.888845
2009-01-03,0.876802
2009-01-02,0.873841
2009-01-01,0.86815
2008-12-31,0.8651
2008-12-30,0.870741
2008-12-29,0.876261
2008-12-28,0.878437
2008-12-27,0.883525
2008-12-26,0.887255
2008-12-25,0.891235
2008-12-24,0.898393
2008-12-23,0.90636
2008-12-22,0.908229
2008-12-21,0.904537
2008-12-20,0.897368
2008-12-19,0.90569
2008-12-18,0.927008
2008-12-17,0.939827
2008-12-16,0.944085
2008-12-15,0.942641
2008-12-14,0.94499
2008-12-13,0.951003
2008-12-12,0.956453
2008-12-11,0.958054
2008-12-10,0.962152
2008-12-09,0.961394
2008-12-08,0.95306
2008-12-07,0.95306
2008-12-06,0.947878
2008-12-05,0.961611
2008-12-04,0.965948
2008-12-03,0.970568
2008-12-02,0.976612
2008-12-01,0.977438
2008-11-30,0.977438
2008-11-29,0.975219
2008-11-28,0.973433
2008-11-27,0.969438
2008-11-26,0.966204
2008-11-25,0.963381
2008-11-24,0.965105
2008-11-23,0.960169
2008-11-22,0.955974
2008-11-21,0.967541
2008-11-20,0.976028
2008-11-19,0.974102
2008-11-18,0.96934
2008-11-17,0.96674
2008-11-16,0.969931
2008-11-15,0.971005
2008-11-14,0.969677
2008-11-13,0.981421
2008-11-12,0.989421
2008-11-11,0.994017
2008-11-10,0.991065
2008-11-09,0.989125
2008-11-08,0.989114
2008-11-07,0.999056
2008-11-06,1.0039
2008-11-05,0.98547
2008-11-04,0.96337
2008-11-03,0.952948
2008-11-02,0.952948
2008-11-01,0.943432
2008-10-31,0.927006
2008-10-30,0.9058
2008-10-29,0.900512
2008-10-28,0.908763
2008-10-27,0.91152
2008-10-26,0.91054
2008-10-25,0.918969
2008-10-24,0.931166
2008-10-23,0.947791
2008-10-22,0.960421
2008-10-21,0.962281
2008-10-20,0.962563
2008-10-19,0.961353
2008-10-18,0.957634
2008-10-17,0.961726
2008-10-16,0.979358
2008-10-15,0.983162
2008-10-14,0.970768
2008-10-13,0.970361
2008-10-12,0.965857
2008-10-11,0.974244
2008-10-10,1.0079
2008-10-09,1.02838
2008-10-08,1.03976
2008-10-07,1.04353
2008-10-06,1.04325
2008-10-05,1.04567
2008-10-04,1.05301
2008-10-03,1.05755
2008-10-02,1.05323
2008-10-01,1.05185
2008-09-30,1.0561
2008-09-29,1.05368
2008-09-28,1.05368
2008-09-27,1.05078
2008-09-26,1.04968
2008-09-25,1.04704
2008-09-24,1.04505
2008-09-23,1.05197
2008-09-22,1.05676
2008-09-21,1.05578
2008-09-20,1.04587
2008-09-19,1.03701
2008-09-18,1.04416
2008-09-17,1.04349
2008-09-16,1.05493
2008-09-15,1.06581
2008-09-14,1.06423
2008-09-13,1.06048
2008-09-12,1.05775
2008-09-11,1.05768
2008-09-10,1.05944
2008-09-09,1.05627
2008-09-08,1.05303
2008-09-07,1.04904
2008-09-06,1.04222
2008-09-05,1.04065
2008-09-04,1.03675
2008-09-03,1.03364
2008-09-02,1.03364
2008-09-01,1.03784
2008-08-31,1.03784
2008-08-30,1.04337
2008-08-29,1.04685
2008-08-28,1.0484
2008-08-27,1.04755
2008-08-26,1.04802
2008-08-25,1.04899
2008-08-24,1.04728
2008-08-23,1.04158
2008-08-22,1.03472
2008-08-21,1.03139
2008-08-20,1.03222
2008-08-19,1.03453
2008-08-18,1.03316
2008-08-17,1.03316
2008-08-16,1.02785
2008-08-15,1.02248
2008-08-14,1.01919
2008-08-13,1.01692
2008-08-12,1.01422
2008-08-11,1.01381
2008-08-10,1.01381
2008-08-09,1.01129
2008-08-08,1.00994
2008-08-07,1.01041
2008-08-06,1.0134
2008-08-05,1.01929
2008-08-04,1.02251
2008-08-03,1.02251
2008-08-02,1.02348
2008-08-01,1.02287
2008-07-31,1.01929
2008-07-30,1.01421
2008-07-29,1.01546
2008-07-28,1.01624
2008-07-27,1.01745
2008-07-26,1.02249
2008-07-25,1.02606
2008-07-24,1.02149
2008-07-23,1.01684
2008-07-22,1.01684
2008-07-21,1.0163
2008-07-20,1.0163
2008-07-19,1.01559
2008-07-18,1.01343
2008-07-17,1.00851
2008-07-16,1.00899
2008-07-15,1.00936
2008-07-14,1.0095
2008-07-13,1.0095
2008-07-12,1.01577
2008-07-11,1.01742
2008-07-10,1.01332
2008-07-09,1.00901
2008-07-08,1.00806
2008-07-07,1.00658
2008-07-06,1.00658
2008-07-05,1.00585
2008-07-04,1.00123
2008-07-03,0.999675
2008-07-02,1.0024
2008-07-01,1.00707
2008-06-30,1.00905
2008-06-29,1.00905
2008-06-28,1.01479
2008-06-27,1.02443
2008-06-26,1.02793
2008-06-25,1.02585
2008-06-24,1.02222
2008-06-23,1.01906
2008-06-22,1.01974
2008-06-21,1.02185
2008-06-20,1.02313
2008-06-19,1.02198
2008-06-18,1.01977
2008-06-17,1.01763
2008-06-16,1.01664
2008-06-15,1.01843
2008-06-14,1.01949
2008-06-13,1.01721
2008-06-12,1.01482
2008-06-11,1.00659
2008-06-10,1.00062
2008-06-09,1.00141
2008-06-08,1.00795
2008-06-07,1.01745
2008-06-06,1.02727
2008-06-05,1.03201
2008-06-04,1.03845
2008-06-03,1.04634
2008-06-02,1.04924
2008-06-01,1.05169
2008-05-31,1.05514
2008-05-30,1.05017
2008-05-29,1.03939
2008-05-28,1.03583
2008-05-27,1.03565
2008-05-26,1.03454
2008-05-25,1.03674
2008-05-24,1.04184
2008-05-23,1.04452
2008-05-22,1.04882
2008-05-21,1.0537
2008-05-20,1.05126
2008-05-19,1.05049
2008-05-18,1.05049
2008-05-17,1.05276
2008-05-16,1.05168
2008-05-15,1.04793
2008-05-14,1.04069
2008-05-13,1.03768
2008-05-12,1.0351
2008-05-11,1.0351
2008-05-10,1.03746
2008-05-09,1.04592
2008-05-08,1.04671
2008-05-07,1.03889
2008-05-06,1.03668
2008-05-05,1.03502
2008-05-04,1.03502
2008-05-03,1.03061
2008-05-02,1.02827
2008-05-01,1.0253
2008-04-30,1.02206
2008-04-29,1.02139
2008-04-28,1.02015
2008-04-27,1.02015
2008-04-26,1.0147
2008-04-25,1.00255
2008-04-24,0.997765
2008-04-23,1.00323
2008-04-22,1.01043
2008-04-21,1.00998
2008-04-20,1.00998
2008-04-19,1.00141
2008-04-18,0.995074
2008-04-17,0.98805
2008-04-16,0.98014
2008-04-15,0.978422
2008-04-14,0.978683
2008-04-13,0.981053
2008-04-12,0.9836
2008-04-11,0.98635
2008-04-10,0.996155
2008-04-09,0.998961
2008-04-08,0.999656
2008-04-07,0.998661
2008-04-06,0.998661
2008-04-05,1.00034
2008-04-04,0.997063
2008-04-03,0.98637
2008-04-02,0.974784
2008-04-01,0.97201
2008-03-31,0.973075
2008-03-30,0.975199
2008-03-29,0.977163
2008-03-28,0.979379
2008-03-27,0.989823
2008-03-26,0.994777
2008-03-25,0.989787
2008-03-24,0.985849
2008-03-23,0.985849
2008-03-22,0.985495
2008-03-21,0.992005
2008-03-20,0.997912
2008-03-19,0.991221
2008-03-18,0.9974
2008-03-17,1.00912
2008-03-16,1.01471
2008-03-15,1.02376
2008-03-14,1.02911
2008-03-13,1.03378
2008-03-12,1.02943
2008-03-11,1.0324
2008-03-10,1.03484
2008-03-09,1.03616
2008-03-08,1.04226
2008-03-07,1.04763
2008-03-06,1.04707
2008-03-05,1.05009
2008-03-04,1.05304
2008-03-03,1.05404
2008-03-02,1.06086
2008-03-01,1.07604
2008-02-29,1.08657
2008-02-28,1.09331
2008-02-27,1.08946
2008-02-26,1.07703
2008-02-25,1.07162
2008-02-24,1.07286
2008-02-23,1.07858
2008-02-22,1.08309
2008-02-21,1.08327
2008-02-20,1.08905
2008-02-19,1.08838
2008-02-18,1.08576
2008-02-17,1.08925
2008-02-16,1.10012
2008-02-15,1.1065
2008-02-14,1.10269
2008-02-13,1.10092
2008-02-12,1.1022
2008-02-11,1.10434
2008-02-10,1.10205
2008-02-09,1.09532
2008-02-08,1.09086
2008-02-07,1.09333
2008-02-06,1.09571
2008-02-05,1.09457
2008-02-04,1.09477
2008-02-03,1.08978
2008-02-02,1.08307
2008-02-01,1.08927
2008-01-31,1.09329
2008-01-30,1.08734
2008-01-29,1.0853
2008-01-28,1.08746
2008-01-27,1.08707
2008-01-26,1.08003
2008-01-25,1.06763
2008-01-24,1.06672
2008-01-23,1.07168
2008-01-22,1.07116
2008-01-21,1.06946
2008-01-20,1.07047
2008-01-19,1.07315
2008-01-18,1.07269
2008-01-17,1.07049
2008-01-16,1.0742
2008-01-15,1.07799
2008-01-14,1.08104
2008-01-13,1.08383
2008-01-12,1.09328
2008-01-11,1.10374
2008-01-10,1.10971
2008-01-09,1.11237
2008-01-08,1.10784
2008-01-07,1.11136
2008-01-06,1.11136
2008-01-05,1.12208
2008-01-04,1.12939
2008-01-03,1.13699
2008-01-02,1.14018
2008-01-01,1.14765
2007-12-31,1.14744
2007-12-30,1.15131
2007-12-29,1.16212
2007-12-28,1.17112
2007-12-27,1.17358
2007-12-26,1.17215
2007-12-25,1.16633
2007-12-24,1.16444
2007-12-23,1.16241
2007-12-22,1.15734
2007-12-21,1.15177
2007-12-20,1.14565
2007-12-19,1.14095
2007-12-18,1.13556
2007-12-17,1.13336
2007-12-16,1.12975
2007-12-15,1.12255
2007-12-14,1.11963
2007-12-13,1.11999
2007-12-12,1.12088
2007-12-11,1.12164
2007-12-10,1.12206
2007-12-09,1.12206
2007-12-08,1.11823
2007-12-07,1.11002
2007-12-06,1.10923
2007-12-05,1.12239
2007-12-04,1.12955
2007-12-03,1.13202
2007-12-02,1.1286
2007-12-01,1.12508
2007-11-30,1.12242
2007-11-29,1.11391
2007-11-28,1.11334
2007-11-27,1.11731
2007-11-26,1.11396
2007-11-25,1.11474
2007-11-24,1.11728
2007-11-23,1.12092
2007-11-22,1.12696
2007-11-21,1.137
2007-11-20,1.14566
2007-11-19,1.14821
2007-11-18,1.14592
2007-11-17,1.14836
2007-11-16,1.16435
2007-11-15,1.17163
2007-11-14,1.17451
2007-11-13,1.18424
2007-11-12,1.18812
2007-11-11,1.19388
2007-11-10,1.20832
2007-11-09,1.22616
2007-11-08,1.24063
2007-11-07,1.23542
2007-11-06,1.23385
2007-11-05,1.23385
2007-11-04,1.23043
2007-11-03,1.22452
2007-11-02,1.22249
2007-11-01,1.21763
2007-10-31,1.2174
2007-10-30,1.21218
2007-10-29,1.21004
2007-10-28,1.20947
2007-10-27,1.20858
2007-10-26,1.20997
2007-10-25,1.21055
2007-10-24,1.20572
2007-10-23,1.20288
2007-10-22,1.20607
2007-10-21,1.20588
2007-10-20,1.20623
2007-10-19,1.20623
2007-10-18,1.20823
2007-10-17,1.21082
2007-10-16,1.21602
2007-10-15,1.21616
2007-10-14,1.21616
2007-10-13,1.21001
2007-10-12,1.20637
2007-10-11,1.20389
2007-10-10,1.202
2007-10-09,1.20125
2007-10-08,1.19591
2007-10-07,1.19591
2007-10-06,1.18382
2007-10-05,1.17955
2007-10-04,1.17836
2007-10-03,1.1764
2007-10-02,1.17393
2007-10-01,1.17219
2007-09-30,1.17219
2007-09-29,1.16995
2007-09-28,1.16557
2007-09-27,1.16409
2007-09-26,1.169
2007-09-25,1.17182
2007-09-24,1.17196
2007-09-23,1.17196
2007-09-22,1.17053
2007-09-21,1.16687
2007-09-20,1.16347
2007-09-19,1.15642
2007-09-18,1.15469
2007-09-17,1.15323
2007-09-16,1.15323
2007-09-15,1.14784
2007-09-14,1.14321
2007-09-13,1.13694
2007-09-12,1.12937
2007-09-11,1.12474
2007-09-10,1.12644
2007-09-09,1.13098
2007-09-08,1.13952
2007-09-07,1.14533
2007-09-06,1.14997
2007-09-05,1.14831
2007-09-04,1.14569
2007-09-03,1.14307
2007-09-02,1.14307
2007-09-01,1.13802
2007-08-31,1.13199
2007-08-30,1.13189
2007-08-29,1.13935
2007-08-28,1.14315
2007-08-27,1.14219
2007-08-26,1.14219
2007-08-25,1.14287
2007-08-24,1.13947
2007-08-23,1.13653
2007-08-22,1.138
2007-08-21,1.13922
2007-08-20,1.13624
2007-08-19,1.13624
2007-08-18,1.12926
2007-08-17,1.12955
2007-08-16,1.13487
2007-08-15,1.14013
2007-08-14,1.13934
2007-08-13,1.13603
2007-08-12,1.13603
2007-08-11,1.13414
2007-08-10,1.13663
2007-08-09,1.13422
2007-08-08,1.12823
2007-08-07,1.12478
2007-08-06,1.12654
2007-08-05,1.13147
2007-08-04,1.13996
2007-08-03,1.13618
2007-08-02,1.12924
2007-08-01,1.13051
2007-07-31,1.13198
2007-07-30,1.13544
2007-07-29,1.13795
2007-07-28,1.14804
2007-07-27,1.16068
2007-07-26,1.16044
2007-07-25,1.15259
2007-07-24,1.1481
2007-07-23,1.14506
2007-07-22,1.14791
2007-07-21,1.15169
2007-07-20,1.15039
2007-07-19,1.15085
2007-07-18,1.15093
2007-07-17,1.14876
2007-07-16,1.14857
2007-07-15,1.14857
2007-07-14,1.14772
2007-07-13,1.14268
2007-07-12,1.14511
2007-07-11,1.15765
2007-07-10,1.16144
2007-07-09,1.15898
2007-07-08,1.15898
2007-07-07,1.15392
2007-07-06,1.14905
2007-07-05,1.1479
2007-07-04,1.14758
2007-07-03,1.14767
2007-07-02,1.14712
2007-07-01,1.15197
2007-06-30,1.15712
2007-06-29,1.15043
2007-06-28,1.14733
2007-06-27,1.14789
2007-06-26,1.14926
2007-06-25,1.15096
2007-06-24,1.1521
2007-06-23,1.15642
2007-06-22,1.16182
2007-06-21,1.16291
2007-06-20,1.16036
2007-06-19,1.16044
2007-06-18,1.16427
2007-06-17,1.16427
2007-06-16,1.16669
2007-06-15,1.16547
2007-06-14,1.16564
2007-06-13,1.16702
2007-06-12,1.16503
2007-06-11,1.16148
2007-06-10,1.16148
2007-06-09,1.15493
2007-06-08,1.15089
2007-06-07,1.15012
2007-06-06,1.15509
2007-06-05,1.15887
2007-06-04,1.15565
2007-06-03,1.15565
2007-06-02,1.14768
2007-06-01,1.14267
2007-05-31,1.13966
2007-05-30,1.13658
2007-05-29,1.13681
2007-05-28,1.13704
2007-05-27,1.13561
2007-05-26,1.13349
2007-05-25,1.13298
2007-05-24,1.13248
2007-05-23,1.13259
2007-05-22,1.12952
2007-05-21,1.12443
2007-05-20,1.12443
2007-05-19,1.11673
2007-05-18,1.10914
2007-05-17,1.10539
2007-05-16,1.10163
2007-05-15,1.09805
2007-05-14,1.09764
2007-05-13,1.09724
2007-05-12,1.09801
2007-05-11,1.10072
2007-05-10,1.10083
2007-05-09,1.09885
2007-05-08,1.09465
2007-05-07,1.09394
2007-05-06,1.09512
2007-05-05,1.09633
2007-05-04,1.0948
2007-05-03,1.09246
2007-05-02,1.08731
2007-05-01,1.08186
2007-04-30,1.07954
2007-04-29,1.07954
2007-04-28,1.07909
2007-04-27,1.07745
2007-04-26,1.0746
2007-04-25,1.07592
2007-04-24,1.07594
2007-04-23,1.07354
2007-04-22,1.07354
2007-04-21,1.06894
2007-04-20,1.06705
2007-04-19,1.06885
2007-04-18,1.07046
2007-04-17,1.06895
2007-04-16,1.06809
2007-04-15,1.06809
2007-04-14,1.06958
2007-04-13,1.06814
2007-04-12,1.06296
2007-04-11,1.06209
2007-04-10,1.06215
2007-04-09,1.05991
2007-04-08,1.05991
2007-04-07,1.05631
2007-04-06,1.05426
2007-04-05,1.05359
2007-04-04,1.05227
2007-04-03,1.05272
2007-04-02,1.05341
2007-04-01,1.05341
2007-03-31,1.05198
2007-03-30,1.04851
2007-03-29,1.04737
2007-03-28,1.04868
2007-03-27,1.04931
2007-03-26,1.05016
2007-03-25,1.04979
2007-03-24,1.04819
2007-03-23,1.04601
2007-03-22,1.04122
2007-03-21,1.03232
2007-03-20,1.02748
2007-03-19,1.02637
2007-03-18,1.02757
2007-03-17,1.03177
2007-03-16,1.03568
2007-03-15,1.03892
2007-03-14,1.04703
2007-03-13,1.05147
2007-03-12,1.05308
2007-03-11,1.04974
2007-03-10,1.04066
2007-03-09,1.03708
2007-03-08,1.03845
2007-03-07,1.036
2007-03-06,1.03332
2007-03-05,1.0329
2007-03-04,1.03566
2007-03-03,1.04159
2007-03-02,1.04298
2007-03-01,1.04861
2007-02-28,1.05816
2007-02-27,1.06212
2007-02-26,1.06254
2007-02-25,1.0639
2007-02-24,1.06677
2007-02-23,1.06476
2007-02-22,1.05946
2007-02-21,1.05935
2007-02-20,1.06032
2007-02-19,1.06164
2007-02-18,1.06156
2007-02-17,1.06183
2007-02-16,1.0639
2007-02-15,1.06618
2007-02-14,1.06579
2007-02-13,1.06485
2007-02-12,1.06192
2007-02-11,1.06192
2007-02-10,1.05459
2007-02-09,1.04965
2007-02-08,1.05065
2007-02-07,1.0542
2007-02-06,1.05437
2007-02-05,1.05376
2007-02-04,1.05366
2007-02-03,1.05475
2007-02-02,1.05799
2007-02-01,1.06008
2007-01-31,1.06046
2007-01-30,1.06218
2007-01-29,1.06102
2007-01-28,1.06102
2007-01-27,1.05812
2007-01-26,1.05653
2007-01-25,1.05749
2007-01-24,1.05749
2007-01-23,1.06406
2007-01-22,1.06439
2007-01-21,1.06439
2007-01-20,1.06319
2007-01-19,1.0627
2007-01-18,1.06391
2007-01-17,1.06643
2007-01-16,1.06643
2007-01-15,1.06564
2007-01-14,1.0648
2007-01-13,1.06216
2007-01-12,1.05899
2007-01-11,1.0551
2007-01-10,1.05279
2007-01-09,1.05285
2007-01-08,1.05334
2007-01-07,1.05129
2007-01-06,1.04725
2007-01-05,1.04534
2007-01-04,1.04329
2007-01-03,1.04409
2007-01-02,1.04781
2007-01-01,1.04781
2006-12-31,1.04781
2006-12-30,1.05251
2006-12-29,1.05349
2006-12-28,1.05233
2006-12-27,1.05274
2006-12-26,1.05291
2006-12-25,1.05317
2006-12-24,1.05312
2006-12-23,1.0547
2006-12-22,1.05704
2006-12-21,1.05501
2006-12-20,1.05503
2006-12-19,1.05538
2006-12-18,1.05376
2006-12-17,1.05376
2006-12-16,1.04945
2006-12-15,1.04454
2006-12-14,1.04394
2006-12-13,1.04697
2006-12-12,1.04912
2006-12-11,1.04588
2006-12-10,1.04588
2006-12-09,1.04113
2006-12-08,1.04203
2006-12-07,1.04455
2006-12-06,1.04519
2006-12-05,1.04346
2006-12-04,1.04226
2006-12-03,1.04455
2006-12-02,1.05247
2006-12-01,1.06037
2006-11-30,1.06417
2006-11-29,1.06545
2006-11-28,1.06512
2006-11-27,1.06568
2006-11-26,1.06718
2006-11-25,1.07102
2006-11-24,1.07619
2006-11-23,1.08194
2006-11-22,1.08476
2006-11-21,1.08509
2006-11-20,1.08738
2006-11-19,1.08738
2006-11-18,1.09277
2006-11-17,1.09426
2006-11-16,1.09374
2006-11-15,1.09332
2006-11-14,1.09504
2006-11-13,1.09723
2006-11-12,1.09723
2006-11-11,1.10028
2006-11-10,1.10482
2006-11-09,1.10651
2006-11-08,1.10898
2006-11-07,1.10964
2006-11-06,1.10687
2006-11-05,1.10687
2006-11-04,1.10097
2006-11-03,1.10069
2006-11-02,1.10589
2006-11-01,1.11138
2006-10-31,1.11473
2006-10-30,1.11568
2006-10-29,1.11568
2006-10-28,1.11766
2006-10-27,1.12141
2006-10-26,1.12324
2006-10-25,1.12243
2006-10-24,1.12035
2006-10-23,1.11864
2006-10-22,1.118
2006-10-21,1.11629
2006-10-20,1.11494
2006-10-19,1.11457
2006-10-18,1.11663
2006-10-17,1.11886
2006-10-16,1.11908
2006-10-15,1.11908
2006-10-14,1.11901
2006-10-13,1.11873
2006-10-12,1.1206
2006-10-11,1.12169
2006-10-10,1.12038
2006-10-09,1.11818
2006-10-08,1.11818
2006-10-07,1.11368
2006-10-06,1.11025
2006-10-05,1.11108
2006-10-04,1.11413
2006-10-03,1.11718
2006-10-02,1.11991
2006-10-01,1.11991
2006-09-30,1.12162
2006-09-29,1.11912
2006-09-28,1.11491
2006-09-27,1.11004
2006-09-26,1.10623
2006-09-25,1.10699
2006-09-24,1.10699
2006-09-23,1.10913
2006-09-22,1.11026
2006-09-21,1.11279
2006-09-20,1.11882
2006-09-19,1.12163
2006-09-18,1.12196
2006-09-17,1.12178
2006-09-16,1.12001
2006-09-15,1.11752
2006-09-14,1.11538
2006-09-13,1.11238
2006-09-12,1.11238
2006-09-11,1.11524
2006-09-10,1.11524
2006-09-09,1.11831
2006-09-08,1.11642
2006-09-07,1.112
2006-09-06,1.11091
2006-09-05,1.11245
2006-09-04,1.11431
2006-09-03,1.11431
2006-09-02,1.11235
2006-09-01,1.10866
2006-08-31,1.10962
2006-08-30,1.11281
2006-08-29,1.11616
2006-08-28,1.11784
2006-08-27,1.11766
2006-08-26,1.11522
2006-08-25,1.11085
2006-08-24,1.1055
2006-08-23,1.09755
2006-08-22,1.09458
2006-08-21,1.09654
2006-08-20,1.09654
2006-08-19,1.09794
2006-08-18,1.09917
2006-08-17,1.10081
2006-08-16,1.10147
2006-08-15,1.10384
2006-08-14,1.10281
2006-08-13,1.10281
2006-08-12,1.09754
2006-08-11,1.09416
2006-08-10,1.09369
2006-08-09,1.09234
2006-08-08,1.08698
2006-08-07,1.08516
2006-08-06,1.08725
2006-08-05,1.09211
2006-08-04,1.09188
2006-08-03,1.08793
2006-08-02,1.08946
2006-08-01,1.09031
2006-07-31,1.08936
2006-07-30,1.08986
2006-07-29,1.09121
2006-07-28,1.09376
2006-07-27,1.09592
2006-07-26,1.09206
2006-07-25,1.0889
2006-07-24,1.08944
2006-07-23,1.08944
2006-07-22,1.09608
2006-07-21,1.10043
2006-07-20,1.10187
2006-07-19,1.09934
2006-07-18,1.09597
2006-07-17,1.09254
2006-07-16,1.09254
2006-07-15,1.08946
2006-07-14,1.08641
2006-07-13,1.08696
2006-07-12,1.09274
2006-07-11,1.09673
2006-07-10,1.09991
2006-07-09,1.09991
2006-07-08,1.10423
2006-07-07,1.10696
2006-07-06,1.1057
2006-07-05,1.10129
2006-07-04,1.09769
2006-07-03,1.09554
2006-07-02,1.10016
2006-07-01,1.11001
2006-06-30,1.11114
2006-06-29,1.10922
2006-06-28,1.10922
2006-06-27,1.1117
2006-06-26,1.11214
2006-06-25,1.11214
2006-06-24,1.11174
2006-06-23,1.112
2006-06-22,1.10961
2006-06-21,1.10536
2006-06-20,1.09993
2006-06-19,1.09927
2006-06-18,1.09927
2006-06-17,1.10387
2006-06-16,1.10663
2006-06-15,1.11335
2006-06-14,1.11843
2006-06-13,1.11575
2006-06-12,1.11274
2006-06-11,1.10946
2006-06-10,1.10157
2006-06-09,1.09643
2006-06-08,1.09283
2006-06-07,1.09246
2006-06-06,1.09574
2006-06-05,1.0996
2006-06-04,1.0996
2006-06-03,1.10499
2006-06-02,1.10617
2006-06-01,1.10395
2006-05-31,1.10528
2006-05-30,1.10814
2006-05-29,1.10545
2006-05-28,1.10545
2006-05-27,1.09739
2006-05-26,1.0866
2006-05-25,1.07987
2006-05-24,1.08161
2006-05-23,1.08469
2006-05-22,1.08585
2006-05-21,1.08585
2006-05-20,1.08363
2006-05-19,1.08771
2006-05-18,1.08957
2006-05-17,1.08539
2006-05-16,1.08087
2006-05-15,1.08067
2006-05-14,1.08657
2006-05-13,1.09839
2006-05-12,1.10737
2006-05-11,1.10717
2006-05-10,1.10585
2006-05-09,1.10735
2006-05-08,1.10924
2006-05-07,1.10872
2006-05-06,1.10999
2006-05-05,1.11551
2006-05-04,1.1168
2006-05-03,1.11307
2006-05-02,1.10954
2006-05-01,1.11212
2006-04-30,1.11212
2006-04-29,1.1198
2006-04-28,1.12445
2006-04-27,1.12075
2006-04-26,1.11779
2006-04-25,1.11941
2006-04-24,1.1216
2006-04-23,1.1216
2006-04-22,1.12106
2006-04-21,1.11708
2006-04-20,1.11519
2006-04-19,1.11852
2006-04-18,1.12413
2006-04-17,1.1277
2006-04-16,1.1277
2006-04-15,1.12915
2006-04-14,1.13095
2006-04-13,1.13347
2006-04-12,1.13449
2006-04-11,1.13323
2006-04-10,1.12926
2006-04-09,1.12926
2006-04-08,1.11873
2006-04-07,1.10896
2006-04-06,1.10829
2006-04-05,1.11226
2006-04-04,1.11597
2006-04-03,1.11614
2006-04-02,1.11731
2006-04-01,1.11866
2006-03-31,1.11768
2006-03-30,1.11849
2006-03-29,1.11849
2006-03-28,1.12078
2006-03-27,1.12468
2006-03-26,1.12468
2006-03-25,1.12528
2006-03-24,1.11991
2006-03-23,1.11604
2006-03-22,1.11343
2006-03-21,1.11217
2006-03-20,1.11472
2006-03-19,1.11472
2006-03-18,1.11846
2006-03-17,1.12324
2006-03-16,1.12779
2006-03-15,1.13174
2006-03-14,1.1341
2006-03-13,1.13432
2006-03-12,1.13432
2006-03-11,1.13324
2006-03-10,1.13482
2006-03-09,1.14012
2006-03-08,1.14161
2006-03-07,1.14164
2006-03-06,1.14549
2006-03-05,1.14549
2006-03-04,1.15007
2006-03-03,1.15388
2006-03-02,1.15396
2006-03-01,1.15457
2006-02-28,1.14893
2006-02-27,1.14684
2006-02-26,1.14347
2006-02-25,1.13817
2006-02-24,1.1397
2006-02-23,1.13956
2006-02-22,1.13956
2006-02-21,1.13768
2006-02-20,1.13701
2006-02-19,1.13701
2006-02-18,1.13444
2006-02-17,1.13275
2006-02-16,1.13277
2006-02-15,1.13234
2006-02-14,1.13309
2006-02-13,1.13333
2006-02-12,1.13333
2006-02-11,1.13213
2006-02-10,1.12933
2006-02-09,1.12844
2006-02-08,1.1325
2006-02-07,1.13221
2006-02-06,1.13116
2006-02-05,1.12882
2006-02-04,1.12595
2006-02-03,1.12622
2006-02-02,1.12304
2006-02-01,1.12059
2006-01-31,1.11894
2006-01-30,1.11358
2006-01-29,1.11358
2006-01-28,1.10363
2006-01-27,1.09757
2006-01-26,1.09485
2006-01-25,1.09546
2006-01-24,1.10222
2006-01-23,1.10754
2006-01-22,1.10686
2006-01-21,1.10192
2006-01-20,1.09633
2006-01-19,1.10056
2006-01-18,1.10364
2006-01-17,1.10137
2006-01-16,1.10193
2006-01-15,1.10193
2006-01-14,1.10386
2006-01-13,1.10062
2006-01-12,1.09658
2006-01-11,1.09252
2006-01-10,1.09036
2006-01-09,1.08976
2006-01-08,1.09188
2006-01-07,1.10082
2006-01-06,1.11603
2006-01-05,1.12736
2006-01-04,1.13037
2006-01-03,1.13046
2006-01-02,1.12993
2006-01-01,1.12896
2005-12-31,1.12585
2005-12-30,1.12275
2005-12-29,1.12501
2005-12-28,1.12582
2005-12-27,1.12536
2005-12-26,1.12536
2005-12-25,1.12515
2005-12-24,1.12265
2005-12-23,1.11456
2005-12-22,1.11057
2005-12-21,1.11264
2005-12-20,1.11308
2005-12-19,1.11372
2005-12-18,1.11377
2005-12-17,1.11514
2005-12-16,1.1205
2005-12-15,1.12227
2005-12-14,1.12417
2005-12-13,1.1251
2005-12-12,1.1251
2005-12-11,1.12597
2005-12-10,1.12981
2005-12-09,1.13054
2005-12-08,1.13205
2005-12-07,1.13407
2005-12-06,1.13326
2005-12-05,1.13262
2005-12-04,1.13013
2005-12-03,1.12656
2005-12-02,1.12325
2005-12-01,1.12368
2005-11-30,1.12816
2005-11-29,1.12625
2005-11-28,1.12625
2005-11-27,1.12578
2005-11-26,1.126
2005-11-25,1.12128
2005-11-24,1.11802
2005-11-23,1.11572
2005-11-22,1.11165
2005-11-21,1.10862
2005-11-20,1.10989
2005-11-19,1.10675
2005-11-18,1.11015
2005-11-17,1.10804
2005-11-16,1.10376
2005-11-15,1.10297
2005-11-14,1.10238
2005-11-13,1.10196
2005-11-12,1.10303
2005-11-11,1.10473
2005-11-10,1.10449
2005-11-09,1.10312
2005-11-08,1.10192
2005-11-07,1.10588
2005-11-06,1.10592
2005-11-05,1.0999
2005-11-04,1.09026
2005-11-03,1.08863
2005-11-02,1.09287
2005-11-01,1.0883
2005-10-31,1.08854
2005-10-30,1.08783
2005-10-29,1.08706
2005-10-28,1.09003
2005-10-27,1.0922
2005-10-26,1.08572
2005-10-25,1.0861
2005-10-24,1.08861
2005-10-23,1.08806
2005-10-22,1.08998
2005-10-21,1.09681
2005-10-20,1.1019
2005-10-19,1.09974
2005-10-18,1.09111
2005-10-17,1.08328
2005-10-16,1.08318
2005-10-15,1.08474
2005-10-14,1.09287
2005-10-13,1.09851
2005-10-12,1.09454
2005-10-11,1.09083
2005-10-10,1.08967
2005-10-09,1.08848
2005-10-08,1.08265
2005-10-07,1.08209
2005-10-06,1.10073
2005-10-05,1.11336
2005-10-04,1.11585
2005-10-03,1.11245
2005-10-02,1.11254
2005-10-01,1.10986
2005-09-30,1.10338
2005-09-29,1.10171
2005-09-28,1.10029
2005-09-27,1.1009
2005-09-26,1.10317
2005-09-25,1.10358
2005-09-24,1.09921
2005-09-23,1.09065
2005-09-22,1.08975
2005-09-21,1.09393
2005-09-20,1.08644
2005-09-19,1.07697
2005-09-18,1.07732
2005-09-17,1.0742
2005-09-16,1.06819
2005-09-15,1.06641
2005-09-14,1.06517
2005-09-13,1.05878
2005-09-12,1.05607
2005-09-11,1.05677
2005-09-10,1.05501
2005-09-09,1.05019
2005-09-08,1.04377
2005-09-07,1.03901
2005-09-06,1.03515
2005-09-05,1.03433
2005-09-04,1.03493
2005-09-03,1.03907
2005-09-02,1.04883
2005-09-01,1.05958
2005-08-31,1.06219
2005-08-30,1.0542
2005-08-29,1.04878
2005-08-28,1.04943
2005-08-27,1.05121
2005-08-26,1.05675
2005-08-25,1.06169
2005-08-24,1.05961
2005-08-23,1.05478
2005-08-22,1.05215
2005-08-21,1.05222
2005-08-20,1.04842
2005-08-19,1.04222
2005-08-18,1.04328
2005-08-17,1.04652
2005-08-16,1.04457
2005-08-15,1.04212
2005-08-14,1.04258
2005-08-13,1.04087
2005-08-12,1.03821
2005-08-11,1.03874
2005-08-10,1.03782
2005-08-09,1.03785
2005-08-08,1.03814
2005-08-07,1.03831
2005-08-06,1.03787
2005-08-05,1.03684
2005-08-04,1.04196
2005-08-03,1.05175
2005-08-02,1.05413
2005-08-01,1.05296
2005-07-31,1.05346
2005-07-30,1.04929
2005-07-29,1.04455
2005-07-28,1.05027
2005-07-27,1.05886
2005-07-26,1.0628
2005-07-25,1.0636
2005-07-24,1.06348
2005-07-23,1.06036
2005-07-22,1.05379
2005-07-21,1.05744
2005-07-20,1.06474
2005-07-19,1.06299
2005-07-18,1.0615
2005-07-17,1.06076
2005-07-16,1.06199
2005-07-15,1.06578
2005-07-14,1.06372
2005-07-13,1.05738
2005-07-12,1.06143
2005-07-11,1.06529
2005-07-10,1.06531
2005-07-09,1.06254
2005-07-08,1.05564
2005-07-07,1.05132
2005-07-06,1.04901
2005-07-05,1.04732
2005-07-04,1.04298
2005-07-03,1.04449
2005-07-02,1.04554
2005-07-01,1.04537
2005-06-30,1.04283
2005-06-29,1.03684
2005-06-28,1.03143
2005-06-27,1.03367
2005-06-26,1.03442
2005-06-25,1.03518
2005-06-24,1.03509
2005-06-23,1.02936
2005-06-22,1.02825
2005-06-21,1.0278
2005-06-20,1.02522
2005-06-19,1.02374
2005-06-18,1.0254
2005-06-17,1.02888
2005-06-16,1.02421
2005-06-15,1.0167
2005-06-14,1.01294
2005-06-13,1.01412
2005-06-12,1.01363
2005-06-11,1.00876
2005-06-10,1.00048
2005-06-09,1.00228
2005-06-08,1.00138
2005-06-07,1.0041
2005-06-06,1.00701
2005-06-05,1.00784
2005-06-04,1.00379
2005-06-03,1.00353
2005-06-02,1.00136
2005-06-01,0.991555
2005-05-31,0.984997
2005-05-30,0.982446
2005-05-29,0.981337
2005-05-28,0.979235
2005-05-27,0.973845
2005-05-26,0.972283
2005-05-25,0.976507
2005-05-24,0.976929
2005-05-23,0.975897
2005-05-22,0.975903
2005-05-21,0.972969
2005-05-20,0.968811
2005-05-19,0.967351
2005-05-18,0.966446
2005-05-17,0.964398
2005-05-16,0.968142
2005-05-15,0.968753
2005-05-14,0.968805
2005-05-13,0.969106
2005-05-12,0.968295
2005-05-11,0.972029
2005-05-10,0.9728
2005-05-09,0.971766
2005-05-08,0.966212
2005-05-07,0.966212
2005-05-06,0.957848
2005-05-05,0.956348
2005-05-04,0.955142
2005-05-03,0.952793
2005-05-02,0.949972
2005-05-01,0.949333
2005-04-30,0.951066
2005-04-29,0.953421
2005-04-28,0.953822
2005-04-27,0.955767
2005-04-26,0.959078
2005-04-25,0.957317
2005-04-24,0.956102
2005-04-23,0.955879
2005-04-22,0.95265
2005-04-21,0.950894
2005-04-20,0.953036
2005-04-19,0.956991
2005-04-18,0.963489
2005-04-17,0.962736
2005-04-16,0.968095
2005-04-15,0.973937
2005-04-14,0.968897
2005-04-13,0.968189
2005-04-12,0.970281
2005-04-11,0.974161
2005-04-10,0.974363
2005-04-09,0.979974
2005-04-08,0.986819
2005-04-07,0.987732
2005-04-06,0.989771
2005-04-05,0.990236
2005-04-04,0.991615
2005-04-03,0.991893
2005-04-02,0.989754
2005-04-01,0.987784
2005-03-31,0.988081
2005-03-30,0.990112
2005-03-29,0.987017
2005-03-28,0.985218
2005-03-27,0.985091
2005-03-26,0.985961
2005-03-25,0.98681
2005-03-24,0.983694
2005-03-23,0.978795
2005-03-22,0.971129
2005-03-21,0.968775
2005-03-20,0.969516
2005-03-19,0.966334
2005-03-18,0.960472
2005-03-17,0.959628
2005-03-16,0.963602
2005-03-15,0.958513
2005-03-14,0.954376
2005-03-13,0.955783
2005-03-12,0.955783
2005-03-11,0.958898
2005-03-10,0.959519
2005-03-09,0.956393
2005-03-08,0.953872
2005-03-07,0.949827
2005-03-06,0.949809
2005-03-05,0.949786
2005-03-04,0.948445
2005-03-03,0.9439
2005-03-02,0.940124
2005-03-01,0.940272
2005-02-28,0.937914
2005-02-27,0.938138
2005-02-26,0.939953
2005-02-25,0.941778
2005-02-24,0.941972
2005-02-23,0.950459
2005-02-22,0.959497
2005-02-21,0.961127
2005-02-20,0.960894
2005-02-19,0.961786
2005-02-18,0.96236
2005-02-17,0.96294
2005-02-16,0.969026
2005-02-15,0.974451
2005-02-14,0.979027
2005-02-13,0.979763
2005-02-12,0.976461
2005-02-11,0.972916
2005-02-10,0.975563
2005-02-09,0.977218
2005-02-08,0.972591
2005-02-07,0.969905
2005-02-06,0.969863
2005-02-05,0.969566
2005-02-04,0.966343
2005-02-03,0.963121
2005-02-02,0.961304
2005-02-01,0.958239
2005-01-31,0.957986
2005-01-30,0.956764
2005-01-29,0.956135
2005-01-28,0.957899
2005-01-27,0.961454
2005-01-26,0.965848
2005-01-25,0.968179
2005-01-24,0.972313
2005-01-23,0.972676
2005-01-22,0.967779
2005-01-21,0.965307
2005-01-20,0.967419
2005-01-19,0.969941
2005-01-18,0.971307
2005-01-17,0.969803
2005-01-16,0.97101
2005-01-15,0.972704
2005-01-14,0.973854
2005-01-13,0.97207
2005-01-12,0.969535
2005-01-11,0.964623
2005-01-10,0.961612
2005-01-09,0.961911
2005-01-08,0.958048
2005-01-07,0.951736
2005-01-06,0.954171
2005-01-05,0.95424
2005-01-04,0.950438
2005-01-03,0.948646
2005-01-02,0.948147
2005-01-01,0.945839
