Date,YAHOO.INDEX_GSPTSE.4
2015-03-06,14952.5
2015-03-05,15103.1
2015-03-04,15082.8
2015-03-03,15133.9
2015-03-02,15264.1
2015-02-27,15234.3
2015-02-26,15241.2
2015-02-25,15228.6
2015-02-24,15165.0
2015-02-23,15200.3
2015-02-20,15172.2
2015-02-19,15180.3
2015-02-18,15212.8
2015-02-17,15284.6
2015-02-13,15264.8
2015-02-12,15228.5
2015-02-11,15151.5
2015-02-10,15112.5
2015-02-09,15100.7
2015-02-06,15083.9
2015-02-05,15124.9
2015-02-04,14995.7
2015-02-03,15062.9
2015-02-02,14900.5
2015-01-30,14673.5
2015-01-29,14637.3
2015-01-28,14602.9
2015-01-27,14833.9
2015-01-26,14797.8
2015-01-23,14779.4
2015-01-22,14764.0
2015-01-21,14560.4
2015-01-20,14308.4
2015-01-19,14312.5
2015-01-16,14309.4
2015-01-15,14041.8
2015-01-14,14084.4
2015-01-13,14187.2
2015-01-12,14265.0
2015-01-09,14384.9
2015-01-08,14457.7
2015-01-07,14285.0
2015-01-06,14246.8
2015-01-05,14392.7
2015-01-02,14753.7
2014-12-31,14632.4
2014-12-30,14640.0
2014-12-29,14663.9
2014-12-24,14609.3
2014-12-23,14594.0
2014-12-22,14432.4
2014-12-19,14468.3
2014-12-18,14346.8
2014-12-17,14213.9
2014-12-16,13861.5
2014-12-15,13705.1
2014-12-12,13731.1
2014-12-11,13905.1
2014-12-10,13853.0
2014-12-09,14195.7
2014-12-08,14144.2
2014-12-05,14473.7
2014-12-04,14583.4
2014-12-03,14754.1
2014-12-02,14620.1
2014-12-01,14625.3
2014-11-28,14744.7
2014-11-27,14922.4
2014-11-26,15038.4
2014-11-25,15073.7
2014-11-24,15015.4
2014-11-21,15111.1
2014-11-20,15075.2
2014-11-19,14980.2
2014-11-18,14973.0
2014-11-17,14882.5
2014-11-14,14843.1
2014-11-13,14778.8
2014-11-12,14856.2
2014-11-10,14709.8
2014-11-07,14690.8
2014-11-06,14563.4
2014-11-05,14548.3
2014-11-04,14390.4
2014-11-03,14537.6
2014-10-31,14613.3
2014-10-30,14458.7
2014-10-29,14527.6
2014-10-28,14624.3
2014-10-27,14469.0
2014-10-24,14543.8
2014-10-23,14486.8
2014-10-22,14312.1
2014-10-21,14547.7
2014-10-20,14337.8
2014-10-17,14227.7
2014-10-16,14053.0
2014-10-15,13869.9
2014-10-14,14036.7
2014-10-10,14227.4
2014-10-09,14460.6
2014-10-08,14666.5
2014-10-07,14576.5
2014-10-06,14743.1
2014-10-03,14789.8
2014-10-02,14760.6
2014-10-01,14805.4
2014-09-30,14960.5
2014-09-29,14976.9
2014-09-26,15026.8
2014-09-25,14893.6
2014-09-24,15120.5
2014-09-23,15125.7
2014-09-22,15129.0
2014-09-19,15265.4
2014-09-18,15465.5
2014-09-17,15458.9
2014-09-16,15510.5
2014-09-15,15482.6
2014-09-12,15531.6
2014-09-11,15534.3
2014-09-10,15471.9
2014-09-09,15536.8
2014-09-08,15509.4
2014-09-05,15569.9
2014-09-04,15576.8
2014-09-03,15657.6
2014-09-02,15619.1
2014-08-29,15625.7
2014-08-28,15558.2
2014-08-27,15602.7
2014-08-26,15619.2
2014-08-25,15598.7
2014-08-22,15535.6
2014-08-21,15556.1
2014-08-20,15562.0
2014-08-19,15477.2
2014-08-18,15338.5
2014-08-15,15304.2
2014-08-14,15291.2
2014-08-13,15262.7
2014-08-12,15274.2
2014-08-11,15261.6
2014-08-08,15196.3
2014-08-07,15118.4
2014-08-06,15202.1
2014-08-05,15187.7
2014-08-01,15215.3
2014-07-31,15330.7
2014-07-30,15524.8
2014-07-29,15446.6
2014-07-28,15445.2
2014-07-25,15455.0
2014-07-24,15394.5
2014-07-23,15394.4
2014-07-22,15315.1
2014-07-21,15250.0
2014-07-18,15266.6
2014-07-17,15204.5
2014-07-16,15226.3
2014-07-15,15081.3
2014-07-14,15171.2
2014-07-11,15125.5
2014-07-10,15114.5
2014-07-09,15215.2
2014-07-08,15137.2
2014-07-07,15172.9
2014-07-04,15215.0
2014-07-03,15207.1
2014-07-02,15209.8
2014-06-30,15146.0
2014-06-27,15094.3
2014-06-26,15030.7
2014-06-25,14974.7
2014-06-24,14962.4
2014-06-23,15105.6
2014-06-20,15109.0
2014-06-19,15112.2
2014-06-18,15109.3
2014-06-17,15055.9
2014-06-16,15040.4
2014-06-13,15001.6
2014-06-12,14909.6
2014-06-11,14892.1
2014-06-10,14904.4
2014-06-09,14871.2
2014-06-06,14838.9
2014-06-05,14800.2
2014-06-04,14796.8
2014-06-03,14734.7
2014-06-02,14680.8
2014-05-30,14604.2
2014-05-29,14589.0
2014-05-28,14611.0
2014-05-27,14658.0
2014-05-26,14715.7
2014-05-23,14708.1
2014-05-22,14702.3
2014-05-21,14649.9
2014-05-20,14525.2
2014-05-16,14514.7
2014-05-15,14588.9
2014-05-14,14673.7
2014-05-13,14679.8
2014-05-12,14654.9
2014-05-09,14534.1
2014-05-08,14546.0
2014-05-07,14656.4
2014-05-06,14612.3
2014-05-05,14697.0
2014-05-02,14765.2
2014-05-01,14664.1
2014-04-30,14651.9
2014-04-29,14583.1
2014-04-28,14530.9
2014-04-25,14533.6
2014-04-24,14554.3
2014-04-23,14533.4
2014-04-22,14556.0
2014-04-21,14493.7
2014-04-17,14500.4
2014-04-16,14446.5
2014-04-15,14303.9
2014-04-14,14284.4
2014-04-11,14257.7
2014-04-10,14308.0
2014-04-09,14435.6
2014-04-08,14372.5
2014-04-07,14270.3
2014-04-04,14393.1
2014-04-03,14402.2
2014-04-02,14459.1
2014-04-01,14380.6
2014-03-31,14335.3
2014-03-28,14260.7
2014-03-27,14178.8
2014-03-26,14184.1
2014-03-25,14299.5
2014-03-24,14278.6
2014-03-21,14335.8
2014-03-20,14361.8
2014-03-19,14334.0
2014-03-18,14369.0
2014-03-17,14231.9
2014-03-14,14227.7
2014-03-13,14245.1
2014-03-12,14319.0
2014-03-11,14267.2
2014-03-10,14302.1
2014-03-07,14299.1
2014-03-06,14271.9
2014-03-05,14304.2
2014-03-04,14289.9
2014-03-03,14212.7
2014-02-28,14209.6
2014-02-27,14214.7
2014-02-26,14188.6
2014-02-25,14189.0
2014-02-24,14227.1
2014-02-21,14205.7
2014-02-20,14210.4
2014-02-19,14119.7
2014-02-18,14077.5
2014-02-14,14054.8
2014-02-13,14001.7
2014-02-12,13900.5
2014-02-11,13881.0
2014-02-10,13794.2
2014-02-07,13786.5
2014-02-06,13713.4
2014-02-05,13559.7
2014-02-04,13504.5
2014-02-03,13486.2
2014-01-31,13694.9
2014-01-30,13735.3
2014-01-29,13643.2
2014-01-28,13687.7
2014-01-27,13582.3
2014-01-24,13717.8
2014-01-23,13933.0
2014-01-22,13988.2
2014-01-21,13951.8
2014-01-20,13990.3
2014-01-17,13888.2
2014-01-16,13831.6
2014-01-15,13772.6
2014-01-14,13692.4
2014-01-13,13681.5
2014-01-10,13747.5
2014-01-09,13629.4
2014-01-08,13614.6
2014-01-07,13596.9
2014-01-06,13495.5
2014-01-03,13548.9
2014-01-02,13594.2
2013-12-31,13621.6
2013-12-30,13581.4
2013-12-27,13588.0
2013-12-24,13518.0
2013-12-23,13447.7
2013-12-20,13399.6
2013-12-19,13392.2
2013-12-18,13334.7
2013-12-17,13180.2
2013-12-16,13184.4
2013-12-13,13125.7
2013-12-12,13114.4
2013-12-11,13133.4
2013-12-10,13324.0
2013-12-09,13312.8
2013-12-06,13280.7
2013-12-05,13200.4
2013-12-04,13304.9
2013-12-03,13319.9
2013-12-02,13419.6
2013-11-29,13395.4
2013-11-28,13370.8
2013-11-27,13362.1
2013-11-26,13349.8
2013-11-25,13472.2
2013-11-22,13478.3
2013-11-21,13475.3
2013-11-20,13430.0
2013-11-19,13442.8
2013-11-18,13458.1
2013-11-15,13482.6
2013-11-14,13431.4
2013-11-13,13370.7
2013-11-12,13326.0
2013-11-11,13358.4
2013-11-08,13378.3
2013-11-07,13294.2
2013-11-06,13380.4
2013-11-05,13361.7
2013-11-04,13361.8
2013-11-01,13337.5
2013-10-31,13361.3
2013-10-30,13455.3
2013-10-29,13440.6
2013-10-28,13371.8
2013-10-25,13399.4
2013-10-24,13324.8
2013-10-23,13243.3
2013-10-22,13248.1
2013-10-21,13186.5
2013-10-18,13136.1
2013-10-17,13036.4
2013-10-16,12957.2
2013-10-15,12931.5
2013-10-11,12892.1
2013-10-10,12894.4
2013-10-09,12730.3
2013-10-08,12692.4
2013-10-07,12788.3
2013-10-04,12758.7
2013-10-03,12735.1
2013-10-02,12839.0
2013-10-01,12847.4
2013-09-30,12787.2
2013-09-27,12844.1
2013-09-26,12841.6
2013-09-25,12836.7
2013-09-24,12848.9
2013-09-23,12811.2
2013-09-20,12806.5
2013-09-19,12926.8
2013-09-18,12931.4
2013-09-17,12834.1
2013-09-16,12816.9
2013-09-13,12723.4
2013-09-12,12701.0
2013-09-11,12825.4
2013-09-10,12824.5
2013-09-09,12854.6
2013-09-06,12820.9
2013-09-05,12845.1
2013-09-04,12757.8
2013-09-03,12740.5
2013-08-30,12653.9
2013-08-29,12704.7
2013-08-28,12607.2
2013-08-27,12591.2
2013-08-26,12760.3
2013-08-23,12762.3
2013-08-22,12674.4
2013-08-21,12573.1
2013-08-20,12670.1
2013-08-19,12588.0
2013-08-16,12736.9
2013-08-15,12704.5
2013-08-14,12639.3
2013-08-13,12642.2
2013-08-12,12594.3
2013-08-09,12542.1
2013-08-08,12552.9
2013-08-07,12412.7
2013-08-06,12469.3
2013-08-02,12603.3
2013-08-01,12594.0
2013-07-31,12486.6
2013-07-30,12581.8
2013-07-29,12669.0
2013-07-26,12647.9
2013-07-25,12669.1
2013-07-24,12672.3
2013-07-23,12745.4
2013-07-22,12758.4
2013-07-19,12685.1
2013-07-18,12628.8
2013-07-17,12568.8
2013-07-16,12516.9
2013-07-15,12528.3
2013-07-12,12462.2
2013-07-11,12493.3
2013-07-10,12306.9
2013-07-09,12297.1
2013-07-08,12208.9
2013-07-05,12134.9
2013-07-04,12166.7
2013-07-03,12145.7
2013-07-02,12178.4
2013-06-28,12129.1
2013-06-27,12005.8
2013-06-26,11951.9
2013-06-25,12005.4
2013-06-24,11836.9
2013-06-21,11995.7
2013-06-20,11968.6
2013-06-19,12268.3
2013-06-18,12367.5
2013-06-17,12288.9
2013-06-14,12187.4
2013-06-13,12277.1
2013-06-12,12109.9
2013-06-11,12223.6
2013-06-10,12382.7
2013-06-07,12373.3
2013-06-06,12409.3
2013-06-05,12443.7
2013-06-04,12594.0
2013-06-03,12609.8
2013-05-31,12650.4
2013-05-30,12746.5
2013-05-29,12732.6
2013-05-28,12750.5
2013-05-27,12696.4
2013-05-24,12667.2
2013-05-23,12658.1
2013-05-22,12752.5
2013-05-21,12742.4
2013-05-17,12613.0
2013-05-16,12507.6
2013-05-15,12473.7
2013-05-14,12577.0
2013-05-13,12529.5
2013-05-10,12589.1
2013-05-09,12543.9
2013-05-08,12585.0
2013-05-07,12464.1
2013-05-06,12453.9
2013-05-03,12438.0
2013-05-02,12379.6
2013-05-01,12321.3
2013-04-30,12456.5
2013-04-29,12312.7
2013-04-26,12220.2
2013-04-25,12329.5
2013-04-24,12270.4
2013-04-23,12090.9
2013-04-22,12090.7
2013-04-19,12065.6
2013-04-18,11996.3
2013-04-17,11947.3
2013-04-16,12119.9
2013-04-15,12004.9
2013-04-12,12337.6
2013-04-11,12481.4
2013-04-10,12534.9
2013-04-09,12484.1
2013-04-08,12344.6
2013-04-05,12331.9
2013-04-04,12363.1
2013-04-03,12422.1
2013-04-02,12682.1
2013-04-01,12695.1
2013-03-28,12749.9
2013-03-27,12699.7
2013-03-26,12706.4
2013-03-25,12680.7
2013-03-22,12757.4
2013-03-21,12747.9
2013-03-20,12826.6
2013-03-19,12773.9
2013-03-18,12781.8
2013-03-15,12830.0
2013-03-14,12799.9
2013-03-13,12744.1
2013-03-12,12878.6
2013-03-11,12858.5
2013-03-08,12835.6
2013-03-07,12826.5
2013-03-06,12832.0
2013-03-05,12736.0
2013-03-04,12707.4
2013-03-01,12773.1
2013-02-28,12821.8
2013-02-27,12732.4
2013-02-26,12660.4
2013-02-25,12650.9
2013-02-22,12701.6
2013-02-21,12640.0
2013-02-20,12714.1
2013-02-19,12810.2
2013-02-15,12686.6
2013-02-14,12721.8
2013-02-13,12775.3
2013-02-12,12789.0
2013-02-11,12748.2
2013-02-08,12801.2
2013-02-07,12755.9
2013-02-06,12761.6
2013-02-05,12745.7
2013-02-04,12717.6
2013-02-01,12768.8
2013-01-31,12685.2
2013-01-30,12794.4
2013-01-29,12830.6
2013-01-28,12815.9
2013-01-25,12816.6
2013-01-24,12823.6
2013-01-23,12794.1
2013-01-22,12824.6
2013-01-21,12794.3
2013-01-18,12725.7
2013-01-17,12674.7
2013-01-16,12608.8
2013-01-15,12642.0
2013-01-14,12603.1
2013-01-11,12602.2
2013-01-10,12599.7
2013-01-09,12522.2
2013-01-08,12504.8
2013-01-07,12499.6
2013-01-04,12540.8
2013-01-03,12470.4
2013-01-02,12540.8
2012-12-31,12433.5
2012-12-28,12316.1
2012-12-27,12373.8
2012-12-26,12370.8
2012-12-24,12370.8
2012-12-21,12385.7
2012-12-20,12388.7
2012-12-19,12403.6
2012-12-18,12334.3
2012-12-17,12281.4
2012-12-14,12296.7
2012-12-13,12289.2
2012-12-12,12353.1
2012-12-11,12282.4
2012-12-10,12230.5
2012-12-07,12159.6
2012-12-06,12151.1
2012-12-05,12157.3
2012-12-04,12137.2
2012-12-03,12169.7
2012-11-30,12239.4
2012-11-29,12202.9
2012-11-28,12140.3
2012-11-27,12111.6
2012-11-26,12185.1
2012-11-23,12213.2
2012-11-22,12153.1
2012-11-21,12100.1
2012-11-20,12046.3
2012-11-19,12040.4
2012-11-16,11877.7
2012-11-15,11811.4
2012-11-14,11929.8
2012-11-13,12134.7
2012-11-12,12191.5
2012-11-09,12196.8
2012-11-08,12191.1
2012-11-07,12230.6
2012-11-06,12361.2
2012-11-05,12352.8
2012-11-02,12380.4
2012-11-01,12499.8
2012-10-31,12422.9
2012-10-30,12377.0
2012-10-29,12312.8
2012-10-26,12300.3
2012-10-25,12300.2
2012-10-24,12195.0
2012-10-23,12225.8
2012-10-22,12403.5
2012-10-19,12416.0
2012-10-18,12466.1
2012-10-17,12461.3
2012-10-16,12407.7
2012-10-15,12230.0
2012-10-12,12202.0
2012-10-11,12234.0
2012-10-10,12212.4
2012-10-09,12273.6
2012-10-08,12419.0
2012-10-05,12419.0
2012-10-04,12447.7
2012-10-03,12359.5
2012-10-02,12391.2
2012-10-01,12370.2
2012-09-28,12317.5
2012-09-27,12338.9
2012-09-26,12232.9
2012-09-25,12257.2
2012-09-24,12313.5
2012-09-21,12383.6
2012-09-20,12409.3
2012-09-19,12436.2
2012-09-18,12422.7
2012-09-17,12446.9
2012-09-14,12499.5
2012-09-13,12360.2
2012-09-12,12232.6
2012-09-11,12220.5
2012-09-10,12215.4
2012-09-07,12268.0
2012-09-06,12139.7
2012-09-05,11990.1
2012-09-04,11941.7
2012-08-31,11949.3
2012-08-30,11886.7
2012-08-29,12009.8
2012-08-28,12009.9
2012-08-27,12048.8
2012-08-24,12082.2
2012-08-23,12062.5
2012-08-22,12119.0
2012-08-21,12116.9
2012-08-20,12076.0
2012-08-17,12089.9
2012-08-16,12032.6
2012-08-15,11905.4
2012-08-14,11853.6
2012-08-13,11838.3
2012-08-10,11890.9
2012-08-09,11858.1
2012-08-08,11781.0
2012-08-07,11863.5
2012-08-06,11662.6
2012-08-03,11662.6
2012-08-02,11506.5
2012-08-01,11618.5
2012-07-31,11664.7
2012-07-30,11757.9
2012-07-27,11766.4
2012-07-26,11639.8
2012-07-25,11492.5
2012-07-24,11467.0
2012-07-23,11545.5
2012-07-20,11622.9
2012-07-19,11665.7
2012-07-18,11579.2
2012-07-17,11571.2
2012-07-16,11521.2
2012-07-13,11514.5
2012-07-12,11425.5
2012-07-11,11544.6
2012-07-10,11512.2
2012-07-09,11634.7
2012-07-06,11660.0
2012-07-05,11817.0
2012-07-04,11913.9
2012-07-03,11848.8
2012-07-02,11596.6
2012-06-29,11596.6
2012-06-28,11424.7
2012-06-27,11410.9
2012-06-26,11334.4
2012-06-25,11330.4
2012-06-22,11435.5
2012-06-21,11408.3
2012-06-20,11759.3
2012-06-19,11788.4
2012-06-18,11601.1
2012-06-15,11524.9
2012-06-14,11466.4
2012-06-13,11497.9
2012-06-12,11497.3
2012-06-11,11401.8
2012-06-08,11500.6
2012-06-07,11592.1
2012-06-06,11633.4
2012-06-05,11507.7
2012-06-04,11335.8
2012-06-01,11361.2
2012-05-31,11513.2
2012-05-30,11433.2
2012-05-29,11609.3
2012-05-28,11566.2
2012-05-25,11576.5
2012-05-24,11566.1
2012-05-23,11564.8
2012-05-22,11451.8
2012-05-21,11280.6
2012-05-18,11280.6
2012-05-17,11330.7
2012-05-16,11326.1
2012-05-15,11343.1
2012-05-14,11488.5
2012-05-11,11694.7
2012-05-10,11736.2
2012-05-09,11675.0
2012-05-08,11704.7
2012-05-07,11860.7
2012-05-04,11871.2
2012-05-03,12014.9
2012-05-02,12230.1
2012-05-01,12332.8
2012-04-30,12292.7
2012-04-27,12237.8
2012-04-26,12145.9
2012-04-25,12111.1
2012-04-24,11980.1
2012-04-23,11989.0
2012-04-20,12147.3
2012-04-19,12153.7
2012-04-18,12128.9
2012-04-17,12136.9
2012-04-16,12037.6
2012-04-13,12040.4
2012-04-12,12214.7
2012-04-11,12026.8
2012-04-10,11935.3
2012-04-09,12018.5
2012-04-05,12103.1
2012-04-04,12178.7
2012-04-03,12323.6
2012-04-02,12507.1
2012-03-30,12392.2
2012-03-29,12339.4
2012-03-28,12413.9
2012-03-27,12512.0
2012-03-26,12574.8
2012-03-23,12465.7
2012-03-22,12361.8
2012-03-21,12436.5
2012-03-20,12430.7
2012-03-19,12479.7
2012-03-16,12497.0
2012-03-15,12455.8
2012-03-14,12377.9
2012-03-13,12537.7
2012-03-12,12428.0
2012-03-09,12503.6
2012-03-08,12461.9
2012-03-07,12350.2
2012-03-06,12298.6
2012-03-05,12524.0
2012-03-02,12643.8
2012-03-01,12723.5
2012-02-29,12644.0
2012-02-28,12740.5
2012-02-27,12700.4
2012-02-24,12725.8
2012-02-23,12731.3
2012-02-22,12701.3
2012-02-21,12623.4
2012-02-17,12458.3
2012-02-16,12485.6
2012-02-15,12362.0
2012-02-14,12354.5
2012-02-13,12398.7
2012-02-10,12389.4
2012-02-09,12497.9
2012-02-08,12521.0
2012-02-07,12512.4
2012-02-06,12559.9
2012-02-03,12577.3
2012-02-02,12553.5
2012-02-01,12517.7
2012-01-31,12452.2
2012-01-30,12436.4
2012-01-27,12466.5
2012-01-26,12464.3
2012-01-25,12539.2
2012-01-24,12395.2
2012-01-23,12521.7
2012-01-20,12397.1
2012-01-19,12380.7
2012-01-18,12327.5
2012-01-17,12232.8
2012-01-16,12258.6
2012-01-13,12231.1
2012-01-12,12274.3
2012-01-11,12260.9
2012-01-10,12270.7
2012-01-09,12196.7
2012-01-06,12188.6
2012-01-05,12237.4
2012-01-04,12226.5
2012-01-03,12208.4
2011-12-30,11955.1
2011-12-29,11841.7
2011-12-28,11728.4
2011-12-27,11926.7
2011-12-23,11926.7
2011-12-22,11876.5
2011-12-21,11753.5
2011-12-20,11716.9
2011-12-19,11539.7
2011-12-16,11635.4
2011-12-15,11504.4
2011-12-14,11543.1
2011-12-13,11759.9
2011-12-12,11907.9
2011-12-09,12034.8
2011-12-08,11951.8
2011-12-07,12148.7
2011-12-06,12081.3
2011-12-05,12119.3
2011-12-02,12075.1
2011-12-01,12113.3
2011-11-30,12204.1
2011-11-29,11732.5
2011-11-28,11640.2
2011-11-25,11462.1
2011-11-24,11485.3
2011-11-23,11571.7
2011-11-22,11795.2
2011-11-21,11784.7
2011-11-18,11892.4
2011-11-17,11915.4
2011-11-16,12174.4
2011-11-15,12229.3
2011-11-14,12224.2
2011-11-11,12276.9
2011-11-10,12108.9
2011-11-09,12156.2
2011-11-08,12488.9
2011-11-07,12462.0
2011-11-04,12408.3
2011-11-03,12468.4
2011-11-02,12241.8
2011-11-01,12115.1
2011-10-31,12252.1
2011-10-28,12519.5
2011-10-27,12465.4
2011-10-26,12186.1
2011-10-25,12109.8
2011-10-24,12162.3
2011-10-21,11949.5
2011-10-20,11830.3
2011-10-19,11849.5
2011-10-18,12053.1
2011-10-17,11923.0
2011-10-14,12081.7
2011-10-13,11911.9
2011-10-12,12030.0
2011-10-11,11875.6
2011-10-10,11588.4
2011-10-07,11588.4
2011-10-06,11780.1
2011-10-05,11457.2
2011-10-04,11177.9
2011-10-03,11251.8
2011-09-30,11623.8
2011-09-29,11686.3
2011-09-28,11585.9
2011-09-27,11821.1
2011-09-26,11707.2
2011-09-23,11462.9
2011-09-22,11562.5
2011-09-21,11955.0
2011-09-20,12209.9
2011-09-19,12172.0
2011-09-16,12263.7
2011-09-15,12424.8
2011-09-14,12293.4
2011-09-13,12205.5
2011-09-12,12148.8
2011-09-09,12387.5
2011-09-08,12684.0
2011-09-07,12720.6
2011-09-06,12518.5
2011-09-02,12602.4
2011-09-01,12700.7
2011-08-31,12768.7
2011-08-30,12634.7
2011-08-29,12504.9
2011-08-26,12327.5
2011-08-25,12284.3
2011-08-24,12343.8
2011-08-23,12338.3
2011-08-22,12068.4
2011-08-19,12007.5
2011-08-18,12186.7
2011-08-17,12579.6
2011-08-16,12530.7
2011-08-15,12683.6
2011-08-12,12542.2
2011-08-11,12539.8
2011-08-10,12198.9
2011-08-09,12109.3
2011-08-08,11671.0
2011-08-05,12162.2
2011-08-04,12380.1
2011-08-03,12816.0
2011-08-02,12752.3
2011-08-01,12945.6
2011-07-29,12945.6
2011-07-28,13047.8
2011-07-27,13032.7
2011-07-26,13300.6
2011-07-25,13436.0
2011-07-22,13494.6
2011-07-21,13434.3
2011-07-20,13340.8
2011-07-19,13332.9
2011-07-18,13254.1
2011-07-15,13299.5
2011-07-14,13252.9
2011-07-13,13324.9
2011-07-12,13234.1
2011-07-11,13179.8
2011-07-08,13371.7
2011-07-07,13406.0
2011-07-06,13403.1
2011-07-05,13425.3
2011-07-04,13386.5
2011-07-01,13300.9
2011-06-30,13300.9
2011-06-29,13188.9
2011-06-28,13105.0
2011-06-27,12966.5
2011-06-24,12908.9
2011-06-23,12979.6
2011-06-22,13060.6
2011-06-21,13063.3
2011-06-20,12857.7
2011-06-17,12790.0
2011-06-16,12853.1
2011-06-15,12972.0
2011-06-14,13097.8
2011-06-13,12939.7
2011-06-10,13084.0
2011-06-09,13255.7
2011-06-08,13183.8
2011-06-07,13282.9
2011-06-06,13318.7
2011-06-03,13517.9
2011-06-02,13519.5
2011-06-01,13527.9
2011-05-31,13802.9
2011-05-30,13829.7
2011-05-27,13797.6
2011-05-26,13775.9
2011-05-25,13751.5
2011-05-24,13595.1
2011-05-23,13652.3
2011-05-20,13652.3
2011-05-19,13625.1
2011-05-18,13607.3
2011-05-17,13441.1
2011-05-16,13391.4
2011-05-13,13377.2
2011-05-12,13389.4
2011-05-11,13419.7
2011-05-10,13642.1
2011-05-09,13677.1
2011-05-06,13566.6
2011-05-05,13455.4
2011-05-04,13611.3
2011-05-03,13692.4
2011-05-02,13934.5
2011-04-29,13944.8
2011-04-28,13894.4
2011-04-27,13892.6
2011-04-26,13909.1
2011-04-25,13907.3
2011-04-21,13972.0
2011-04-20,13897.5
2011-04-19,13736.8
2011-04-18,13702.3
2011-04-15,13799.1
2011-04-14,13821.8
2011-04-13,13833.6
2011-04-12,13801.4
2011-04-11,13996.9
2011-04-08,14208.4
2011-04-07,14107.8
2011-04-06,14202.7
2011-04-05,14270.5
2011-04-04,14218.4
2011-04-01,14130.2
2011-03-31,14116.1
2011-03-30,14083.6
2011-03-29,13930.4
2011-03-28,13892.7
2011-03-25,14039.4
2011-03-24,14029.4
2011-03-23,14087.2
2011-03-22,14000.0
2011-03-21,14013.7
2011-03-18,13789.6
2011-03-17,13746.2
2011-03-16,13524.8
2011-03-15,13547.0
2011-03-14,13619.2
2011-03-11,13674.3
2011-03-10,13638.6
2011-03-09,13884.7
2011-03-08,14013.0
2011-03-07,14092.4
2011-03-04,14252.8
2011-03-03,14214.7
2011-03-02,14144.0
2011-03-01,14122.9
2011-02-28,14136.5
2011-02-25,14052.1
2011-02-24,13867.3
2011-02-23,13956.2
2011-02-22,13963.7
2011-02-18,14123.1
2011-02-17,14136.2
2011-02-16,14059.2
2011-02-15,13929.4
2011-02-14,13910.8
2011-02-11,13766.8
2011-02-10,13840.6
2011-02-09,13784.3
2011-02-08,13892.5
2011-02-07,13811.9
2011-02-04,13791.9
2011-02-03,13841.4
2011-02-02,13680.3
2011-02-01,13712.6
2011-01-31,13552.0
2011-01-28,13437.6
2011-01-27,13410.2
2011-01-26,13465.8
2011-01-25,13259.6
2011-01-24,13347.6
2011-01-21,13258.6
2011-01-20,13331.3
2011-01-19,13439.0
2011-01-18,13559.2
2011-01-17,13440.1
2011-01-14,13464.1
2011-01-13,13401.5
2011-01-12,13460.2
2011-01-11,13401.1
2011-01-10,13245.1
2011-01-07,13272.3
2011-01-06,13311.7
2011-01-05,13396.0
2011-01-04,13402.3
2011-01-03,13443.2
2010-12-31,13443.2
2010-12-30,13434.4
2010-12-29,13449.2
2010-12-28,13383.2
2010-12-27,13383.2
2010-12-24,13383.2
2010-12-23,13371.2
2010-12-22,13380.7
2010-12-21,13365.2
2010-12-20,13193.3
2010-12-17,13201.5
2010-12-16,13181.2
2010-12-15,13229.1
2010-12-14,13280.1
2010-12-13,13295.9
2010-12-10,13239.5
2010-12-09,13166.9
2010-12-08,13152.0
2010-12-07,13250.7
2010-12-06,13276.0
2010-12-03,13179.0
2010-12-02,13163.5
2010-12-01,13148.4
2010-11-30,12952.9
2010-11-29,12895.7
2010-11-26,12892.7
2010-11-25,12945.8
2010-11-24,12902.0
2010-11-23,12793.8
2010-11-22,12929.0
2010-11-19,12956.3
2010-11-18,12870.0
2010-11-17,12657.8
2010-11-16,12602.2
2010-11-15,12735.4
2010-11-12,12749.2
2010-11-11,12934.7
2010-11-10,12942.6
2010-11-09,12916.6
2010-11-08,13052.5
2010-11-05,12925.1
2010-11-04,12878.8
2010-11-03,12671.1
2010-11-02,12681.4
2010-11-01,12664.8
2010-10-29,12676.2
2010-10-28,12564.1
2010-10-27,12567.3
2010-10-26,12684.7
2010-10-25,12663.6
2010-10-22,12601.2
2010-10-21,12599.2
2010-10-20,12649.9
2010-10-19,12570.6
2010-10-18,12668.0
2010-10-15,12609.1
2010-10-14,12619.7
2010-10-13,12673.3
2010-10-12,12575.6
2010-10-11,12535.6
2010-10-08,12535.6
2010-10-07,12445.9
2010-10-06,12501.7
2010-10-05,12498.0
2010-10-04,12322.9
2010-10-01,12363.1
2010-09-30,12368.7
2010-09-29,12382.8
2010-09-28,12278.9
2010-09-27,12190.6
2010-09-24,12204.9
2010-09-23,12101.8
2010-09-22,12147.3
2010-09-21,12170.6
2010-09-20,12234.5
2010-09-17,12164.6
2010-09-16,12173.4
2010-09-15,12144.8
2010-09-14,12193.0
2010-09-13,12149.9
2010-09-10,12097.1
2010-09-09,12033.5
2010-09-08,12042.3
2010-09-07,12102.0
2010-09-03,12144.9
2010-09-02,12111.1
2010-09-01,12003.8
2010-08-31,11913.9
2010-08-30,11895.6
2010-08-27,11879.7
2010-08-26,11653.2
2010-08-25,11648.1
2010-08-24,11557.4
2010-08-23,11718.6
2010-08-20,11722.1
2010-08-19,11710.2
2010-08-18,11781.1
2010-08-17,11728.6
2010-08-16,11552.8
2010-08-13,11528.3
2010-08-12,11523.6
2010-08-11,11582.2
2010-08-10,11838.3
2010-08-09,11863.6
2010-08-06,11800.0
2010-08-05,11774.8
2010-08-04,11845.1
2010-08-03,11782.6
2010-08-02,11713.4
2010-07-30,11713.4
2010-07-29,11728.6
2010-07-28,11696.6
2010-07-27,11716.7
2010-07-26,11746.1
2010-07-23,11714.2
2010-07-22,11667.8
2010-07-21,11513.3
2010-07-20,11629.9
2010-07-19,11543.5
2010-07-16,11569.7
2010-07-15,11741.8
2010-07-14,11620.2
2010-07-13,11672.8
2010-07-12,11565.8
2010-07-09,11570.5
2010-07-08,11433.4
2010-07-07,11397.3
2010-07-06,11200.2
2010-07-05,11092.5
2010-07-02,11196.1
2010-07-01,11294.4
2010-06-30,11294.4
2010-06-29,11263.8
2010-06-28,11607.0
2010-06-25,11707.9
2010-06-24,11670.2
2010-06-23,11807.5
2010-06-22,11797.9
2010-06-21,11936.1
2010-06-18,11927.6
2010-06-17,11946.0
2010-06-16,11921.1
2010-06-15,11907.5
2010-06-14,11667.3
2010-06-11,11666.9
2010-06-10,11635.9
2010-06-09,11450.6
2010-06-08,11517.2
2010-06-07,11504.7
2010-06-04,11569.6
2010-06-03,11811.9
2010-06-02,11780.7
2010-06-01,11572.0
2010-05-31,11763.0
2010-05-28,11671.4
2010-05-27,11749.1
2010-05-26,11543.9
2010-05-25,11518.1
2010-05-24,11521.4
2010-05-21,11521.4
2010-05-20,11406.0
2010-05-19,11665.8
2010-05-18,11764.5
2010-05-17,11813.0
2010-05-14,12015.0
2010-05-13,12116.6
2010-05-12,12196.0
2010-05-11,12000.6
2010-05-10,11947.9
2010-05-07,11692.4
2010-05-06,11842.4
2010-05-05,11875.1
2010-05-04,12030.9
2010-05-03,12196.5
2010-04-30,12210.7
2010-04-29,12200.3
2010-04-28,12076.9
2010-04-27,12146.7
2010-04-26,12281.0
2010-04-23,12239.6
2010-04-22,12160.9
2010-04-21,12134.6
2010-04-20,12113.5
2010-04-19,12103.0
2010-04-16,12070.7
2010-04-15,12211.5
2010-04-14,12204.4
2010-04-13,12101.5
2010-04-12,12148.7
2010-04-09,12176.8
2010-04-08,12113.5
2010-04-07,12110.9
2010-04-06,12156.7
2010-04-05,12186.4
2010-04-01,12151.1
2010-03-31,12037.7
2010-03-30,12044.2
2010-03-29,12029.7
2010-03-26,11957.4
2010-03-25,11958.1
2010-03-24,11963.0
2010-03-23,12044.5
2010-03-22,11967.2
2010-03-19,11948.0
2010-03-18,12040.0
2010-03-17,12100.7
2010-03-16,12089.4
2010-03-15,12008.8
2010-03-12,12013.8
2010-03-11,11979.7
2010-03-10,11961.1
2010-03-09,11918.7
2010-03-08,11963.8
2010-03-05,11975.1
2010-03-04,11825.0
2010-03-03,11852.9
2010-03-02,11828.3
2010-03-01,11728.1
2010-02-26,11629.6
2010-02-25,11631.4
2010-02-24,11521.8
2010-02-23,11526.7
2010-02-22,11634.8
2010-02-19,11709.3
2010-02-18,11694.8
2010-02-17,11635.5
2010-02-16,11586.4
2010-02-12,11469.8
2010-02-11,11435.5
2010-02-10,11286.3
2010-02-09,11274.2
2010-02-08,11115.3
2010-02-05,11223.1
2010-02-04,11128.8
2010-02-03,11390.5
2010-02-02,11408.3
2010-02-01,11317.6
2010-01-29,11094.3
2010-01-28,11274.2
2010-01-27,11344.1
2010-01-26,11361.2
2010-01-25,11354.5
2010-01-22,11343.4
2010-01-21,11469.1
2010-01-20,11679.3
2010-01-19,11763.4
2010-01-18,11750.5
2010-01-15,11685.4
2010-01-14,11804.4
2010-01-13,11853.6
2010-01-12,11820.2
2010-01-11,11947.1
2010-01-08,11953.8
2010-01-07,11887.5
2010-01-06,11944.5
2010-01-05,11888.1
2010-01-04,11866.9
2009-12-31,11746.1
2009-12-30,11717.5
2009-12-29,11701.8
2009-12-28,11754.6
2009-12-24,11754.6
2009-12-23,11658.7
2009-12-22,11628.0
2009-12-21,11554.7
2009-12-18,11463.4
2009-12-17,11473.1
2009-12-16,11637.0
2009-12-15,11541.0
2009-12-14,11545.7
2009-12-11,11423.9
2009-12-10,11464.6
2009-12-09,11379.2
2009-12-08,11368.9
2009-12-07,11489.6
2009-12-04,11510.8
2009-12-03,11636.6
2009-12-02,11779.7
2009-12-01,11707.3
2009-11-30,11447.2
2009-11-27,11464.4
2009-11-26,11436.8
2009-11-25,11636.9
2009-11-24,11539.6
2009-11-23,11624.0
2009-11-20,11579.3
2009-11-19,11600.3
2009-11-18,11652.7
2009-11-17,11630.0
2009-11-16,11512.3
2009-11-13,11407.7
2009-11-12,11360.8
2009-11-11,11439.8
2009-11-10,11426.7
2009-11-09,11486.9
2009-11-06,11250.4
2009-11-05,11180.7
2009-11-04,11071.2
2009-11-03,11025.9
2009-11-02,10878.4
2009-10-30,10910.8
2009-10-29,11075.2
2009-10-28,10805.3
2009-10-27,11053.5
2009-10-26,11234.9
2009-10-23,11382.1
2009-10-22,11533.4
2009-10-21,11442.0
2009-10-20,11538.1
2009-10-19,11538.4
2009-10-16,11504.8
2009-10-15,11504.5
2009-10-14,11532.8
2009-10-13,11413.5
2009-10-12,11436.9
2009-10-09,11436.9
2009-10-08,11484.5
2009-10-07,11349.9
2009-10-06,11248.0
2009-10-05,11102.6
2009-10-02,10958.3
2009-10-01,11071.8
2009-09-30,11395.0
2009-09-29,11395.0
2009-09-28,11338.7
2009-09-25,11212.4
2009-09-24,11285.8
2009-09-23,11517.5
2009-09-22,11585.7
2009-09-21,11424.6
2009-09-18,11446.0
2009-09-17,11528.2
2009-09-16,11555.6
2009-09-15,11495.8
2009-09-14,11332.0
2009-09-11,11253.2
2009-09-10,11155.0
2009-09-09,11000.2
2009-09-08,11105.3
2009-09-07,11017.5
2009-09-04,11017.5
2009-09-03,10921.5
2009-09-02,10701.3
2009-09-01,10689.8
2009-08-31,10868.2
2009-08-28,10978.0
2009-08-27,10934.0
2009-08-26,10912.2
2009-08-25,10920.5
2009-08-24,10790.0
2009-08-21,10831.2
2009-08-20,10700.5
2009-08-19,10686.8
2009-08-18,10673.8
2009-08-17,10531.6
2009-08-14,10848.0
2009-08-13,10825.6
2009-08-12,10659.9
2009-08-11,10629.5
2009-08-10,10793.7
2009-08-07,10885.3
2009-08-06,10793.4
2009-08-05,11046.9
2009-08-04,11018.1
2009-08-03,10787.2
2009-07-31,10787.2
2009-07-30,10676.7
2009-07-29,10455.3
2009-07-28,10570.5
2009-07-27,10757.4
2009-07-24,10687.9
2009-07-23,10675.7
2009-07-22,10432.4
2009-07-21,10515.3
2009-07-20,10540.7
2009-07-17,10369.4
2009-07-16,10304.4
2009-07-15,10215.5
2009-07-14,9986.2
2009-07-13,9891.9
2009-07-10,9747.1
2009-07-09,9773.9
2009-07-08,9653.5
2009-07-07,9844.4
2009-07-06,10027.4
2009-07-03,10283.1
2009-07-02,10245.9
2009-07-01,10374.9
2009-06-30,10374.9
2009-06-29,10476.8
2009-06-26,10389.8
2009-06-25,10355.9
2009-06-24,10100.9
2009-06-23,9896.7
2009-06-22,9834.2
2009-06-19,10288.0
2009-06-18,10121.5
2009-06-17,10066.1
2009-06-16,10307.4
2009-06-15,10394.8
2009-06-12,10645.0
2009-06-11,10714.1
2009-06-10,10598.0
2009-06-09,10547.9
2009-06-08,10549.1
2009-06-05,10569.3
2009-06-04,10477.2
2009-06-03,10290.1
2009-06-02,10588.8
2009-06-01,10604.1
2009-05-29,10370.1
2009-05-28,10392.4
2009-05-27,10142.2
2009-05-26,10285.9
2009-05-25,10069.5
2009-05-22,9993.4
2009-05-21,9949.6
2009-05-20,10232.4
2009-05-19,10101.0
2009-05-18,9762.9
2009-05-15,9762.9
2009-05-14,9849.2
2009-05-13,9709.5
2009-05-12,10077.7
2009-05-11,10094.1
2009-05-08,10238.0
2009-05-07,9967.1
2009-05-06,10143.4
2009-05-05,9880.7
2009-05-04,9870.4
2009-05-01,9497.0
2009-04-30,9324.8
2009-04-29,9416.3
2009-04-28,9348.0
2009-04-27,9394.8
2009-04-24,9549.5
2009-04-23,9409.5
2009-04-22,9279.2
2009-04-21,9247.2
2009-04-20,9126.2
2009-04-17,9437.7
2009-04-16,9343.4
2009-04-15,9246.1
2009-04-14,9231.6
2009-04-13,9285.6
2009-04-09,9187.1
2009-04-08,8969.3
2009-04-07,8824.8
2009-04-06,9016.2
2009-04-03,9065.8
2009-04-02,9073.1
2009-04-01,8941.8
2009-03-31,8720.4
2009-03-30,8596.2
2009-03-27,8821.1
2009-03-26,8995.5
2009-03-25,8797.4
2009-03-24,8849.4
2009-03-23,8958.5
2009-03-20,8506.4
2009-03-19,8690.5
2009-03-18,8629.1
2009-03-17,8559.6
2009-03-16,8386.7
2009-03-13,8303.4
2009-03-12,8282.3
2009-03-11,8011.0
2009-03-10,7880.4
2009-03-09,7566.9
2009-03-06,7591.5
2009-03-05,7629.2
2009-03-04,7814.8
2009-03-03,7631.6
2009-03-02,7687.5
2009-02-27,8123.0
2009-02-26,8186.8
2009-02-25,7932.3
2009-02-24,7859.3
2009-02-23,7647.7
2009-02-20,7950.0
2009-02-19,8185.4
2009-02-18,8176.0
2009-02-17,8378.7
2009-02-13,8678.1
2009-02-12,8778.8
2009-02-11,8737.9
2009-02-10,8817.9
2009-02-09,9047.3
2009-02-06,9008.0
2009-02-05,8861.0
2009-02-04,8693.1
2009-02-03,8628.6
2009-02-02,8624.8
2009-01-30,8694.9
2009-01-29,8762.8
2009-01-28,8906.2
2009-01-27,8759.6
2009-01-26,8656.5
2009-01-23,8628.0
2009-01-22,8486.6
2009-01-21,8757.9
2009-01-20,8504.9
2009-01-19,8841.5
2009-01-16,8920.4
2009-01-15,8879.6
2009-01-14,8688.4
2009-01-13,8961.6
2009-01-12,8793.3
2009-01-09,9085.2
2009-01-08,9221.6
2009-01-07,9121.3
2009-01-06,9472.1
2009-01-05,9285.5
2009-01-02,9234.1
2008-12-31,8987.7
2008-12-30,8830.7
2008-12-29,8637.3
2008-12-26,8310.6
2008-12-24,8310.6
2008-12-23,8311.9
2008-12-22,8249.5
2008-12-19,8552.0
2008-12-18,8425.4
2008-12-17,8724.1
2008-12-16,8724.1
2008-12-15,8461.8
2008-12-12,8515.5
2008-12-11,8391.9
2008-12-10,8634.0
2008-12-09,8397.6
2008-12-08,8567.1
2008-12-05,8117.0
2008-12-04,8057.8
2008-12-03,8297.0
2008-12-02,8327.8
2008-12-01,8406.2
2008-11-28,9270.6
2008-11-27,8753.8
2008-11-26,8643.5
2008-11-25,8442.9
2008-11-24,8440.9
2008-11-21,8155.4
2008-11-20,7724.8
2008-11-19,8490.6
2008-11-18,8835.7
2008-11-17,8795.5
2008-11-14,9056.0
2008-11-13,9352.8
2008-11-12,8922.6
2008-11-11,9424.0
2008-11-10,9688.8
2008-11-07,9596.2
2008-11-06,9555.4
2008-11-05,9887.2
2008-11-04,10116.6
2008-11-03,9721.3
2008-10-31,9762.8
2008-10-30,9856.2
2008-10-29,9501.6
2008-10-28,9151.6
2008-10-27,8537.3
2008-10-24,9294.1
2008-10-23,9331.4
2008-10-22,9236.9
2008-10-21,9795.8
2008-10-20,10251.4
2008-10-17,9562.5
2008-10-16,9270.0
2008-10-15,9323.9
2008-10-14,9955.7
2008-10-13,9065.2
2008-10-10,9065.2
2008-10-09,9600.2
2008-10-08,10056.3
2008-10-07,9829.6
2008-10-06,10230.4
2008-10-03,10803.4
2008-10-02,10900.5
2008-10-01,11714.5
2008-09-30,11752.9
2008-09-29,11285.1
2008-09-26,12126.0
2008-09-25,12546.5
2008-09-24,12513.4
2008-09-23,12532.6
2008-09-22,12638.1
2008-09-19,12913.0
2008-09-18,12064.6
2008-09-17,11877.7
2008-09-16,12227.0
2008-09-15,12254.0
2008-09-12,12769.6
2008-09-11,12612.8
2008-09-10,12497.2
2008-09-09,12146.8
2008-09-08,12634.6
2008-09-05,12816.4
2008-09-04,12814.1
2008-09-03,13137.7
2008-09-02,13299.5
2008-08-29,13771.3
2008-08-28,13750.5
2008-08-27,13530.7
2008-08-26,13299.1
2008-08-25,13289.0
2008-08-22,13447.3
2008-08-21,13539.2
2008-08-20,13350.1
2008-08-19,13063.9
2008-08-18,13119.4
2008-08-15,13096.7
2008-08-14,13358.9
2008-08-13,13377.2
2008-08-12,13167.0
2008-08-11,13203.2
2008-08-08,13341.7
2008-08-07,13385.2
2008-08-06,13453.5
2008-08-05,13242.2
2008-08-04,13496.5
2008-08-01,13496.5
2008-07-31,13592.9
2008-07-30,13683.2
2008-07-29,13342.6
2008-07-28,13304.0
2008-07-25,13378.8
2008-07-24,13206.1
2008-07-23,13512.7
2008-07-22,13643.2
2008-07-21,13689.2
2008-07-18,13516.0
2008-07-17,13460.3
2008-07-16,13503.8
2008-07-15,13357.6
2008-07-14,13741.3
2008-07-11,13709.1
2008-07-10,13743.9
2008-07-09,13610.8
2008-07-08,13809.8
2008-07-07,13712.8
2008-07-04,14010.4
2008-07-03,14143.6
2008-07-02,14034.1
2008-07-01,14467.0
2008-06-30,14467.0
2008-06-27,14355.2
2008-06-26,14292.1
2008-06-25,14441.1
2008-06-24,14409.6
2008-06-23,14691.8
2008-06-20,14580.7
2008-06-19,14790.2
2008-06-18,15073.1
2008-06-17,15068.8
2008-06-16,14944.3
2008-06-13,14778.5
2008-06-12,14602.6
2008-06-11,14716.5
2008-06-10,14736.2
2008-06-09,14960.8
2008-06-06,14969.6
2008-06-05,14982.9
2008-06-04,14690.5
2008-06-03,14728.6
2008-06-02,14814.2
2008-05-30,14714.7
2008-05-29,14577.2
2008-05-28,14688.6
2008-05-27,14522.1
2008-05-26,14758.6
2008-05-23,14723.4
2008-05-22,14792.4
2008-05-21,14790.4
2008-05-20,15047.3
2008-05-19,14984.2
2008-05-16,14984.2
2008-05-15,14828.1
2008-05-14,14626.3
2008-05-13,14616.7
2008-05-12,14666.1
2008-05-09,14521.2
2008-05-08,14608.0
2008-05-07,14371.5
2008-05-06,14414.3
2008-05-05,14274.3
2008-05-02,14280.3
2008-05-01,14065.8
2008-04-30,13937.0
2008-04-29,13825.6
2008-04-28,14085.9
2008-04-25,14103.9
2008-04-24,13966.3
2008-04-23,14069.8
2008-04-22,14266.3
2008-04-21,14321.2
2008-04-18,14237.1
2008-04-17,14115.5
2008-04-16,14099.5
2008-04-15,13851.0
2008-04-14,13738.6
2008-04-11,13683.0
2008-04-10,13909.6
2008-04-09,13750.6
2008-04-08,13727.5
2008-04-07,13745.0
2008-04-04,13668.2
2008-04-03,13551.3
2008-04-02,13514.1
2008-04-01,13440.7
2008-03-31,13350.1
2008-03-28,13233.8
2008-03-27,13405.8
2008-03-26,13391.9
2008-03-25,13322.2
2008-03-24,13019.7
2008-03-20,12775.6
2008-03-19,12709.4
2008-03-18,13136.7
2008-03-17,12952.2
2008-03-14,13252.8
2008-03-13,13443.5
2008-03-12,13297.4
2008-03-11,13344.5
2008-03-10,13005.1
2008-03-07,13281.7
2008-03-06,13360.4
2008-03-05,13603.3
2008-03-04,13476.8
2008-03-03,13544.4
2008-02-29,13582.7
2008-02-28,13873.9
2008-02-27,13778.4
2008-02-26,13797.0
2008-02-25,13697.5
2008-02-22,13585.9
2008-02-21,13509.6
2008-02-20,13551.7
2008-02-19,13447.7
2008-02-15,13226.8
2008-02-14,13208.0
2008-02-13,13282.3
2008-02-12,13087.4
2008-02-11,13130.9
2008-02-08,12989.3
2008-02-07,12925.4
2008-02-06,12867.2
2008-02-05,12932.0
2008-02-04,13258.2
2008-02-01,13318.4
2008-01-31,13155.1
2008-01-30,12998.2
2008-01-29,13046.4
2008-01-28,12986.9
2008-01-25,12894.8
2008-01-24,12907.3
2008-01-23,12657.4
2008-01-22,12640.9
2008-01-21,12132.1
2008-01-18,12737.1
2008-01-17,12795.6
2008-01-16,13074.9
2008-01-15,13316.8
2008-01-14,13698.3
2008-01-11,13632.6
2008-01-10,13642.7
2008-01-09,13579.9
2008-01-08,13541.8
2008-01-07,13618.9
2008-01-04,13778.6
2008-01-03,13978.2
2008-01-02,13926.8
2007-12-31,13833.1
2007-12-28,13821.3
2007-12-27,13675.6
2007-12-26,13694.8
2007-12-24,13694.8
2007-12-21,13596.1
2007-12-20,13407.0
2007-12-19,13389.8
2007-12-18,13358.1
2007-12-17,13387.1
2007-12-14,13674.2
2007-12-13,13747.3
2007-12-12,13809.4
2007-12-11,13723.7
2007-12-10,13940.4
2007-12-07,13863.0
2007-12-06,13849.8
2007-12-05,13734.5
2007-12-04,13579.6
2007-12-03,13657.2
2007-11-30,13689.1
2007-11-29,13663.9
2007-11-28,13632.2
2007-11-27,13369.1
2007-11-26,13321.1
2007-11-23,13467.2
2007-11-22,13381.0
2007-11-21,13280.6
2007-11-20,13459.8
2007-11-19,13348.2
2007-11-16,13530.4
2007-11-15,13524.4
2007-11-14,13774.5
2007-11-13,13705.1
2007-11-12,13605.0
2007-11-09,13869.8
2007-11-08,14128.6
2007-11-07,14118.2
2007-11-06,14370.6
2007-11-05,14273.4
2007-11-02,14363.9
2007-11-01,14372.5
2007-10-31,14625.0
2007-10-30,14312.1
2007-10-29,14427.4
2007-10-26,14296.4
2007-10-25,14124.9
2007-10-24,14088.5
2007-10-23,14087.5
2007-10-22,14043.6
2007-10-19,14001.7
2007-10-18,14332.0
2007-10-17,14219.5
2007-10-16,14153.0
2007-10-15,14231.3
2007-10-12,14295.9
2007-10-11,14229.4
2007-10-10,14276.2
2007-10-09,14262.2
2007-10-08,14233.3
2007-10-05,14233.3
2007-10-04,14125.1
2007-10-03,14020.9
2007-10-02,14152.7
2007-10-01,14200.6
2007-09-28,14098.9
2007-09-27,14129.7
2007-09-26,14035.0
2007-09-25,13997.6
2007-09-24,13958.3
2007-09-21,13940.1
2007-09-20,13838.4
2007-09-19,13939.8
2007-09-18,14005.4
2007-09-17,13809.9
2007-09-14,13846.4
2007-09-13,13843.2
2007-09-12,13756.7
2007-09-11,13704.3
2007-09-10,13625.5
2007-09-07,13651.2
2007-09-06,13795.7
2007-09-05,13683.3
2007-09-04,13755.2
2007-08-31,13660.5
2007-08-30,13444.6
2007-08-29,13490.1
2007-08-28,13264.9
2007-08-27,13487.4
2007-08-24,13520.3
2007-08-23,13451.1
2007-08-22,13463.1
2007-08-21,13238.7
2007-08-20,13110.3
2007-08-17,13049.6
2007-08-16,12848.7
2007-08-15,13048.8
2007-08-14,13242.6
2007-08-13,13427.5
2007-08-10,13466.3
2007-08-09,13478.0
2007-08-08,13758.2
2007-08-07,13560.6
2007-08-06,13565.2
2007-08-03,13565.2
2007-08-02,13813.6
2007-08-01,13654.7
2007-07-31,13868.6
2007-07-30,13864.7
2007-07-27,13748.5
2007-07-26,13844.6
2007-07-25,14105.3
2007-07-24,14068.2
2007-07-23,14468.3
2007-07-20,14582.9
2007-07-19,14625.8
2007-07-18,14583.7
2007-07-17,14382.0
2007-07-16,14338.3
2007-07-13,14496.5
2007-07-12,14356.0
2007-07-11,14166.1
2007-07-10,14131.9
2007-07-09,14177.5
2007-07-06,14118.7
2007-07-05,14079.4
2007-07-04,14060.4
2007-07-03,14064.7
2007-07-02,13906.6
2007-06-29,13906.6
2007-06-28,13715.7
2007-06-27,13741.9
2007-06-26,13663.9
2007-06-25,13841.9
2007-06-22,13986.0
2007-06-21,14095.7
2007-06-20,13978.2
2007-06-19,14119.5
2007-06-18,14176.4
2007-06-15,14137.4
2007-06-14,14002.0
2007-06-13,13859.5
2007-06-12,13724.3
2007-06-11,13832.8
2007-06-08,13798.5
2007-06-07,13703.9
2007-06-06,13941.6
2007-06-05,14141.7
2007-06-04,14146.7
2007-06-01,14119.4
2007-05-31,14056.8
2007-05-30,14081.7
2007-05-29,13962.7
2007-05-28,14073.7
2007-05-25,14024.1
2007-05-24,13946.3
2007-05-23,14142.5
2007-05-22,14112.2
2007-05-21,14105.3
2007-05-18,14105.3
2007-05-17,14100.7
2007-05-16,14025.0
2007-05-15,13934.6
2007-05-14,13903.3
2007-05-11,14003.8
2007-05-10,13853.1
2007-05-09,13895.2
2007-05-08,13915.4
2007-05-07,13865.5
2007-05-04,13769.9
2007-05-03,13687.0
2007-05-02,13578.7
2007-05-01,13406.3
2007-04-30,13416.7
2007-04-27,13632.0
2007-04-26,13597.5
2007-04-25,13672.9
2007-04-24,13590.3
2007-04-23,13629.0
2007-04-20,13664.7
2007-04-19,13574.7
2007-04-18,13712.0
2007-04-17,13658.0
2007-04-16,13660.0
2007-04-13,13578.6
2007-04-12,13499.7
2007-04-11,13401.0
2007-04-10,13431.3
2007-04-09,13482.3
2007-04-05,13425.0
2007-04-04,13448.3
2007-04-03,13361.2
2007-04-02,13265.8
2007-03-30,13165.5
2007-03-29,13258.0
2007-03-28,13197.2
2007-03-27,13218.8
2007-03-26,13302.9
2007-03-23,13237.7
2007-03-22,13139.6
2007-03-21,13155.6
2007-03-20,12977.4
2007-03-19,13011.7
2007-03-16,12829.7
2007-03-15,12874.3
2007-03-14,12808.7
2007-03-13,12809.6
2007-03-12,13065.2
2007-03-09,13057.4
2007-03-08,13051.0
2007-03-07,12989.6
2007-03-06,12868.2
2007-03-05,12711.3
2007-03-02,12863.3
2007-03-01,12981.1
2007-02-28,13045.0
2007-02-27,13040.1
2007-02-26,13404.5
2007-02-23,13343.5
2007-02-22,13318.0
2007-02-21,13330.3
2007-02-20,13319.7
2007-02-19,13291.5
2007-02-16,13312.0
2007-02-15,13288.2
2007-02-14,13204.5
2007-02-13,13171.8
2007-02-12,13040.5
2007-02-09,13084.0
2007-02-08,13184.3
2007-02-07,13142.3
2007-02-06,13183.3
2007-02-05,13166.7
2007-02-02,13111.6
2007-02-01,13144.7
2007-01-31,13034.1
2007-01-30,13014.6
2007-01-29,12946.0
2007-01-26,12979.3
2007-01-25,12927.3
2007-01-24,13010.7
2007-01-23,12910.9
2007-01-22,12705.8
2007-01-19,12719.0
2007-01-18,12640.7
2007-01-17,12730.4
2007-01-16,12720.3
2007-01-15,12755.4
2007-01-12,12678.8
2007-01-11,12519.9
2007-01-10,12457.6
2007-01-09,12468.0
2007-01-08,12553.1
2007-01-05,12478.0
2007-01-04,12553.6
2007-01-03,12701.4
2007-01-02,12923.7
2006-12-29,12908.4
2006-12-28,12909.5
2006-12-27,12852.6
2006-12-26,12718.2
2006-12-22,12718.2
2006-12-21,12737.2
2006-12-20,12783.0
2006-12-19,12781.5
2006-12-18,12785.2
2006-12-15,12866.3
2006-12-14,13021.8
2006-12-13,12910.3
2006-12-12,12858.5
2006-12-11,12878.2
2006-12-08,12899.6
2006-12-07,12915.7
2006-12-06,12889.8
2006-12-05,12895.9
2006-12-04,12848.7
2006-12-01,12754.8
2006-11-30,12752.4
2006-11-29,12668.2
2006-11-28,12530.9
2006-11-27,12542.5
2006-11-24,12631.1
2006-11-23,12644.9
2006-11-22,12557.0
2006-11-21,12602.3
2006-11-20,12416.6
2006-11-17,12372.9
2006-11-16,12365.9
2006-11-15,12425.4
2006-11-14,12279.6
2006-11-13,12309.4
2006-11-10,12340.5
2006-11-09,12410.2
2006-11-08,12378.2
2006-11-07,12310.2
2006-11-06,12333.3
2006-11-03,12239.0
2006-11-02,12130.7
2006-11-01,12050.4
2006-10-31,12344.6
2006-10-30,12274.4
2006-10-27,12268.9
2006-10-26,12335.7
2006-10-25,12341.7
2006-10-24,12195.5
2006-10-23,12119.2
2006-10-20,12035.6
2006-10-19,12060.6
2006-10-18,11966.0
2006-10-17,11996.6
2006-10-16,12061.5
2006-10-13,11908.6
2006-10-12,11719.1
2006-10-11,11619.1
2006-10-10,11755.2
2006-10-09,11690.9
2006-10-06,11690.9
2006-10-05,11750.0
2006-10-04,11618.1
2006-10-03,11526.1
2006-10-02,11787.4
2006-09-29,11761.3
2006-09-28,11817.4
2006-09-27,11751.6
2006-09-26,11642.4
2006-09-25,11582.7
2006-09-22,11581.6
2006-09-21,11627.7
2006-09-20,11635.4
2006-09-19,11701.7
2006-09-18,11763.6
2006-09-15,11656.0
2006-09-14,11648.7
2006-09-13,11777.2
2006-09-12,11678.9
2006-09-11,11656.6
2006-09-08,11869.6
2006-09-07,11895.0
2006-09-06,11999.7
2006-09-05,12198.6
2006-09-01,12145.1
2006-08-31,12073.8
2006-08-30,12068.4
2006-08-29,12060.5
2006-08-28,12167.4
2006-08-25,12119.8
2006-08-24,12132.3
2006-08-23,12195.1
2006-08-22,12201.2
2006-08-21,12136.9
2006-08-18,12044.8
2006-08-17,12056.0
2006-08-16,12030.3
2006-08-15,11977.2
2006-08-14,11850.2
2006-08-11,11944.9
2006-08-10,11959.1
2006-08-09,12008.2
2006-08-08,11998.2
2006-08-07,11936.7
2006-08-04,11936.7
2006-08-03,11936.7
2006-08-02,11969.9
2006-08-01,11907.7
2006-07-31,11831.0
2006-07-28,11823.7
2006-07-27,11758.9
2006-07-26,11879.6
2006-07-25,11754.6
2006-07-24,11625.2
2006-07-21,11418.3
2006-07-20,11465.5
2006-07-19,11619.6
2006-07-18,11471.7
2006-07-17,11480.6
2006-07-14,11630.0
2006-07-13,11601.9
2006-07-12,11771.1
2006-07-11,11793.0
2006-07-10,11654.7
2006-07-07,11631.9
2006-07-06,11602.0
2006-07-05,11626.4
2006-07-04,11733.2
2006-07-03,11612.9
2006-06-30,11612.9
2006-06-29,11520.9
2006-06-28,11332.3
2006-06-27,11293.2
2006-06-26,11372.2
2006-06-23,11249.0
2006-06-22,11130.2
2006-06-21,11112.8
2006-06-20,10995.5
2006-06-19,11007.6
2006-06-16,11208.0
2006-06-15,11213.2
2006-06-14,10960.7
2006-06-13,10904.3
2006-06-12,11197.6
2006-06-09,11390.7
2006-06-08,11415.5
2006-06-07,11475.4
2006-06-06,11666.1
2006-06-05,11699.5
2006-06-02,11898.7
2006-06-01,11847.0
2006-05-31,11744.5
2006-05-30,11705.4
2006-05-29,11845.5
2006-05-26,11762.8
2006-05-25,11653.0
2006-05-24,11423.9
2006-05-23,11539.9
2006-05-22,11545.8
2006-05-19,11545.8
2006-05-18,11540.0
2006-05-17,11640.6
2006-05-16,11829.4
2006-05-15,11831.7
2006-05-12,12038.1
2006-05-11,12165.4
2006-05-10,12316.3
2006-05-09,12328.2
2006-05-08,12294.2
2006-05-05,12270.1
2006-05-04,12125.9
2006-05-03,12196.2
2006-05-02,12274.5
2006-05-01,12234.6
2006-04-28,12204.2
2006-04-27,12187.7
2006-04-26,12321.7
2006-04-25,12329.8
2006-04-24,12342.2
2006-04-21,12437.2
2006-04-20,12313.7
2006-04-19,12487.3
2006-04-18,12446.8
2006-04-17,12309.0
2006-04-13,12248.6
2006-04-12,12167.7
2006-04-11,12177.3
2006-04-10,12289.7
2006-04-07,12241.2
2006-04-06,12342.0
2006-04-05,12299.1
2006-04-04,12174.1
2006-04-03,12210.9
2006-03-31,12110.6
2006-03-30,12207.0
2006-03-29,12190.6
2006-03-28,12048.8
2006-03-27,12078.5
2006-03-24,12111.1
2006-03-23,12017.9
2006-03-22,11970.7
2006-03-21,11947.6
2006-03-20,11929.3
2006-03-17,12000.7
2006-03-16,12085.7
2006-03-15,12055.6
2006-03-14,11973.3
2006-03-13,11906.7
2006-03-10,11833.6
2006-03-09,11765.3
2006-03-08,11737.1
2006-03-07,11816.5
2006-03-06,11883.3
2006-03-03,11978.7
2006-03-02,11906.9
2006-03-01,11794.6
2006-02-28,11688.3
2006-02-27,11706.5
2006-02-24,11810.6
2006-02-23,11738.6
2006-02-22,11800.2
2006-02-21,11826.4
2006-02-20,11865.8
2006-02-17,11758.0
2006-02-16,11704.3
2006-02-15,11557.3
2006-02-14,11616.4
2006-02-13,11519.5
2006-02-10,11651.7
2006-02-09,11709.3
2006-02-08,11735.1
2006-02-07,11817.3
2006-02-06,12080.5
2006-02-03,11937.6
2006-02-02,11929.9
2006-02-01,11952.1
2006-01-31,11945.6
2006-01-30,11947.5
2006-01-27,11856.8
2006-01-26,11737.4
2006-01-25,11675.2
2006-01-24,11692.4
2006-01-23,11733.4
2006-01-20,11605.7
2006-01-19,11693.0
2006-01-18,11554.5
2006-01-17,11689.6
2006-01-16,11721.0
2006-01-13,11604.8
2006-01-12,11595.2
2006-01-11,11621.0
2006-01-10,11597.6
2006-01-09,11565.2
2006-01-06,11620.5
2006-01-05,11507.7
2006-01-04,11501.5
2006-01-03,11441.6
2005-12-30,11272.3
2005-12-29,11296.3
2005-12-28,11261.2
2005-12-27,11245.4
2005-12-23,11245.4
2005-12-22,11255.4
2005-12-21,11247.3
2005-12-20,11180.6
2005-12-19,11154.3
2005-12-16,11136.6
2005-12-15,11092.8
2005-12-14,11095.8
2005-12-13,11137.4
2005-12-12,11099.3
2005-12-09,11132.0
2005-12-08,11167.2
2005-12-07,11131.4
2005-12-06,11096.8
2005-12-05,11008.8
2005-12-02,11005.2
2005-12-01,10999.6
2005-11-30,10824.1
2005-11-29,10942.6
2005-11-28,10939.2
2005-11-25,11002.6
2005-11-24,11081.8
2005-11-23,10919.8
2005-11-22,10892.8
2005-11-21,10817.3
2005-11-18,10722.1
2005-11-17,10733.1
2005-11-16,10727.0
2005-11-15,10628.9
2005-11-14,10684.7
2005-11-11,10669.4
2005-11-10,10565.3
2005-11-09,10656.5
2005-11-08,10616.2
2005-11-07,10681.2
2005-11-04,10674.8
2005-11-03,10672.6
2005-11-02,10585.7
2005-11-01,10390.8
2005-10-31,10383.3
2005-10-28,10312.3
2005-10-27,10245.5
2005-10-26,10283.7
2005-10-25,10363.7
2005-10-24,10360.8
2005-10-21,10290.9
2005-10-20,10190.7
2005-10-19,10425.8
2005-10-18,10345.1
2005-10-17,10553.4
2005-10-14,10488.8
2005-10-13,10429.7
2005-10-12,10493.1
2005-10-11,10620.5
2005-10-10,10612.2
2005-10-07,10612.2
2005-10-06,10562.2
2005-10-05,10748.1
2005-10-04,10960.6
2005-10-03,11081.2
2005-09-30,11011.8
2005-09-29,11018.5
2005-09-28,11042.3
2005-09-27,11067.2
2005-09-26,11005.5
2005-09-23,10904.3
2005-09-22,10870.8
2005-09-21,10957.1
2005-09-20,10903.5
2005-09-19,11024.7
2005-09-16,10990.6
2005-09-15,10966.3
2005-09-14,10932.4
2005-09-13,10825.2
2005-09-12,10885.2
2005-09-09,10898.2
2005-09-08,10777.2
2005-09-07,10810.1
2005-09-06,10798.1
2005-09-02,10771.9
2005-09-01,10813.3
2005-08-31,10668.9
2005-08-30,10573.1
2005-08-29,10558.4
2005-08-26,10484.1
2005-08-25,10538.9
2005-08-24,10509.7
2005-08-23,10480.0
2005-08-22,10525.5
2005-08-19,10502.1
2005-08-18,10391.3
2005-08-17,10500.7
2005-08-16,10534.8
2005-08-15,10650.7
2005-08-12,10683.1
2005-08-11,10699.9
2005-08-10,10671.4
2005-08-09,10585.9
2005-08-08,10614.4
2005-08-05,10550.5
2005-08-04,10626.7
2005-08-03,10598.8
2005-08-02,10621.2
2005-08-01,10422.9
2005-07-29,10422.9
2005-07-28,10516.2
2005-07-27,10500.7
2005-07-26,10367.9
2005-07-25,10362.6
2005-07-22,10374.8
2005-07-21,10317.7
2005-07-20,10329.6
2005-07-19,10263.2
2005-07-18,10163.0
2005-07-15,10149.0
2005-07-14,10124.9
2005-07-13,10203.6
2005-07-12,10207.9
2005-07-11,10217.7
2005-07-08,10177.9
2005-07-07,10121.0
2005-07-06,10111.9
2005-07-05,10075.1
2005-07-04,9941.8
2005-07-01,9902.8
2005-06-30,9902.8
2005-06-29,10029.3
2005-06-28,10041.0
2005-06-27,9998.1
2005-06-24,9996.2
2005-06-23,9998.4
2005-06-22,10051.5
2005-06-21,9939.2
2005-06-20,9998.1
2005-06-17,9947.6
2005-06-16,9968.7
2005-06-15,9866.6
2005-06-14,9822.9
2005-06-13,9839.9
2005-06-10,9790.1
2005-06-09,9763.4
2005-06-08,9707.9
2005-06-07,9656.2
2005-06-06,9654.0
2005-06-03,9671.2
2005-06-02,9626.6
2005-06-01,9654.2
2005-05-31,9607.3
2005-05-30,9673.2
2005-05-27,9619.4
2005-05-26,9579.1
2005-05-25,9509.5
2005-05-24,9518.4
2005-05-23,9452.2
2005-05-20,9452.2
2005-05-19,9469.8
2005-05-18,9407.8
2005-05-17,9371.4
2005-05-16,9323.3
2005-05-13,9278.5
2005-05-12,9331.7
2005-05-11,9446.4
2005-05-10,9493.6
2005-05-09,9561.2
2005-05-06,9522.7
2005-05-05,9476.3
2005-05-04,9473.3
2005-05-03,9371.0
2005-05-02,9430.2
2005-04-29,9369.3
2005-04-28,9275.1
2005-04-27,9323.5
2005-04-26,9427.7
2005-04-25,9416.1
2005-04-22,9367.5
2005-04-21,9405.8
2005-04-20,9378.1
2005-04-19,9415.7
2005-04-18,9331.0
2005-04-15,9277.1
2005-04-14,9409.6
2005-04-13,9492.1
2005-04-12,9629.0
2005-04-11,9643.7
2005-04-08,9623.7
2005-04-07,9625.4
2005-04-06,9673.0
2005-04-05,9619.1
2005-04-04,9630.9
2005-04-01,9638.6
2005-03-31,9612.4
2005-03-30,9484.3
2005-03-29,9395.4
2005-03-28,9482.4
2005-03-24,9533.1
2005-03-23,9549.7
2005-03-22,9647.2
2005-03-21,9693.6
2005-03-18,9754.7
2005-03-17,9778.2
2005-03-16,9712.6
2005-03-15,9709.3
2005-03-14,9715.4
2005-03-11,9691.4
2005-03-10,9675.6
2005-03-09,9795.1
2005-03-08,9903.3
2005-03-07,9886.1
2005-03-04,9927.2
2005-03-03,9859.5
2005-03-02,9800.1
2005-03-01,9728.0
2005-02-28,9668.3
2005-02-25,9741.4
2005-02-24,9657.7
2005-02-23,9675.7
2005-02-22,9640.5
2005-02-21,9682.3
2005-02-18,9658.8
2005-02-17,9619.3
2005-02-16,9639.6
2005-02-15,9570.0
2005-02-14,9585.2
2005-02-11,9558.5
2005-02-10,9496.4
2005-02-09,9402.6
2005-02-08,9392.7
2005-02-07,9371.9
2005-02-04,9358.3
2005-02-03,9303.7
2005-02-02,9303.9
2005-02-01,9270.1
2005-01-31,9204.1
2005-01-28,9141.8
2005-01-27,9174.4
2005-01-26,9162.4
2005-01-25,9125.1
2005-01-24,9078.2
2005-01-21,9086.8
2005-01-20,9089.0
2005-01-19,9120.4
2005-01-18,9134.8
2005-01-17,9063.8
2005-01-14,9057.2
2005-01-13,9009.1
2005-01-12,9022.7
2005-01-11,9020.7
2005-01-10,9026.8
2005-01-07,9006.2
2005-01-06,9064.3
2005-01-05,9021.1
2005-01-04,9143.0
2005-01-03,9246.7
